Lastupdated,Status_Timestamp,Zone_Number,Status_Description,KerbsideID,Location
2025-05-08T15:44:34+10:00,2025-04-14T13:01:40+10:00,7218,Unoccupied,57940,"-37.82027020009988, 144.95458322910955"
2025-05-08T15:44:34+10:00,2024-03-07T07:13:57+11:00,,Present,23372,"-37.818697732486505, 144.95573756544826"
2025-05-08T15:44:34+10:00,2025-04-14T06:29:07+10:00,7219,Present,69943,"-37.82250487011976, 144.95216400545675"
2025-05-08T15:44:34+10:00,2025-04-14T12:56:13+10:00,7219,Present,69946,"-37.82253375737386, 144.95206800770742"
2025-04-09T09:44:37+10:00,2024-06-17T07:36:41+10:00,7081,Unoccupied,8396,"-37.80684173874762, 144.97325296739342"
2024-12-30T11:44:37+11:00,2024-08-18T18:23:46+10:00,7394,Unoccupied,9344,"-37.80494402936792, 144.95916129121264"
2025-01-10T13:44:36+11:00,2024-08-14T19:22:05+10:00,7392,Unoccupied,9373,"-37.80329074425858, 144.95836336946644"
2024-12-05T10:44:37+11:00,2024-11-28T13:30:57+11:00,7084,Present,8735,"-37.80223335664963, 144.96120480793184"
2024-12-05T10:44:37+11:00,2024-11-28T10:23:40+11:00,7084,Unoccupied,8749,"-37.80230361629087, 144.9618505999636"
2025-01-09T16:44:36+11:00,2023-08-21T10:09:03+10:00,7800,Present,24505,"-37.79756250415984, 144.95759881813447"
2025-01-10T13:44:36+11:00,2024-12-17T07:23:55+11:00,7392,Unoccupied,9382,"-37.80269858597897, 144.95808982173668"
2025-01-09T16:44:36+11:00,2024-03-22T20:43:24+11:00,7800,Present,24510,"-37.797278817028555, 144.9576354188943"
2025-01-21T14:42:37+11:00,2025-01-19T10:01:01+11:00,7049,Unoccupied,10290,"-37.79511384563001, 144.97151325560708"
2024-12-05T10:44:37+11:00,2024-11-28T13:57:41+11:00,7084,Present,8738,"-37.80224848587544, 144.961350677226"
2024-12-05T10:44:37+11:00,2024-11-28T09:25:48+11:00,7084,Unoccupied,8742,"-37.80226817919086, 144.96152667783582"
2024-12-05T10:44:37+11:00,2024-11-28T13:22:55+11:00,7084,Present,8752,"-37.80225168938629, 144.9613799225275"
2024-12-05T10:44:37+11:00,2024-11-28T13:50:49+11:00,7084,Present,8754,"-37.802216688584906, 144.9610582939215"
2025-05-08T15:44:34+10:00,2025-04-14T12:43:29+10:00,7218,Unoccupied,57937,"-37.820423666254094, 144.95465361283914"
2025-05-08T15:44:34+10:00,2024-03-07T13:08:19+11:00,7354,Unoccupied,6369,"-37.81867994915778, 144.95579934684184"
2025-05-08T15:44:34+10:00,2025-04-14T12:59:41+10:00,7218,Unoccupied,57935,"-37.82053114138522, 144.95470260915596"
2025-06-10T09:44:34+10:00,2025-06-08T09:47:02+10:00,7674,Present,51826,"-37.81452552939284, 144.96888722038625"
2025-02-13T16:44:36+11:00,2025-02-13T09:59:26+11:00,,Present,56623,"-37.8198237617609, 144.95718394732322"
2025-06-13T09:44:34+10:00,2023-01-16T04:01:33+11:00,7985,Unoccupied,13140,"-37.80851645356166, 144.95258961438321"
2025-07-07T11:44:34+10:00,2025-07-01T13:46:17+10:00,7930,Unoccupied,9729,"-37.81063959801361, 144.9489331896371"
2025-07-07T11:44:34+10:00,2025-07-01T12:13:46+10:00,7930,Unoccupied,9733,"-37.81054201993924, 144.9491897644944"
2025-06-26T12:44:34+10:00,2025-06-16T12:24:45+10:00,7610,Present,54552,"-37.81237112920085, 144.95937491992544"
2025-06-26T12:44:34+10:00,2025-06-16T13:46:43+10:00,7610,Present,54549,"-37.81253584741609, 144.9594489033752"
2025-06-26T12:44:34+10:00,2025-06-19T07:42:46+10:00,7610,Unoccupied,54540,"-37.81217897491937, 144.95941197530533"
2025-06-26T11:44:34+10:00,2025-06-16T12:46:20+10:00,7610,Present,54533,"-37.812367060737046, 144.95949773385078"
2025-07-07T11:44:34+10:00,2025-07-01T10:14:29+10:00,7930,Present,9737,"-37.81032697555239, 144.94975449627862"
2025-07-07T11:44:34+10:00,2025-07-07T10:46:18+10:00,7936,Unoccupied,11421,"-37.812166585331795, 144.95051937945937"
2025-07-07T11:44:34+10:00,2025-07-01T14:33:52+10:00,7930,Present,9728,"-37.81066100459809, 144.9488768305477"
2025-07-07T11:44:34+10:00,2025-07-07T11:25:49+10:00,7936,Unoccupied,11422,"-37.81214783966169, 144.95058571399068"
2025-07-07T11:44:34+10:00,2025-07-07T07:47:33+10:00,,Present,24527,"-37.81221182156042, 144.9507336003042"
2025-03-26T14:44:37+11:00,2025-03-26T06:39:30+11:00,7297,Present,18078,"-37.80801480988396, 144.9728282657369"
2025-03-26T14:44:37+11:00,2025-03-26T11:55:47+11:00,7297,Present,18170,"-37.8079726365175, 144.9724521673065"
2025-01-22T14:44:37+11:00,2024-10-02T09:28:21+10:00,7549,Present,66016,"-37.81005359443116, 144.96596691247518"
2025-03-26T14:44:37+11:00,2025-03-26T14:31:13+11:00,7297,Present,18074,"-37.80798108806593, 144.97252750218678"
2025-01-22T14:44:37+11:00,2024-10-02T09:26:43+10:00,7549,Present,66021,"-37.81014835868348, 144.9656417510855"
2025-01-22T14:44:37+11:00,2024-10-11T14:57:28+11:00,7550,Present,66075,"-37.81042604580227, 144.96487703053606"
2025-06-23T15:44:34+10:00,2025-02-28T14:48:11+11:00,7923,Unoccupied,10831,"-37.807064001548014, 144.95493798507198"
2025-05-08T15:44:34+10:00,2025-04-14T12:23:15+10:00,7218,Present,57938,"-37.82037346768652, 144.95463055373497"
2025-05-08T15:44:34+10:00,2025-04-14T11:50:21+10:00,7219,Present,69975,"-37.82248932751718, 144.95277816994894"
2025-03-25T10:44:37+11:00,2025-03-12T05:58:00+11:00,,Present,17697,"-37.82079972059559, 144.94085212969856"
2025-06-13T09:44:34+10:00,2025-06-11T14:25:36+10:00,7993,Present,11268,"-37.80618678855514, 144.95399001619174"
2025-06-13T09:44:34+10:00,2025-06-12T17:45:52+10:00,7988,Present,11239,"-37.80648908388493, 144.95387619148622"
2025-06-26T12:44:34+10:00,2025-06-16T12:55:00+10:00,7610,Present,54547,"-37.812636087207736, 144.9594936414532"
2025-04-09T09:44:37+10:00,2025-04-07T10:47:07+10:00,7081,Unoccupied,8395,"-37.80689361854845, 144.97324406030737"
2024-12-05T10:44:37+11:00,2024-11-28T14:03:02+11:00,7084,Present,8731,"-37.80221348499492, 144.96102904863818"
2024-12-05T10:44:37+11:00,2024-11-28T13:53:41+11:00,7084,Unoccupied,8736,"-37.802242080448615, 144.96129218606376"
2024-12-05T10:44:37+11:00,2024-11-28T13:57:26+11:00,7084,Unoccupied,8737,"-37.802245282357404, 144.9613214313597"
2024-12-05T10:44:37+11:00,2024-11-27T21:09:44+11:00,7084,Unoccupied,8739,"-37.80225856919544, 144.9614389418973"
2024-12-05T10:44:37+11:00,2024-11-27T19:40:20+11:00,7084,Unoccupied,8740,"-37.80226177268457, 144.96146818720734"
2024-12-05T10:44:37+11:00,2024-10-20T00:31:48+11:00,7084,Unoccupied,8751,"-37.80228717056752, 144.96170212543996"
2024-12-05T10:44:37+11:00,2024-11-28T12:15:59+11:00,7084,Unoccupied,8743,"-37.802277599315886, 144.96161438831626"
2024-12-05T10:44:37+11:00,2024-11-28T14:14:47+11:00,7084,Present,8750,"-37.802271382658404, 144.96155592654753"
2024-12-30T11:44:37+11:00,2024-08-21T13:58:04+10:00,7394,Present,9347,"-37.805096352997225, 144.95923156155152"
2024-12-30T11:44:37+11:00,2024-07-05T21:02:23+10:00,7520,Unoccupied,9356,"-37.804990182314754, 144.9586637442418"
2024-12-30T11:44:37+11:00,2024-01-18T13:58:11+11:00,7520,Unoccupied,9367,"-37.80568474625133, 144.9589842734913"
2024-12-30T11:44:37+11:00,2024-08-11T21:07:54+10:00,7394,Unoccupied,9345,"-37.80499480404235, 144.9591846617755"
2024-12-30T11:44:37+11:00,2024-03-31T23:33:16+11:00,,Present,9351,"-37.80570432547628, 144.95951121701592"
2024-12-30T11:44:37+11:00,2024-08-20T17:55:24+10:00,7520,Unoccupied,9366,"-37.805633939220755, 144.95896100249817"
2025-02-13T16:44:36+11:00,2023-11-29T10:35:32+11:00,,Present,6934,"-37.82008789716498, 144.95730555908776"
2025-01-21T14:42:37+11:00,2025-01-21T13:13:44+11:00,7053,Unoccupied,10287,"-37.79491926425749, 144.97141229186371"
2025-01-21T14:42:37+11:00,2025-01-21T10:53:13+11:00,7049,Unoccupied,10295,"-37.795245956927744, 144.9727365528309"
2025-01-21T14:42:37+11:00,2025-01-21T07:40:40+11:00,7049,Unoccupied,10294,"-37.795229039525836, 144.97258333501773"
2025-01-21T14:42:37+11:00,2025-01-21T11:17:55+11:00,7049,Present,10296,"-37.79525835643487, 144.97284901920167"
2025-01-21T14:42:37+11:00,2025-01-21T14:10:07+11:00,7049,Unoccupied,24425,"-37.79517932433332, 144.9721162023573"
2025-01-22T14:44:37+11:00,2024-10-11T14:47:55+11:00,7549,Present,66025,"-37.81022571352348, 144.9653774046867"
2025-01-22T14:44:37+11:00,2024-10-02T09:17:12+10:00,7549,Unoccupied,66061,"-37.8101691211248, 144.9657566431519"
2025-01-22T14:44:37+11:00,2024-05-03T13:56:57+10:00,,Unoccupied,22776,"-37.82337001046017, 144.96661886495528"
2025-01-22T14:44:37+11:00,2024-10-11T16:10:42+11:00,7550,Unoccupied,66033,"-37.810383455394586, 144.96483799782146"
2025-01-22T14:44:37+11:00,2024-10-11T14:43:14+11:00,7549,Present,66056,"-37.8100665768745, 144.9661034598762"
2025-01-22T14:44:37+11:00,2024-10-11T15:00:46+11:00,7549,Present,66062,"-37.81018811964185, 144.96569164078795"
2025-01-22T14:44:37+11:00,2024-05-03T14:21:09+10:00,,Unoccupied,22772,"-37.823420177807634, 144.9668770118377"
2025-03-07T10:44:37+11:00,2025-03-07T09:35:37+11:00,,Present,62713,"-37.81319239221083, 144.9704750954116"
2025-06-10T09:44:34+10:00,2025-06-08T09:44:32+10:00,7674,Present,51834,"-37.81433784981002, 144.968802858015"
2025-06-10T09:44:34+10:00,2025-06-03T13:36:50+10:00,7674,Present,51824,"-37.8145733924308, 144.9689087192393"
2025-06-10T09:44:34+10:00,2025-05-29T13:38:35+10:00,7345,Unoccupied,63641,"-37.813167907018794, 144.96703581279206"
2025-06-10T09:44:34+10:00,2025-05-26T15:52:26+10:00,7345,Unoccupied,63639,"-37.81310634815438, 144.9672464995096"
2025-01-21T14:42:37+11:00,2025-01-16T15:56:56+11:00,7053,Present,10283,"-37.79497966524963, 144.9719705034874"
2025-01-21T14:42:37+11:00,2025-01-18T15:03:08+11:00,7053,Present,24369,"-37.79506182972317, 144.97271754964473"
2025-01-21T14:42:37+11:00,2025-01-10T18:20:16+11:00,7053,Present,24366,"-37.79494701546585, 144.97167049003838"
2025-01-21T14:42:37+11:00,2025-01-18T07:39:32+11:00,7053,Present,24367,"-37.7949123189659, 144.97134759145723"
2025-03-25T10:44:37+11:00,2025-03-12T05:58:27+11:00,,Present,17695,"-37.820756478572605, 144.9409998058623"
2025-03-26T14:44:37+11:00,2025-03-26T06:30:42+11:00,7297,Present,18075,"-37.80798953911626, 144.97260283708675"
2025-03-26T14:44:37+11:00,2025-03-26T06:33:34+11:00,7297,Present,18169,"-37.80796424730201, 144.97237739351775"
2025-06-10T09:44:34+10:00,2025-06-03T14:58:49+10:00,,Unoccupied,52024,"-37.812438425773976, 144.9678062923956"
2025-06-10T09:44:34+10:00,2025-06-03T14:49:45+10:00,7674,Unoccupied,51841,"-37.81416846039663, 144.96872667889681"
2025-06-10T09:44:34+10:00,2025-06-08T09:16:47+10:00,7674,Present,51837,"-37.81426349951171, 144.96876939303223"
2025-06-10T09:44:34+10:00,2025-06-03T13:53:08+10:00,7674,Present,51827,"-37.814502169560754, 144.96887680361226"
2025-06-10T09:44:34+10:00,2025-06-03T15:09:59+10:00,7634,Present,52135,"-37.81121091131325, 144.96736838885369"
2025-06-10T09:44:34+10:00,2025-06-05T08:00:53+10:00,7634,Present,52129,"-37.811378039874185, 144.96744465923365"
2025-06-10T09:44:34+10:00,2025-06-03T15:10:04+10:00,7625,Unoccupied,52027,"-37.81227741625465, 144.96773303708386"
2025-06-13T09:44:34+10:00,2025-06-13T07:21:00+10:00,7993,Present,11257,"-37.80682314214508, 144.95428025752082"
2025-06-10T09:44:34+10:00,2025-06-05T09:12:28+10:00,,Present,52025,"-37.812385466383475, 144.96778219516835"
2025-06-10T09:44:34+10:00,2025-06-03T13:59:25+10:00,7674,Present,51829,"-37.81445232747655, 144.96885430893008"
2025-06-10T09:44:34+10:00,2025-06-03T14:20:27+10:00,7674,Unoccupied,51825,"-37.814549626195195, 144.96889803832212"
2025-06-10T09:44:34+10:00,2025-06-03T15:10:32+10:00,7626,Unoccupied,52030,"-37.81211109445785, 144.9676573683725"
2025-06-10T09:44:34+10:00,2025-06-03T08:35:37+10:00,7634,Present,52137,"-37.81116388827178, 144.96734695313552"
2025-06-10T09:44:34+10:00,2025-06-03T14:40:04+10:00,7625,Present,52028,"-37.812222331870224, 144.96770797627687"
2025-06-10T09:44:34+10:00,2025-06-03T13:40:30+10:00,7674,Present,51856,"-37.81436046663239, 144.96869038794887"
2025-06-10T09:44:34+10:00,2025-05-27T11:05:51+10:00,7345,Unoccupied,63637,"-37.8130661522097, 144.96738396057447"
2025-06-26T12:44:34+10:00,2025-06-16T13:25:19+10:00,7610,Present,54550,"-37.812471286354445, 144.95941998962718"
2025-06-26T12:44:34+10:00,2025-06-19T07:26:41+10:00,7610,Unoccupied,54548,"-37.81258515924318, 144.95947090966894"
2025-06-13T09:44:34+10:00,2025-06-13T08:35:08+10:00,7988,Unoccupied,11241,"-37.80659234841795, 144.95392365614023"
2025-06-26T12:44:34+10:00,2025-06-19T07:07:47+10:00,7611,Present,54545,"-37.81274010605225, 144.95954033700758"
2025-06-23T15:44:34+10:00,2025-02-17T14:09:22+11:00,7923,Unoccupied,10849,"-37.80654207252063, 144.95503109682932"
2025-06-26T12:44:34+10:00,2025-06-16T10:01:40+10:00,7610,Present,54534,"-37.812343761941314, 144.9594871104785"
2025-07-07T11:44:34+10:00,2025-07-01T12:14:26+10:00,7930,Present,9732,"-37.81056539924922, 144.9491283293653"
2025-03-25T10:44:37+11:00,2025-03-12T13:23:53+11:00,,Unoccupied,17696,"-37.82077818648608, 144.94092655518352"
2025-05-08T15:44:34+10:00,2025-04-14T12:06:40+10:00,,Unoccupied,69960,"-37.822214777183106, 144.9537592878351"
2025-05-08T15:44:34+10:00,2025-04-14T12:43:24+10:00,7219,Present,69978,"-37.82254360357769, 144.95259033696777"
2025-05-08T15:44:34+10:00,2025-04-14T06:34:19+10:00,7219,Present,69966,"-37.82232102797104, 144.95335692206876"
2025-05-08T15:44:34+10:00,2025-04-14T06:42:05+10:00,,Present,69940,"-37.82247677293327, 144.9522590082511"
2025-01-21T14:42:37+11:00,2025-01-20T16:57:00+11:00,7053,Present,10280,"-37.79502666258857, 144.97240204442983"
2025-06-04T09:44:34+10:00,2025-06-04T06:19:37+10:00,7986,Unoccupied,11137,"-37.80808044903779, 144.9546070339519"
2025-01-10T13:44:36+11:00,2024-08-18T21:06:20+10:00,7392,Unoccupied,9380,"-37.80292699065639, 144.9581953326021"
2024-12-11T15:44:36+11:00,2024-12-06T12:42:44+11:00,7018,Unoccupied,26279,"-37.8018999528026, 144.96233770341735"
2025-01-22T14:44:37+11:00,2024-10-02T09:05:02+10:00,7549,Unoccupied,66023,"-37.81018704959345, 144.96550959640288"
2025-10-30T13:45:40+11:00,2025-10-20T19:10:02+11:00,7280,Unoccupied,5925,"-37.811839653808505, 144.97577308659592"
2025-10-30T13:45:40+11:00,2025-10-20T19:14:52+11:00,7280,Unoccupied,5950,"-37.81192570588726, 144.97656464057454"
2025-10-30T13:45:40+11:00,2025-10-20T17:35:18+11:00,7278,Present,5931,"-37.811936376957256, 144.97561571918135"
2025-10-30T13:45:40+11:00,2025-10-20T19:07:08+11:00,7278,Present,5935,"-37.8119830047601, 144.97604299004234"
2025-10-30T13:45:40+11:00,2025-10-20T15:26:44+11:00,7278,Present,5943,"-37.81204342877943, 144.976595999425"
2025-10-30T13:45:40+11:00,2025-10-20T17:42:36+11:00,7278,Present,5963,"-37.81212629805519, 144.97735350898935"
2025-10-30T13:45:40+11:00,2025-10-20T18:05:27+11:00,7278,Present,5937,"-37.81199836214489, 144.97618232857667"
2025-10-30T13:45:40+11:00,2025-10-20T17:41:46+11:00,7278,Present,5940,"-37.8120209373606, 144.97638779664226"
2025-10-30T13:45:40+11:00,2025-10-20T16:56:22+11:00,7278,Present,5933,"-37.811967229294595, 144.97589985283284"
2025-10-30T13:45:40+11:00,2025-10-20T17:45:09+11:00,7278,Present,5953,"-37.8120958583705, 144.9770745964709"
2025-10-30T13:45:40+11:00,2025-10-30T13:41:14+11:00,7247,Present,17456,"-37.81069749719495, 144.9761329476023"
2025-10-30T13:45:40+11:00,2025-10-30T13:26:27+11:00,7247,Present,17457,"-37.810704626410924, 144.9761986586807"
2025-10-30T13:45:40+11:00,2025-10-30T12:30:23+11:00,7247,Present,17454,"-37.810683569183226, 144.97600564630014"
2025-10-30T13:45:40+11:00,2025-10-30T13:43:20+11:00,7247,Present,17461,"-37.81073265315156, 144.97645686934112"
2025-10-30T13:45:40+11:00,2025-10-30T13:30:45+11:00,7247,Present,17470,"-37.81084267904744, 144.97746762199756"
2025-10-30T13:45:40+11:00,2025-10-30T13:03:50+11:00,7247,Present,17518,"-37.81097238733205, 144.9769523129807"
2025-10-30T13:45:40+11:00,2025-10-30T10:37:40+11:00,7247,Present,17513,"-37.81093540705386, 144.97661099821943"
2025-10-30T13:45:40+11:00,2025-10-30T11:35:06+11:00,7247,Present,17466,"-37.81077142757708, 144.9768137665318"
2025-10-30T13:45:40+11:00,2025-10-23T12:21:42+11:00,7269,Present,17509,"-37.81157750013233, 144.97538009133925"
2025-10-30T13:45:40+11:00,2025-10-20T19:06:23+11:00,7269,Present,17507,"-37.811294985254946, 144.97542422097956"
2025-10-30T13:45:40+11:00,2025-10-20T16:57:26+11:00,7269,Present,17506,"-37.81123821072863, 144.97543311381168"
2025-10-30T13:45:40+11:00,2025-10-20T17:12:45+11:00,7269,Present,17505,"-37.811181435750356, 144.97544200661562"
2025-10-30T13:45:40+11:00,2025-10-20T18:07:09+11:00,7269,Unoccupied,24987,"-37.81119286547732, 144.97554714101943"
2025-10-27T11:15:39+11:00,2025-10-14T16:46:02+11:00,7253,Present,17442,"-37.810315602997036, 144.97565625947374"
2025-10-27T11:15:39+11:00,2025-10-14T18:14:15+11:00,7253,Present,17439,"-37.81021796547164, 144.97567247151056"
2025-10-27T11:15:39+11:00,2025-10-14T19:41:04+11:00,7253,Present,17434,"-37.8100554197271, 144.97569936474463"
2025-10-27T11:15:39+11:00,2025-10-14T18:14:07+11:00,7253,Present,17431,"-37.809957839970366, 144.97571550085905"
2025-10-27T11:15:39+11:00,2025-10-14T18:21:39+11:00,7254,Present,17450,"-37.81050471230603, 144.97533844565666"
2025-10-27T11:15:39+11:00,2025-10-14T17:04:02+11:00,7254,Present,17447,"-37.81034399921628, 144.97536559600223"
2025-10-27T11:15:39+11:00,2025-10-20T16:18:58+11:00,7258,Unoccupied,22948,"-37.810269603539936, 144.97812841896123"
2025-10-27T11:15:39+11:00,2025-10-20T18:27:51+11:00,7258,Unoccupied,22941,"-37.81033788176496, 144.97811715325867"
2025-10-27T11:15:39+11:00,2025-10-20T12:45:19+11:00,7258,Unoccupied,22944,"-37.810550213731986, 144.9780820284193"
2025-10-27T11:15:39+11:00,2025-10-20T18:49:32+11:00,7259,Present,23020,"-37.81134185181767, 144.97794981577806"
2025-10-27T11:15:39+11:00,2025-10-20T17:58:15+11:00,7259,Present,23019,"-37.81139630318311, 144.9779406498383"
2025-10-27T11:15:39+11:00,2025-10-02T19:26:22+10:00,7258,Unoccupied,23030,"-37.81038397300706, 144.97834636455923"
2025-10-27T11:15:39+11:00,2025-10-20T19:49:16+11:00,7258,Unoccupied,23024,"-37.81073958206347, 144.97828979044507"
2025-10-27T11:15:39+11:00,2025-10-20T20:20:08+11:00,7258,Unoccupied,23031,"-37.81033279265916, 144.9783550428363"
2025-10-27T11:15:39+11:00,2025-10-20T17:21:03+11:00,7258,Present,23015,"-37.81106362261997, 144.97823393449596"
2025-10-27T11:15:39+11:00,2025-10-20T18:43:02+11:00,7258,Present,23032,"-37.81028160871656, 144.9783637210504"
2025-10-27T11:15:39+11:00,2025-10-14T19:39:20+11:00,7253,Unoccupied,17443,"-37.81034820879326, 144.97565092627656"
2025-10-27T11:15:39+11:00,2025-10-14T20:20:42+11:00,7254,Unoccupied,17446,"-37.810290412621754, 144.97537457602735"
2025-10-27T11:15:39+11:00,2025-10-20T20:13:12+11:00,7258,Unoccupied,22942,"-37.81038928993854, 144.97810865175853"
2025-10-27T11:15:39+11:00,2025-10-20T16:39:03+11:00,7258,Unoccupied,22939,"-37.81021819600076, 144.97813687073062"
2025-09-19T16:45:39+10:00,2024-03-31T14:33:12+11:00,,Present,10318,"-37.80077191142425, 144.962531694954"
2025-12-04T13:45:39+11:00,2025-11-13T17:15:50+11:00,7243,Present,20631,"-37.81100061834565, 144.98356848407514"
2025-12-04T13:45:39+11:00,2025-11-13T18:03:51+11:00,7250,Present,25130,"-37.8108375198034, 144.98335418907993"
2025-12-04T13:45:39+11:00,2025-11-13T17:27:53+11:00,7250,Present,25127,"-37.810994368387725, 144.9833283681649"
2025-12-04T13:45:39+11:00,2025-11-13T18:09:35+11:00,7250,Unoccupied,25126,"-37.811044593293914, 144.98332011166713"
2025-12-04T13:45:39+11:00,2025-11-13T18:09:46+11:00,7250,Present,25125,"-37.81109548151066, 144.98331175558616"
2025-12-04T13:45:39+11:00,2025-11-13T17:00:23+11:00,7250,Present,25123,"-37.811199260871504, 144.9832946684702"
2025-12-04T13:45:39+11:00,2025-11-13T12:40:36+11:00,7250,Unoccupied,25083,"-37.81463159817649, 144.98271464819362"
2025-12-04T13:45:39+11:00,2024-11-03T19:58:52+11:00,7250,Unoccupied,25081,"-37.81453005580256, 144.982732044596"
2025-12-04T13:45:39+11:00,2025-11-13T13:10:28+11:00,7250,Unoccupied,25079,"-37.81442568082309, 144.98274996339433"
2025-12-04T13:45:39+11:00,2025-11-13T12:06:37+11:00,7250,Unoccupied,25078,"-37.81437396594851, 144.98275884796442"
2025-12-04T13:45:39+11:00,2025-11-13T16:07:56+11:00,7250,Unoccupied,25072,"-37.814063575157334, 144.98281208151866"
2025-12-04T13:45:39+11:00,2025-11-13T14:47:58+11:00,7250,Unoccupied,25071,"-37.81401212767456, 144.98282095415396"
2025-12-04T13:45:39+11:00,2025-11-13T18:06:11+11:00,7250,Unoccupied,25062,"-37.815148933119175, 144.98262594617208"
2025-12-04T13:45:39+11:00,2025-11-13T13:51:45+11:00,7250,Unoccupied,25057,"-37.81540711679997, 144.98258175058874"
2025-12-04T13:45:39+11:00,2025-11-13T16:23:42+11:00,7250,Unoccupied,25056,"-37.81545864733447, 144.98257289243057"
2025-12-18T12:15:39+11:00,2025-12-18T11:42:18+11:00,7251,Unoccupied,16414,"-37.80969210017762, 144.98110249727094"
2025-12-18T12:15:39+11:00,2025-12-18T11:50:22+11:00,7251,Present,16409,"-37.809626896035354, 144.98111340049553"
2025-12-18T12:15:39+11:00,2025-12-18T11:47:39+11:00,7252,Present,17379,"-37.80952504893162, 144.98095610060994"
2025-12-18T12:15:39+11:00,2025-12-18T11:25:56+11:00,7251,Present,16406,"-37.80943489724403, 144.98114510787968"
2025-12-18T12:15:39+11:00,2025-12-18T11:09:04+11:00,7251,Present,16413,"-37.809715326707746, 144.9810986597671"
2025-12-18T12:15:39+11:00,2025-11-24T14:23:49+11:00,7260,Present,20640,"-37.80934708421358, 144.97832227791164"
2025-12-18T12:15:39+11:00,2025-12-18T12:09:59+11:00,7250,Unoccupied,25113,"-37.812051247573365, 144.98315146109593"
2025-12-18T12:15:39+11:00,2025-12-18T12:13:23+11:00,7250,Present,25110,"-37.812207099425834, 144.9831254828146"
2025-12-18T12:15:39+11:00,2025-12-18T12:06:46+11:00,7250,Present,25106,"-37.81241434251265, 144.98309129257075"
2025-12-18T12:15:39+11:00,2025-12-18T11:18:21+11:00,7250,Present,25102,"-37.81272145577907, 144.98304026861962"
2025-12-18T12:15:39+11:00,2025-12-18T11:54:53+11:00,7250,Present,25101,"-37.812773118326504, 144.98303152995115"
2025-12-18T12:15:39+11:00,2024-11-03T18:38:54+11:00,7250,Unoccupied,25100,"-37.81282437251139, 144.98302293872766"
2025-12-18T12:15:39+11:00,2025-12-18T11:35:50+11:00,7250,Present,25090,"-37.81334208139449, 144.98293524051115"
2025-12-18T12:15:39+11:00,2025-12-18T11:57:29+11:00,7250,Unoccupied,25087,"-37.813498040492945, 144.9829085647484"
2025-12-18T12:15:39+11:00,2025-12-18T10:17:10+11:00,7250,Present,25086,"-37.81355037516863, 144.9828996892762"
2025-12-18T12:15:39+11:00,2025-12-18T11:54:33+11:00,7250,Present,25085,"-37.81360109380566, 144.982890995505"
2025-12-18T12:15:39+11:00,2025-12-18T11:56:57+11:00,7252,Present,17381,"-37.80940577334893, 144.98097549263258"
2026-02-27T08:45:39+11:00,2024-11-03T15:07:54+11:00,7255,Unoccupied,17937,"-37.811960654510244, 144.98755074018692"
2026-02-27T08:45:39+11:00,2024-11-03T18:01:45+11:00,7255,Unoccupied,17931,"-37.81191592850305, 144.98714581142826"
2026-02-27T08:45:39+11:00,2024-11-03T22:35:45+11:00,7255,Present,17924,"-37.8118637466265, 144.98667339430244"
2026-02-27T08:45:39+11:00,2024-11-03T18:54:22+11:00,7255,Unoccupied,17941,"-37.811990471088336, 144.9878206933694"
2026-02-27T08:45:39+11:00,2024-11-03T16:18:37+11:00,7255,Unoccupied,17926,"-37.811878655988664, 144.98680837047692"
2026-02-27T08:45:39+11:00,2024-11-03T22:03:19+11:00,7255,Unoccupied,17942,"-37.81199767649973, 144.98788593223867"
2026-01-15T11:45:39+11:00,2025-10-15T12:00:51+11:00,7302,Unoccupied,17829,"-37.817594548242845, 144.98198047448764"
2026-01-15T11:45:39+11:00,2025-10-15T13:00:49+11:00,7302,Unoccupied,18113,"-37.81720084818549, 144.98204793367404"
2026-01-15T11:45:39+11:00,2025-10-15T12:08:41+11:00,7302,Present,17835,"-37.81793202872641, 144.98192272902065"
2026-01-15T11:45:39+11:00,2025-10-15T11:15:24+11:00,7302,Present,17827,"-37.81742582555694, 144.98200944553244"
2026-01-15T11:45:39+11:00,2025-10-15T12:52:32+11:00,7302,Unoccupied,17843,"-37.8183818821285, 144.98184481721051"
2026-01-15T11:45:39+11:00,2025-10-15T12:32:38+11:00,7302,Unoccupied,18111,"-37.81708836890679, 144.98206749763708"
2026-01-15T11:45:39+11:00,2026-01-15T11:24:35+11:00,7241,Unoccupied,7495,"-37.80969185496776, 144.9776233391761"
2026-01-15T11:45:39+11:00,2026-01-15T10:23:19+11:00,7241,Present,7499,"-37.80966280647826, 144.97735347189"
2026-01-15T11:45:39+11:00,2026-01-15T11:21:12+11:00,7236,Unoccupied,7485,"-37.80979435741304, 144.97732312169308"
2026-01-15T11:45:39+11:00,2026-01-15T11:19:02+11:00,7236,Unoccupied,7838,"-37.809816383020056, 144.97752563926633"
2026-01-15T11:45:39+11:00,2026-01-14T22:36:29+11:00,7236,Unoccupied,7848,"-37.80972827943312, 144.97671557322076"
2026-01-15T11:45:39+11:00,2026-01-15T10:32:03+11:00,7236,Present,7841,"-37.80977967410343, 144.9771881115722"
2026-01-15T11:45:39+11:00,2026-01-15T11:36:04+11:00,7236,Unoccupied,7484,"-37.809720936561604, 144.9766480671493"
2026-01-15T11:45:39+11:00,2026-01-15T11:20:48+11:00,7236,Unoccupied,7489,"-37.809847931861256, 144.97781573500095"
2026-01-15T11:45:39+11:00,2024-11-03T16:47:53+11:00,7246,Unoccupied,17568,"-37.81087397437736, 144.98685416441745"
2026-01-15T11:45:39+11:00,2024-11-03T12:58:13+11:00,7246,Present,17556,"-37.81096279554221, 144.9876641267256"
2026-01-15T11:45:39+11:00,2024-11-03T18:49:48+11:00,7246,Unoccupied,17548,"-37.81102194442785, 144.9882041054858"
2026-01-15T11:45:39+11:00,2024-11-03T18:40:53+11:00,7246,Present,17559,"-37.81094052483766, 144.98746164548174"
2026-01-15T11:45:39+11:00,2024-11-02T15:33:23+11:00,7246,Present,17565,"-37.81089615671439, 144.98705665464092"
2026-01-15T11:45:39+11:00,2024-11-03T09:22:49+11:00,7246,Present,17569,"-37.810866560873734, 144.98678666808524"
2026-01-15T11:45:39+11:00,2024-11-03T23:00:53+11:00,7246,Unoccupied,17551,"-37.81099970879475, 144.9880016185889"
2026-01-15T11:45:39+11:00,2024-11-03T02:33:31+11:00,7246,Present,17563,"-37.81091092047856, 144.98719165335882"
2026-01-15T11:45:39+11:00,2026-01-15T11:23:38+11:00,7246,Present,17553,"-37.810984950885526, 144.98786661742378"
2026-01-15T11:45:39+11:00,2024-11-03T20:25:20+11:00,7246,Unoccupied,17570,"-37.810859147772454, 144.98671917327061"
2026-01-15T11:45:39+11:00,2026-01-15T11:38:34+11:00,7246,Unoccupied,17561,"-37.81092570027397, 144.9873266507209"
2026-02-16T12:15:39+11:00,2024-06-19T21:50:00+10:00,7270,Present,24603,"-37.81162317214513, 144.98611790220258"
2026-02-16T12:15:39+11:00,2024-11-03T19:27:41+11:00,7270,Present,24599,"-37.811408858900684, 144.98615414550352"
2026-02-16T12:15:39+11:00,2024-11-03T19:22:58+11:00,7270,Unoccupied,24598,"-37.81135528103131, 144.98616320615582"
2026-02-16T12:15:39+11:00,2024-11-03T18:56:20+11:00,7270,Unoccupied,24597,"-37.8113017031604, 144.98617226736098"
2026-02-16T12:15:39+11:00,2024-11-03T05:53:48+11:00,7270,Present,24596,"-37.81124812440662, 144.98618132797134"
2026-02-16T12:15:39+11:00,2024-11-03T18:05:17+11:00,7271,Unoccupied,18146,"-37.8114174837515, 144.98858217388982"
2026-02-16T12:15:39+11:00,2024-11-03T16:51:21+11:00,7271,Unoccupied,18143,"-37.81130231619332, 144.98860190773735"
2026-02-16T12:15:39+11:00,2024-11-03T17:58:54+11:00,7271,Unoccupied,18148,"-37.8115326736643, 144.9885622630107"
2026-03-30T13:45:39+11:00,2024-05-07T08:34:13+10:00,,Unoccupied,16696,"-37.81802211784391, 144.96584917456386"
2026-03-30T13:45:39+11:00,2024-03-29T21:08:17+11:00,,Unoccupied,24942,"-37.818011767618245, 144.96524469705673"
2026-03-31T15:15:40+11:00,2023-10-25T09:53:30+11:00,7556,Unoccupied,5726,"-37.81067888362958, 144.96773985234773"
2026-03-31T15:15:40+11:00,2023-10-31T17:14:14+11:00,7556,Present,5738,"-37.810705015181966, 144.96765078015247"
2026-04-08T15:15:39+10:00,2025-09-03T17:41:49+10:00,7301,Unoccupied,17295,"-37.81633154411273, 144.9775358109705"
2026-04-08T15:15:39+10:00,2025-09-03T18:56:43+10:00,7301,Unoccupied,17283,"-37.81630487169589, 144.97733857144476"
2026-04-08T15:15:39+10:00,2025-09-03T17:25:27+10:00,7301,Present,17281,"-37.816286319598056, 144.9772013136986"
2026-06-03T14:45:39+10:00,2024-10-11T08:40:32+11:00,7010,Present,8888,"-37.80493584201834, 144.9599299457858"
2026-06-03T14:45:39+10:00,2024-10-11T10:53:04+11:00,7010,Present,8891,"-37.8047825506759, 144.959859492751"
2026-06-03T14:45:39+10:00,2024-03-22T19:01:44+11:00,7213,Present,18527,"-37.82104009152626, 144.94433934119712"
2026-06-03T14:45:39+10:00,2023-10-16T15:13:48+11:00,7231,Unoccupied,15025,"-37.82088566451103, 144.9441655050968"
2026-06-03T14:45:39+10:00,2023-08-05T12:00:57+10:00,7716,Present,23982,"-37.80440415591219, 144.957451305452"
2026-06-03T14:45:39+10:00,2024-04-05T13:02:39+11:00,7414,Unoccupied,61019,"-37.816016990480485, 144.96862795159677"
2026-06-03T14:45:39+10:00,2024-10-21T12:35:45+11:00,7770,Present,65343,"-37.81173195698645, 144.96449260594648"
2026-06-03T14:45:39+10:00,2024-10-21T10:47:54+11:00,7779,Present,65356,"-37.812024982217096, 144.96348595916987"
2026-06-03T14:45:39+10:00,2024-10-21T13:05:00+11:00,7770,Present,65361,"-37.81211713962012, 144.9631693239927"
2026-06-03T14:45:39+10:00,2024-10-21T13:22:49+11:00,7770,Unoccupied,65362,"-37.81213575626241, 144.96310535738132"
2026-06-03T14:45:39+10:00,2024-10-21T11:38:26+11:00,7770,Present,65363,"-37.81215344727243, 144.96304458020973"
2026-06-03T14:45:39+10:00,2023-04-14T04:30:06+10:00,,Unoccupied,18040,"-37.811433965722195, 144.96126295380472"
2026-06-03T14:45:39+10:00,2023-11-27T10:34:44+11:00,,Present,16779,"-37.814043486879456, 144.95755177178006"
2026-06-03T14:45:39+10:00,2023-12-13T18:44:31+11:00,,Unoccupied,6992,"-37.818980877119415, 144.95964572075712"
2026-06-03T14:45:39+10:00,2023-12-28T09:08:39+11:00,,Present,6391,"-37.81489782697739, 144.96122156909234"
2026-06-03T14:45:39+10:00,2024-02-01T13:17:34+11:00,,Present,24473,"-37.80806061857262, 144.95547626717845"
2026-06-03T14:45:39+10:00,2024-02-21T08:29:26+11:00,,Present,22973,"-37.810368573682524, 144.95587160790618"
2026-07-06T15:45:39+10:00,2026-03-10T11:59:08+11:00,7245,Unoccupied,25019,"-37.80955987757421, 144.9751513831315"
2026-07-06T15:45:39+10:00,2026-03-10T10:10:00+11:00,7245,Present,25018,"-37.809566869260756, 144.97521317651032"
2026-07-06T15:45:39+10:00,2026-03-10T13:43:19+11:00,7245,Present,25017,"-37.80957387542762, 144.9752750708692"
2026-07-06T15:45:39+10:00,2026-03-10T13:53:23+11:00,7245,Present,25013,"-37.80945267735699, 144.97419720232637"
2026-07-06T15:45:39+10:00,2026-03-10T11:25:58+11:00,7245,Present,25008,"-37.80941438798977, 144.97384275406966"
2026-07-06T15:45:39+10:00,2026-03-10T12:43:49+11:00,7239,Present,7868,"-37.81006227678544, 144.97972630804134"
2026-07-06T15:45:39+10:00,2026-03-10T14:01:54+11:00,7239,Unoccupied,7866,"-37.810047739292656, 144.97959258547735"
2026-07-06T15:45:39+10:00,2026-03-10T13:53:26+11:00,7239,Unoccupied,7875,"-37.810115043191374, 144.98020722558104"
2026-07-06T15:45:39+10:00,2026-03-10T12:43:41+11:00,7239,Unoccupied,7869,"-37.81006946796745, 144.9797927143579"
2026-07-06T15:45:39+10:00,2026-03-09T21:45:52+11:00,7239,Unoccupied,7871,"-37.81008627824173, 144.97994684873134"
2026-07-06T15:45:39+10:00,2026-03-10T12:22:43+11:00,7239,Present,7863,"-37.81002559194448, 144.97939057569894"
2026-07-06T15:45:39+10:00,2026-03-10T12:34:53+11:00,7239,Unoccupied,7882,"-37.81016520471587, 144.98066074733407"
2026-07-06T15:45:39+10:00,2026-03-10T12:07:26+11:00,7239,Present,7870,"-37.810079097157974, 144.97988189452923"
2026-07-06T15:45:39+10:00,2026-03-10T13:57:34+11:00,7239,Unoccupied,7867,"-37.81005508595041, 144.97965992346155"
2026-07-06T15:45:39+10:00,2026-03-10T12:21:41+11:00,7239,Present,7873,"-37.81010063397724, 144.98007679234962"
2026-07-06T15:45:39+10:00,2026-03-10T13:57:31+11:00,7234,Unoccupied,16430,"-37.810129383036056, 144.98162881810956"
2026-07-06T15:45:39+10:00,2026-03-10T12:56:20+11:00,7234,Present,16426,"-37.810092112473235, 144.98129367561737"
2026-07-06T15:45:39+10:00,2026-03-10T14:02:28+11:00,7234,Unoccupied,16434,"-37.8101663009281, 144.98196172187554"
2026-07-06T15:45:39+10:00,2026-01-26T13:12:39+11:00,7242,Unoccupied,7894,"-37.80983265588121, 144.978963400084"
2026-07-06T15:45:39+10:00,2026-03-10T11:57:38+11:00,7264,Unoccupied,10974,"-37.814100504775766, 144.9777258553728"
2026-07-06T15:45:39+10:00,2026-03-10T13:44:13+11:00,7264,Unoccupied,10969,"-37.813841505011084, 144.9777691800291"
2026-07-06T15:45:39+10:00,2026-03-10T09:09:59+11:00,7264,Present,10970,"-37.81389334501987, 144.9777605905084"
2026-07-22T10:15:40+10:00,2026-07-21T21:41:28+10:00,7716,Unoccupied,9468,"-37.80570925875647, 144.95722048166812"
2026-07-22T10:15:40+10:00,2026-07-21T22:04:49+10:00,7716,Unoccupied,9469,"-37.805734662535905, 144.9572159972663"
2026-07-22T10:15:40+10:00,2026-07-22T07:18:35+10:00,7716,Unoccupied,9470,"-37.805760093024816, 144.95721152002614"
2026-07-22T10:15:40+10:00,2026-07-22T10:08:22+10:00,7716,Unoccupied,9421,"-37.80576289273881, 144.95708513808114"
2026-07-22T10:15:40+10:00,2026-07-22T10:05:25+10:00,7716,Present,9418,"-37.80541535820775, 144.95714608281074"
2026-07-22T10:15:40+10:00,2026-07-22T09:15:09+10:00,7721,Present,24036,"-37.80532191417731, 144.9571762259662"
2026-07-22T10:15:40+10:00,2026-07-22T07:23:43+10:00,7721,Unoccupied,24041,"-37.80519387665643, 144.95719867677056"
2026-07-22T10:15:40+10:00,2026-07-21T15:27:33+10:00,7721,Present,9448,"-37.80514076384679, 144.95732101125913"
2026-07-22T10:15:40+10:00,2026-07-22T07:29:13+10:00,7721,Unoccupied,9455,"-37.80529868675903, 144.95729308004707"
2026-07-22T10:15:40+10:00,2026-07-22T10:00:12+10:00,7721,Present,9449,"-37.80516708394305, 144.95731635270747"
2026-07-22T10:15:40+10:00,2026-07-22T09:35:58+10:00,7716,Present,9467,"-37.80563500845564, 144.9572336095532"
2026-07-22T10:15:40+10:00,2026-07-21T20:10:27+10:00,7721,Unoccupied,9441,"-37.804906473454636, 144.95736249449726"
2026-07-22T10:15:40+10:00,2026-07-22T08:11:49+10:00,7721,Unoccupied,9440,"-37.804882030660224, 144.95736681754914"
2026-07-22T10:15:40+10:00,2026-07-20T08:39:34+10:00,7721,Present,24050,"-37.804776740083824, 144.95727126858864"
2026-07-22T10:15:40+10:00,2026-07-21T14:26:35+10:00,7721,Unoccupied,23972,"-37.80464959517572, 144.95729372405316"
2026-07-22T10:15:40+10:00,2026-07-20T18:59:42+10:00,7721,Unoccupied,23974,"-37.80459873766425, 144.95730270689631"
2026-07-22T10:15:40+10:00,2026-07-21T21:14:27+10:00,7716,Unoccupied,9428,"-37.80455937658455, 144.9574238589194"
2026-07-22T10:15:40+10:00,2026-07-21T21:06:18+10:00,7716,Unoccupied,9423,"-37.80445590676054, 144.95744215690206"
2026-07-22T10:15:40+10:00,2026-07-20T19:41:26+10:00,7716,Unoccupied,9426,"-37.80453352540836, 144.95742843296358"
2026-07-22T10:15:40+10:00,2026-07-21T18:50:26+10:00,7721,Unoccupied,9405,"-37.804198188138, 144.95735992040204"
2026-07-22T10:15:40+10:00,2026-07-05T16:06:08+10:00,7721,Present,24052,"-37.8047258821453, 144.9572802514658"
2026-07-22T10:15:40+10:00,2026-07-21T10:46:28+10:00,7716,Unoccupied,23981,"-37.8044207325149, 144.95733414614818"
2026-07-22T10:15:40+10:00,2026-07-22T08:28:13+10:00,7716,Unoccupied,9432,"-37.80466290206173, 144.9574055586596"
2026-07-22T10:15:40+10:00,2026-07-22T09:14:12+10:00,7716,Unoccupied,23983,"-37.80437914566575, 144.9574557180178"
2026-07-22T10:15:40+10:00,2026-07-21T20:59:29+10:00,7721,Unoccupied,23984,"-37.80414913953174, 144.95736889663925"
2026-08-10T20:09:39+10:00,2026-08-10T19:55:27+10:00,7753,Present,9623,"-37.80497194170077, 144.94861316805952"
2026-08-10T20:09:39+10:00,2026-08-10T18:15:48+10:00,7753,Unoccupied,9628,"-37.804954659214715, 144.9484591379828"
2026-08-10T20:09:39+10:00,2024-06-27T17:52:31+10:00,7753,Unoccupied,9636,"-37.80504385251781, 144.94832374754162"
2026-08-10T20:09:39+10:00,2024-06-27T17:00:57+10:00,7753,Unoccupied,9637,"-37.80504702586939, 144.94835121552725"
2026-08-10T20:09:39+10:00,2024-07-12T18:00:53+10:00,7753,Unoccupied,9641,"-37.80505969380327, 144.94846394844632"
2026-08-10T20:09:39+10:00,2024-06-27T16:34:00+10:00,7753,Unoccupied,9642,"-37.80506285277592, 144.94849204152175"
2026-08-10T20:09:39+10:00,2024-06-27T16:02:51+10:00,7753,Unoccupied,9643,"-37.805065616316924, 144.94852001231618"
2026-08-10T20:09:39+10:00,2024-06-27T17:54:41+10:00,7753,Unoccupied,9644,"-37.805084823715234, 144.94868878910142"
2026-08-10T20:09:39+10:00,2024-06-27T16:07:49+10:00,7753,Unoccupied,9647,"-37.80507544979444, 144.94860444949109"
2026-08-10T20:09:39+10:00,2025-02-07T06:15:07+11:00,7752,Unoccupied,10668,"-37.80583679411155, 144.9547529968901"
2026-08-10T20:09:39+10:00,2025-02-07T07:50:34+11:00,7752,Unoccupied,10669,"-37.80582918528904, 144.9546855399476"
2026-08-10T20:09:39+10:00,2025-02-06T23:16:24+11:00,7752,Unoccupied,10670,"-37.8058215769871, 144.95461809264532"
2026-08-10T20:09:39+10:00,2025-02-17T15:15:20+11:00,7752,Unoccupied,10708,"-37.805636720893986, 144.9546246100897"
2026-08-10T20:09:39+10:00,2026-02-08T14:59:56+11:00,7739,Unoccupied,10717,"-37.80402395233904, 144.95107610157768"
2026-08-10T20:09:39+10:00,2026-02-08T11:56:25+11:00,7739,Present,10720,"-37.804209324676066, 144.95104331653448"
2026-08-10T20:09:39+10:00,2026-02-08T15:03:08+11:00,7739,Unoccupied,10722,"-37.8043469371667, 144.95101886482954"
2026-08-10T20:09:39+10:00,2026-02-08T16:11:26+11:00,7739,Present,10728,"-37.804668600290526, 144.95096207810545"
2026-08-10T20:09:39+10:00,2026-02-07T18:46:00+11:00,7739,Present,10729,"-37.80471780523308, 144.9509534359205"
2026-08-10T20:09:39+10:00,2026-02-08T12:16:08+11:00,7739,Present,10731,"-37.80492798408554, 144.9509150266006"
2026-08-10T20:09:39+10:00,2026-01-10T13:31:26+11:00,7740,Present,10746,"-37.8035841184862, 144.95091824334895"
2026-08-10T20:09:39+10:00,2026-08-09T23:01:43+10:00,7981,Unoccupied,10880,"-37.80541377418428, 144.95029019712229"
2026-08-10T20:09:39+10:00,2026-08-10T20:02:15+10:00,7981,Unoccupied,10883,"-37.80542300884731, 144.95037180684574"
2026-08-10T20:09:39+10:00,2026-08-10T19:35:08+10:00,7981,Present,10892,"-37.805513755265714, 144.95030026819356"
2026-08-10T20:09:39+10:00,2026-08-09T18:54:34+10:00,7981,Unoccupied,10896,"-37.80552621068088, 144.95040905616437"
2026-08-10T20:09:39+10:00,2026-08-10T19:49:51+10:00,7981,Present,10897,"-37.80552929037984, 144.950436260035"
2026-08-10T20:09:39+10:00,2026-08-10T20:03:43+10:00,7981,Unoccupied,10903,"-37.80546999750474, 144.95011222818545"
2026-08-10T20:09:39+10:00,2026-08-10T14:22:08+10:00,7981,Unoccupied,10905,"-37.80551466654548, 144.95010487957552"
2026-08-10T20:09:39+10:00,2026-08-09T14:38:47+10:00,7981,Unoccupied,10906,"-37.80553700129558, 144.95010120498932"
2026-08-10T20:09:39+10:00,2026-08-10T13:44:03+10:00,7722,Unoccupied,11178,"-37.8032514892148, 144.9481982654575"
2026-08-10T20:09:39+10:00,2026-02-08T16:43:44+11:00,7748,Unoccupied,11477,"-37.80311893197736, 144.95022626642123"
2026-08-10T20:09:39+10:00,2026-02-08T14:45:13+11:00,7748,Present,11479,"-37.80312601550219, 144.95028936577094"
2026-08-10T20:09:39+10:00,2026-02-08T15:17:29+11:00,7748,Unoccupied,11481,"-37.803142764884264, 144.9504386348559"
2026-08-10T20:09:39+10:00,2026-02-08T16:54:17+11:00,7748,Unoccupied,11483,"-37.80314956331485, 144.9505000417325"
2026-08-10T20:09:39+10:00,2026-02-08T16:39:01+11:00,7748,Unoccupied,11484,"-37.80315295405457, 144.9505316322474"
2026-08-10T20:09:39+10:00,2026-02-08T14:11:25+11:00,7748,Present,11486,"-37.80316332871014, 144.95062779999432"
2026-08-10T20:09:39+10:00,2026-02-08T15:51:09+11:00,7748,Unoccupied,11489,"-37.803174333344764, 144.9507256492118"
2026-08-10T20:09:39+10:00,2026-02-08T09:03:51+11:00,7748,Present,11491,"-37.80318101888322, 144.95078523750246"
2026-08-10T20:09:39+10:00,2026-02-08T12:28:22+11:00,7748,Present,11492,"-37.80318419260959, 144.95081336020553"
2026-08-10T20:09:39+10:00,2026-08-10T18:18:43+10:00,7708,Present,11933,"-37.801196468157144, 144.95504013951893"
2026-08-10T20:09:39+10:00,2026-08-10T19:50:09+10:00,7708,Present,11935,"-37.80104684509336, 144.9552288087205"
2026-08-10T20:09:39+10:00,2024-06-21T12:39:37+10:00,7708,Unoccupied,11936,"-37.80100747331648, 144.95527868360097"
2026-08-10T20:09:39+10:00,2026-08-10T06:35:29+10:00,7708,Unoccupied,11943,"-37.80157667692333, 144.95489135251938"
2026-08-10T20:09:39+10:00,2026-08-10T17:29:10+10:00,7728,Present,12030,"-37.79837334237603, 144.95308777517064"
2026-08-10T20:09:39+10:00,2026-08-10T09:41:07+10:00,7728,Present,12031,"-37.79842653247071, 144.95315447010427"
2026-08-10T20:09:39+10:00,2022-12-30T23:40:42+11:00,7766,Unoccupied,12076,"-37.80090875683292, 144.95327369052112"
2026-08-10T20:09:39+10:00,2026-04-02T07:40:53+11:00,7766,Present,12091,"-37.80049100911073, 144.95413891553204"
2026-08-10T20:09:39+10:00,2026-04-02T07:45:26+11:00,7766,Present,12094,"-37.80061171476536, 144.9539859172739"
2026-08-10T20:09:39+10:00,2026-08-10T16:15:06+10:00,7720,Unoccupied,12112,"-37.79858840728779, 144.95212787634355"
2026-08-10T20:09:39+10:00,2026-08-10T15:19:15+10:00,7720,Unoccupied,12113,"-37.798604286082465, 144.952107633023"
2026-08-10T20:09:39+10:00,2026-08-10T15:20:40+10:00,7720,Unoccupied,12118,"-37.79870590145744, 144.9519784768766"
2026-08-10T20:09:39+10:00,2026-08-10T19:51:58+10:00,7720,Present,12123,"-37.79881275931803, 144.9518417324066"
2026-08-10T20:09:39+10:00,2026-08-09T17:32:27+10:00,7720,Present,12125,"-37.798846412573006, 144.95179886613525"
2026-08-10T20:09:39+10:00,2026-08-05T14:47:33+10:00,7720,Present,12126,"-37.79886412173153, 144.95177630840527"
2026-08-10T20:09:39+10:00,2026-08-10T15:44:15+10:00,7720,Present,12127,"-37.79888137458295, 144.95175433050696"
2026-08-10T20:09:39+10:00,2026-08-10T16:36:59+10:00,7757,Unoccupied,12289,"-37.79943607419172, 144.95301381430374"
2026-08-10T20:09:39+10:00,2024-08-22T20:04:18+10:00,7727,Unoccupied,14858,"-37.80102856660713, 144.95641996698578"
2026-08-10T20:09:39+10:00,2026-08-10T18:06:56+10:00,,Present,15023,"-37.81403349531159, 144.94124113346405"
2026-08-10T20:09:39+10:00,2026-04-08T06:34:56+10:00,7766,Unoccupied,12081,"-37.800475718439, 144.9538215852339"
2026-08-10T20:09:39+10:00,2026-08-10T19:57:46+10:00,7910,Present,13149,"-37.844912885673864, 144.979871702389"
2026-08-10T20:09:39+10:00,2026-08-10T17:56:11+10:00,7910,Present,22417,"-37.84497907267978, 144.9803778204718"
2026-08-10T20:09:39+10:00,2026-08-10T18:35:46+10:00,7910,Present,21540,"-37.84512649351755, 144.98007959942652"
2026-08-10T20:09:39+10:00,2024-05-01T19:50:54+10:00,7586,Unoccupied,21742,"-37.84798233983153, 144.982322414484"
2026-08-10T20:09:39+10:00,2026-08-10T18:12:59+10:00,7586,Present,21743,"-37.8479902032593, 144.98238670151437"
2026-08-10T20:09:39+10:00,2026-08-10T19:21:05+10:00,7586,Unoccupied,21747,"-37.8480978861111, 144.98326708231346"
2026-08-10T20:09:39+10:00,2026-08-10T18:02:25+10:00,7586,Unoccupied,21748,"-37.84810585466788, 144.98333223211085"
2026-08-10T20:09:39+10:00,2026-08-10T16:17:30+10:00,7586,Present,21750,"-37.848122335875544, 144.98346698326205"
2026-08-10T20:09:39+10:00,2026-08-10T18:01:46+10:00,7586,Unoccupied,21752,"-37.84813881695018, 144.98360173561724"
2026-08-10T20:09:39+10:00,2026-08-10T19:16:23+10:00,7586,Unoccupied,21754,"-37.84816644734338, 144.9838276503496"
2026-08-10T20:09:39+10:00,2026-08-10T18:03:44+10:00,7586,Unoccupied,21755,"-37.84818561693816, 144.98398442255075"
2026-08-10T20:09:39+10:00,2026-08-10T16:57:24+10:00,7586,Unoccupied,21756,"-37.84819351773405, 144.9840489908854"
2026-08-10T20:09:39+10:00,2026-08-10T19:39:43+10:00,7584,Unoccupied,21684,"-37.84823801145724, 144.98350619953172"
2026-08-10T20:09:39+10:00,2026-08-10T18:09:09+10:00,7584,Unoccupied,21689,"-37.84819727492619, 144.98317210362953"
2026-08-10T20:09:39+10:00,2026-08-10T17:55:09+10:00,7584,Unoccupied,21679,"-37.84818084326359, 144.98303734482448"
2026-08-10T20:09:39+10:00,2026-08-10T16:00:05+10:00,7584,Unoccupied,21681,"-37.848164411859926, 144.98290258153128"
2026-08-10T20:09:39+10:00,2026-08-10T17:38:31+10:00,7757,Present,12295,"-37.7991030676469, 144.95376423968452"
2026-08-10T20:09:39+10:00,2024-12-25T16:06:51+11:00,7183,Unoccupied,18541,"-37.820374347634115, 144.94934064329863"
2026-08-10T20:09:39+10:00,2024-12-25T15:56:05+11:00,7183,Unoccupied,18542,"-37.82035588964801, 144.9494046837532"
2026-08-10T20:09:39+10:00,2026-08-10T10:57:21+10:00,7183,Present,18557,"-37.819965598657724, 144.95136180335112"
2026-08-10T20:09:39+10:00,2026-08-10T17:08:21+10:00,7183,Present,18554,"-37.81991148294232, 144.95154801432867"
2026-08-10T20:09:39+10:00,2024-12-25T16:14:00+11:00,7163,Present,18587,"-37.81908854042532, 144.94840846913183"
2026-08-10T20:09:39+10:00,2024-12-25T14:22:59+11:00,7163,Present,18592,"-37.81936996095439, 144.94841920309545"
2026-08-10T20:09:39+10:00,2024-03-17T22:03:26+11:00,7163,Unoccupied,18219,"-37.81889397532929, 144.94861406028332"
2026-08-10T20:09:39+10:00,2024-12-25T15:39:19+11:00,7163,Unoccupied,18572,"-37.819164134257704, 144.94862453993778"
2026-08-10T20:09:39+10:00,2024-12-25T14:54:16+11:00,7163,Unoccupied,18574,"-37.81927219883438, 144.94862868054065"
2026-08-10T20:09:39+10:00,2024-12-25T14:53:15+11:00,7163,Present,18215,"-37.819110106616506, 144.94862249379813"
2026-08-10T20:09:39+10:00,2024-12-25T15:42:27+11:00,7184,Unoccupied,20585,"-37.82117092436043, 144.94719468814355"
2026-08-10T20:09:39+10:00,2024-12-25T16:19:59+11:00,7184,Present,20894,"-37.82118791470868, 144.9471344930125"
2026-08-10T20:09:39+10:00,2024-12-25T03:15:03+11:00,7184,Unoccupied,20896,"-37.82122483507317, 144.94700639265005"
2026-08-10T20:09:39+10:00,2024-12-25T12:47:52+11:00,7184,Present,20899,"-37.821073559711934, 144.94691408796078"
2026-08-10T20:09:39+10:00,2026-03-25T02:59:14+11:00,7186,Unoccupied,18628,"-37.82107941411776, 144.94352789869123"
2026-08-10T20:09:39+10:00,2026-01-08T08:45:33+11:00,7186,Present,18636,"-37.82120416557623, 144.944048606006"
2026-08-10T20:09:39+10:00,2026-03-24T05:40:26+11:00,7186,Present,15095,"-37.82132228737854, 144.94380118949584"
2026-08-10T20:09:39+10:00,2026-03-20T12:33:25+11:00,7186,Present,15093,"-37.82128738080417, 144.9436554576157"
2026-08-10T20:09:39+10:00,2025-07-28T02:44:10+10:00,7186,Present,18623,"-37.821134790208106, 144.9430166154661"
2026-08-10T20:09:39+10:00,2025-10-08T22:23:42+11:00,7212,Present,20616,"-37.81944571159547, 144.9436402835995"
2026-08-10T20:09:39+10:00,2026-03-11T11:46:16+11:00,7197,Unoccupied,20908,"-37.819973001636775, 144.94539778682912"
2026-08-10T20:09:39+10:00,2026-08-10T16:23:32+10:00,7197,Present,20910,"-37.820311621618714, 144.9454862701186"
2026-08-10T20:09:39+10:00,2026-08-10T16:36:58+10:00,7197,Unoccupied,20914,"-37.82060952613115, 144.94546946453903"
2026-08-10T20:09:39+10:00,2026-08-10T18:03:42+10:00,7197,Unoccupied,20915,"-37.820544466518626, 144.94545223320023"
2026-08-10T20:09:39+10:00,2026-08-10T19:51:06+10:00,7194,Unoccupied,20902,"-37.81906594004384, 144.94427304255927"
2026-08-10T20:09:39+10:00,2026-08-10T18:16:27+10:00,7194,Present,20903,"-37.819015051789464, 144.9442500286765"
2026-08-10T20:09:39+10:00,2024-12-25T09:35:15+11:00,7202,Unoccupied,20587,"-37.82023925900832, 144.94731446996258"
2026-08-10T20:09:39+10:00,2024-12-21T17:14:16+11:00,7202,Unoccupied,20589,"-37.82008607174822, 144.94725504284366"
2026-08-10T20:09:39+10:00,2024-12-24T23:12:29+11:00,7202,Unoccupied,21483,"-37.820276040290736, 144.94713077639028"
2026-08-10T20:09:39+10:00,2024-12-12T14:38:38+11:00,7202,Unoccupied,21485,"-37.820119662138126, 144.94707022587994"
2026-08-10T20:09:39+10:00,2026-08-10T19:40:40+10:00,7200,Present,21481,"-37.82156700773649, 144.9504411166862"
2026-08-10T20:09:39+10:00,2026-01-17T00:12:55+11:00,7229,Unoccupied,18612,"-37.82141258331601, 144.9511446603952"
2026-08-10T20:09:39+10:00,2026-08-02T20:55:14+10:00,7159,Unoccupied,18531,"-37.81949229126401, 144.95043664145663"
2026-08-10T20:09:39+10:00,2026-08-10T17:29:17+10:00,7228,Present,18565,"-37.819569347328084, 144.94969301197855"
2026-08-10T20:09:39+10:00,2026-08-10T19:05:41+10:00,7228,Unoccupied,18571,"-37.81987589225314, 144.94993894228122"
2026-08-10T20:09:39+10:00,2026-08-10T18:44:11+10:00,7228,Present,18567,"-37.819661393364115, 144.94976558139547"
2026-08-10T20:09:39+10:00,2026-08-10T09:59:12+10:00,7228,Present,18570,"-37.81981416590159, 144.94988583366637"
2026-08-10T20:09:39+10:00,2026-08-10T18:45:29+10:00,7228,Present,18566,"-37.81961403359331, 144.94972824250124"
2026-08-10T20:09:39+10:00,2026-08-10T18:52:16+10:00,7227,Unoccupied,18564,"-37.81921901366228, 144.94941671368198"
2026-08-10T20:09:39+10:00,2025-10-11T23:37:09+11:00,7222,Unoccupied,20932,"-37.820849264444725, 144.94306585953603"
2026-08-10T20:09:39+10:00,2025-11-30T18:19:12+11:00,7208,Unoccupied,20607,"-37.8211673065982, 144.9453672570661"
2026-08-10T20:09:39+10:00,2026-08-10T07:41:32+10:00,7208,Unoccupied,20611,"-37.82098157165377, 144.94541576884666"
2026-08-10T20:09:39+10:00,2026-02-08T15:00:52+11:00,7208,Unoccupied,20613,"-37.821101689301244, 144.94544773612796"
2026-08-10T20:09:39+10:00,2025-12-15T09:04:31+11:00,7213,Present,16287,"-37.820362474961634, 144.94402627094496"
2026-08-10T20:09:39+10:00,2026-03-25T09:21:49+11:00,7167,Present,17487,"-37.8204210749276, 144.94208717425943"
2026-08-10T20:09:39+10:00,2026-03-25T04:39:30+11:00,7167,Present,17493,"-37.82029216507679, 144.94253451002305"
2026-08-10T20:09:39+10:00,2025-08-09T23:14:16+10:00,7167,Unoccupied,17492,"-37.82031154772048, 144.9424672499739"
2026-08-10T20:09:39+10:00,2026-02-28T10:55:23+11:00,7167,Present,17494,"-37.82027324511611, 144.94260016791185"
2026-08-10T20:09:39+10:00,2026-03-25T09:37:54+11:00,7167,Present,17488,"-37.82038907970143, 144.94219820945807"
2026-08-10T20:09:39+10:00,2026-03-03T09:10:15+11:00,7167,Unoccupied,17500,"-37.820201470413465, 144.94223168811772"
2026-08-10T20:09:39+10:00,2026-03-25T07:54:46+11:00,7167,Present,17497,"-37.82014593555493, 144.9424237400629"
2026-08-10T20:09:39+10:00,2026-08-10T18:56:34+10:00,7207,Unoccupied,20605,"-37.82037098839134, 144.94457607720415"
2026-08-10T20:09:39+10:00,2025-11-01T12:35:09+11:00,7214,Unoccupied,20620,"-37.819641539773656, 144.94586612662667"
2026-08-10T20:09:39+10:00,2025-11-01T08:39:40+11:00,7214,Unoccupied,20623,"-37.81980707842661, 144.945909621506"
2026-08-10T20:09:39+10:00,2025-11-02T02:51:45+11:00,7214,Unoccupied,20920,"-37.820142626566124, 144.94599901947242"
2026-08-10T20:09:39+10:00,2026-08-10T14:27:01+10:00,7161,Present,20570,"-37.82038273315523, 144.9511045668553"
2026-08-10T20:09:39+10:00,2026-08-10T14:49:33+10:00,7161,Unoccupied,20573,"-37.82056490484314, 144.95125247431088"
2026-08-10T20:09:39+10:00,2026-08-10T19:10:22+10:00,7161,Present,20577,"-37.82093602215687, 144.95154435869017"
2026-08-10T20:09:39+10:00,2024-12-25T15:04:46+11:00,7165,Present,15327,"-37.81866478932355, 144.94819126833528"
2026-08-10T20:09:39+10:00,2024-12-25T16:15:19+11:00,7165,Present,15336,"-37.818778775339354, 144.9477980830452"
2026-08-10T20:09:39+10:00,2026-03-18T19:10:30+11:00,7173,Unoccupied,13022,"-37.81959659580849, 144.94494170325518"
2026-08-10T20:09:39+10:00,2026-08-10T17:48:37+10:00,7173,Unoccupied,13451,"-37.81954632984909, 144.9448009914606"
2026-08-10T20:09:39+10:00,2026-08-10T16:28:31+10:00,7173,Present,13449,"-37.81956463086485, 144.94473774153047"
2026-08-10T20:09:39+10:00,2026-02-20T06:46:14+11:00,7173,Present,13459,"-37.819466221474826, 144.94507795509554"
2026-08-10T20:09:39+10:00,2025-10-02T11:29:14+10:00,7173,Present,13456,"-37.81949368259774, 144.94498293410157"
2026-08-10T20:09:39+10:00,2026-08-09T14:56:30+10:00,7173,Present,13476,"-37.819219255459195, 144.94593289115932"
2026-08-10T20:09:39+10:00,2025-05-21T17:09:15+10:00,7173,Unoccupied,13453,"-37.8195280019909, 144.94486454941546"
2026-08-10T20:09:39+10:00,2026-08-01T11:34:11+10:00,7173,Present,13473,"-37.81924644084633, 144.94583855541015"
2026-08-10T20:09:39+10:00,2025-06-08T16:57:47+10:00,7173,Present,13021,"-37.819578635275995, 144.945003689975"
2026-08-10T20:09:39+10:00,2025-08-23T13:40:05+10:00,7173,Unoccupied,13452,"-37.819537177596004, 144.94483260294783"
2026-08-10T20:09:39+10:00,2025-11-08T02:36:42+11:00,7173,Unoccupied,13455,"-37.81950281828918, 144.94495134381808"
2026-08-10T20:09:39+10:00,2026-03-24T07:15:47+11:00,7178,Present,13400,"-37.81996043711991, 144.94336469751374"
2026-08-10T20:09:39+10:00,2026-03-25T09:08:53+11:00,7178,Present,13394,"-37.82001997842416, 144.94315996167091"
2026-08-10T20:09:39+10:00,2026-03-25T12:22:39+11:00,7178,Present,13396,"-37.82000385363874, 144.94321541209086"
2026-08-10T20:09:39+10:00,2026-03-25T09:41:51+11:00,7178,Unoccupied,13395,"-37.82001191603977, 144.94318768716136"
2026-08-10T20:09:39+10:00,2025-10-30T17:31:55+11:00,7197,Unoccupied,20871,"-37.81985615505279, 144.94527324403245"
2026-08-10T20:09:39+10:00,2026-03-07T18:30:26+11:00,7188,Present,17720,"-37.820384813996924, 144.93992958225567"
2026-08-10T20:09:39+10:00,2026-03-24T21:47:27+11:00,7188,Unoccupied,17717,"-37.82031223132367, 144.93962605267149"
2026-08-10T20:09:39+10:00,2026-03-10T21:47:07+11:00,7182,Present,23361,"-37.821105004185156, 144.94224275617853"
2026-08-10T20:09:39+10:00,2026-03-22T17:08:37+11:00,7182,Present,23362,"-37.82105266660878, 144.94222412117483"
2026-08-10T20:09:39+10:00,2026-03-24T14:12:51+11:00,7267,Unoccupied,15103,"-37.82178007096833, 144.9434975049776"
2026-08-10T20:09:39+10:00,2026-01-31T10:46:25+11:00,7267,Unoccupied,15100,"-37.82177629600672, 144.94359177259076"
2026-08-10T20:09:39+10:00,2026-08-10T17:56:00+10:00,7210,Unoccupied,17330,"-37.812513706488204, 144.9406746709352"
2026-08-10T20:09:39+10:00,2026-08-10T17:08:17+10:00,7210,Unoccupied,17334,"-37.81237334714782, 144.94104656813326"
2026-08-10T20:09:39+10:00,2026-08-10T15:24:30+10:00,7210,Unoccupied,17339,"-37.81248965430113, 144.94073843257348"
2026-08-10T20:09:39+10:00,2026-08-10T19:34:27+10:00,7226,Present,23387,"-37.81286579630847, 144.94052225278367"
2026-08-10T20:09:39+10:00,2026-08-10T18:42:47+10:00,7719,Unoccupied,23813,"-37.80176581946087, 144.9565309645787"
2026-08-10T20:09:39+10:00,2026-08-09T18:15:31+10:00,7719,Present,23814,"-37.80181717195635, 144.95652170245594"
2026-08-10T20:09:39+10:00,2025-02-06T17:30:10+11:00,7712,Present,11364,"-37.80411018240322, 144.95546281864233"
2026-08-10T20:09:39+10:00,2025-02-07T07:04:08+11:00,7712,Unoccupied,11369,"-37.80423505345237, 144.95544037250653"
2026-08-10T20:09:39+10:00,2025-08-25T09:43:40+10:00,7712,Unoccupied,11363,"-37.80408520855066, 144.95546730833104"
2026-08-10T20:09:39+10:00,2025-08-25T12:56:09+10:00,7712,Unoccupied,11362,"-37.80406023380684, 144.9554717974239"
2026-08-10T20:09:39+10:00,2025-06-01T13:33:59+10:00,7712,Present,11398,"-37.805381355877714, 144.95523429232816"
2026-08-10T20:09:39+10:00,2026-08-10T18:55:53+10:00,7156,Present,23948,"-37.814076722039104, 144.94258042924025"
2026-08-10T20:09:39+10:00,2026-08-10T20:07:47+10:00,7193,Present,15003,"-37.81459020510866, 144.9399536030092"
2026-08-10T20:09:39+10:00,2026-08-10T20:07:19+10:00,7261,Unoccupied,14792,"-37.812609795753716, 144.93643568442775"
2026-08-10T20:09:39+10:00,2026-08-10T17:47:51+10:00,7232,Present,21492,"-37.81331527110336, 144.93928156838024"
2026-08-10T20:09:39+10:00,2026-08-10T19:30:42+10:00,7232,Present,21493,"-37.81326599179952, 144.9392517783583"
2026-08-10T20:09:39+10:00,2026-08-10T17:58:57+10:00,7232,Present,21491,"-37.813364550400415, 144.93931135842863"
2026-08-10T20:09:39+10:00,2026-08-10T19:52:43+10:00,7178,Unoccupied,13408,"-37.81978379179296, 144.94397996210589"
2026-08-10T20:09:39+10:00,2026-08-10T19:03:10+10:00,7178,Unoccupied,13406,"-37.81980389778228, 144.94391087225625"
2026-08-10T20:09:39+10:00,2026-08-10T20:03:57+10:00,7195,Unoccupied,24273,"-37.81311169162248, 144.9424227882005"
2026-08-10T20:09:39+10:00,2026-08-10T17:33:35+10:00,7170,Unoccupied,13445,"-37.819595209964405, 144.94431238082225"
2026-08-10T20:09:39+10:00,2026-08-10T19:42:57+10:00,7725,Present,9606,"-37.803609638540756, 144.9494297650245"
2026-08-10T20:09:39+10:00,2025-11-08T08:11:41+11:00,7725,Present,9610,"-37.80382681301337, 144.94939150979235"
2026-08-10T20:09:39+10:00,2026-08-10T19:55:06+10:00,7753,Unoccupied,9622,"-37.8049750808603, 144.94864127922932"
2026-08-10T20:09:39+10:00,2026-02-08T16:04:30+11:00,7739,Present,10726,"-37.80456142547732, 144.95098101958465"
2026-08-10T20:09:39+10:00,2026-08-10T19:52:00+10:00,7981,Unoccupied,10881,"-37.8054168503065, 144.9503174114983"
2026-08-10T20:09:39+10:00,2026-08-10T18:29:23+10:00,7722,Unoccupied,11180,"-37.803361893890624, 144.9481784758012"
2026-08-10T20:09:39+10:00,2026-08-10T08:19:20+10:00,7708,Unoccupied,11945,"-37.80150062459572, 144.9549877030704"
2026-08-10T20:09:39+10:00,2026-07-13T10:17:30+10:00,7708,Present,11946,"-37.80146257809632, 144.9550358741397"
2026-08-10T20:09:39+10:00,2026-08-10T18:42:19+10:00,7720,Unoccupied,12121,"-37.79875816331267, 144.9519117567694"
2026-08-10T20:09:39+10:00,2026-08-10T19:14:25+10:00,7727,Present,14857,"-37.8009934710212, 144.95637587995068"
2026-08-10T20:09:39+10:00,2026-08-10T20:07:47+10:00,7757,Unoccupied,12293,"-37.799039996284016, 144.9535118577159"
2026-08-10T20:09:39+10:00,2024-12-25T16:07:39+11:00,7163,Unoccupied,18575,"-37.81932623235019, 144.94863069427277"
2026-08-10T20:09:39+10:00,2024-12-25T16:17:14+11:00,7163,Present,18577,"-37.819434297815846, 144.94863483090833"
2026-08-10T20:09:39+10:00,2024-11-14T18:58:39+11:00,7184,Unoccupied,20900,"-37.82105563700918, 144.94697668897598"
2026-08-10T20:09:39+10:00,2026-03-24T06:28:05+11:00,7186,Present,15090,"-37.82103357858126, 144.94333640050053"
2026-08-10T20:09:39+10:00,2026-08-09T21:49:59+10:00,7230,Unoccupied,18606,"-37.820966865406504, 144.9507948468937"
2026-08-10T20:09:39+10:00,2025-06-11T09:07:25+10:00,7208,Unoccupied,20612,"-37.821039942519995, 144.94543155629415"
2026-08-10T20:09:39+10:00,2025-12-15T10:49:36+11:00,7213,Present,16285,"-37.82026048159719, 144.9439810491996"
2026-08-10T20:09:39+10:00,2025-12-15T08:21:52+11:00,7213,Present,16289,"-37.820413468220664, 144.9440488762877"
2026-08-10T20:09:39+10:00,2025-12-15T10:36:12+11:00,7213,Present,16286,"-37.82031147805616, 144.94400366621178"
2026-08-10T20:09:39+10:00,2026-03-25T06:36:59+11:00,7167,Present,17491,"-37.82033093034448, 144.94239998990412"
2026-08-10T20:09:39+10:00,2026-08-10T16:13:46+10:00,7161,Unoccupied,20576,"-37.8207263715705, 144.9513794593367"
2026-08-10T20:09:39+10:00,2026-08-10T17:53:35+10:00,7161,Present,20584,"-37.821280500924274, 144.95181595117137"
2026-08-10T20:09:39+10:00,2026-07-06T17:42:26+10:00,7173,Unoccupied,13469,"-37.819288804365065, 144.9456917106085"
2026-08-10T20:09:39+10:00,2026-08-09T22:08:23+10:00,7173,Unoccupied,13466,"-37.81931716372279, 144.94559338830783"
2026-08-10T20:09:39+10:00,2026-03-25T06:40:45+11:00,7178,Present,13390,"-37.82006341848805, 144.94301059304897"
2026-08-10T20:09:39+10:00,2026-03-24T20:37:24+11:00,7178,Present,13392,"-37.82004729015223, 144.94306604520847"
2026-08-10T20:09:39+10:00,2026-03-20T02:03:54+11:00,7267,Unoccupied,15101,"-37.82167177709985, 144.9434493349197"
2026-08-10T20:09:39+10:00,2026-08-10T20:04:30+10:00,7205,Present,23850,"-37.81573920140633, 144.9453783334325"
2026-08-10T20:09:39+10:00,2024-12-25T16:20:08+11:00,7163,Present,24000,"-37.81993731499081, 144.9486542687062"
2026-08-10T20:09:39+10:00,2026-08-10T17:53:35+10:00,7232,Present,18065,"-37.81346065333692, 144.93937027942778"
2026-08-10T20:09:39+10:00,2026-08-10T19:44:30+10:00,7195,Unoccupied,24275,"-37.81315800343762, 144.94229966184616"
2026-08-10T20:09:39+10:00,2026-08-10T17:11:48+10:00,7195,Present,24278,"-37.81322859937619, 144.94211577081893"
2026-08-10T20:09:39+10:00,2026-08-10T19:37:04+10:00,7170,Unoccupied,13442,"-37.81965061526964, 144.94412267115138"
2026-08-10T20:09:39+10:00,2026-08-10T18:32:22+10:00,7156,Unoccupied,25365,"-37.813695652879844, 144.9419727655399"
2026-08-10T20:09:39+10:00,2026-03-25T05:38:51+11:00,7188,Present,17709,"-37.820245136840896, 144.9396681383507"
2026-08-10T20:09:39+10:00,2026-08-10T19:12:12+10:00,7348,Unoccupied,21515,"-37.83480108078649, 144.97568757520253"
2026-08-10T20:09:39+10:00,2026-08-10T11:31:03+10:00,7348,Unoccupied,21517,"-37.834818949758684, 144.97582428502477"
2026-08-10T20:09:39+10:00,2026-08-10T19:11:11+10:00,7348,Unoccupied,21518,"-37.834827867307936, 144.9758927189407"
2026-08-10T20:09:39+10:00,2026-08-10T17:37:00+10:00,7348,Unoccupied,21519,"-37.83483670749995, 144.97596042597542"
2026-08-10T20:09:39+10:00,2026-08-10T15:36:33+10:00,7348,Unoccupied,21521,"-37.834854216573255, 144.97609452787162"
2026-08-10T20:09:39+10:00,2026-08-10T09:44:20+10:00,7348,Unoccupied,21527,"-37.83503501311022, 144.9774790612321"
2026-08-10T20:09:39+10:00,2026-08-10T08:48:40+10:00,7348,Unoccupied,21532,"-37.83507967210864, 144.97782129040343"
2026-08-10T20:09:39+10:00,2026-08-10T18:57:07+10:00,7446,Present,60132,"-37.816261569015516, 144.97184955455805"
2026-08-10T20:09:39+10:00,2026-08-10T15:17:43+10:00,7451,Present,60220,"-37.8170502739336, 144.96851255564815"
2026-08-10T20:09:39+10:00,2026-08-10T17:28:49+10:00,7451,Present,60217,"-37.816990246411144, 144.96871639926962"
2026-08-10T20:09:39+10:00,2026-02-28T06:27:53+11:00,7452,Unoccupied,60229,"-37.8172368356614, 144.967879074441"
2026-08-10T20:09:39+10:00,2026-08-10T15:29:57+10:00,7452,Present,60230,"-37.817259031680905, 144.96780288709834"
2026-08-10T20:09:39+10:00,2026-08-10T06:36:01+10:00,7452,Unoccupied,60231,"-37.81728109902825, 144.9677264771886"
2026-08-10T20:09:39+10:00,2026-08-10T03:03:26+10:00,,Unoccupied,60241,"-37.81715872785921, 144.96881942436428"
2026-08-10T20:09:39+10:00,2026-08-10T18:42:47+10:00,,Present,60242,"-37.81717987559302, 144.9687481601918"
2026-08-10T20:09:39+10:00,2026-08-10T19:22:57+10:00,7428,Present,60840,"-37.81465095084691, 144.97326405962872"
2026-08-10T20:09:39+10:00,2026-07-29T00:02:22+10:00,7428,Present,60839,"-37.81463150943003, 144.9733306404806"
2026-08-10T20:09:39+10:00,2026-08-10T18:01:02+10:00,7450,Present,61152,"-37.81711533512234, 144.96485781621857"
2026-08-10T20:09:39+10:00,2026-08-10T19:20:37+10:00,7450,Present,61150,"-37.81707791779844, 144.96498568982452"
2026-08-10T20:09:39+10:00,2026-01-18T00:45:02+11:00,7358,Unoccupied,61830,"-37.814567458989146, 144.96942272705792"
2026-08-10T20:09:39+10:00,2025-04-17T09:36:21+10:00,7190,Present,62053,"-37.8159107017494, 144.96538744147296"
2026-08-10T20:09:39+10:00,2025-12-27T16:38:50+11:00,7190,Unoccupied,62021,"-37.81577920390957, 144.96528428878688"
2026-08-10T20:09:39+10:00,2026-08-10T19:44:20+10:00,7190,Unoccupied,62066,"-37.816171708304815, 144.96449169787263"
2026-08-10T20:09:39+10:00,2026-08-10T18:34:45+10:00,7190,Unoccupied,62064,"-37.81613529993613, 144.96461635441733"
2026-08-10T20:09:39+10:00,2026-08-10T20:07:45+10:00,,Present,62062,"-37.816091629688714, 144.96476635648838"
2026-08-10T20:09:39+10:00,2026-08-10T18:26:42+10:00,7189,Present,62060,"-37.81604530750404, 144.9649264513069"
2026-08-10T20:09:39+10:00,2026-08-10T19:33:05+10:00,7189,Unoccupied,62058,"-37.816001256997616, 144.96507840798898"
2026-08-10T20:09:39+10:00,2026-08-10T19:58:48+10:00,7190,Present,62029,"-37.81597589669934, 144.96461217547073"
2026-08-10T20:09:39+10:00,2025-11-12T06:59:59+11:00,7356,Present,61941,"-37.81494900164732, 144.96867536034765"
2026-08-10T20:09:39+10:00,2025-11-12T06:37:40+11:00,7359,Unoccupied,61923,"-37.81506459313497, 144.96772608979657"
2026-08-10T20:09:39+10:00,2025-11-23T11:33:12+11:00,,Present,61942,"-37.814969077124395, 144.9686066197323"
2026-08-10T20:09:39+10:00,2025-11-26T18:29:30+11:00,7359,Present,61921,"-37.815027134564744, 144.96785393251673"
2026-08-10T20:09:39+10:00,2025-11-12T06:39:44+11:00,7356,Unoccupied,61910,"-37.814820906790246, 144.96855784841813"
2026-08-10T20:09:39+10:00,2025-11-12T06:41:03+11:00,7359,Present,61914,"-37.814895832137886, 144.96830203829683"
2026-08-10T20:09:39+10:00,2025-11-12T07:00:02+11:00,7359,Unoccupied,61944,"-37.81501740687624, 144.9684421673731"
2026-08-10T20:09:39+10:00,2025-11-12T06:47:55+11:00,7359,Unoccupied,61945,"-37.81503490169031, 144.96838251781696"
2026-08-10T20:09:39+10:00,2025-11-12T06:41:14+11:00,7359,Unoccupied,61946,"-37.81505364804086, 144.9683187548285"
2026-08-10T20:09:39+10:00,2025-11-21T06:02:58+11:00,7356,Unoccupied,61953,"-37.81518520397381, 144.9678692404943"
2026-08-10T20:09:39+10:00,2025-11-21T06:33:47+11:00,7359,Unoccupied,61916,"-37.81493352939281, 144.96817353069463"
2026-08-10T20:09:39+10:00,2025-11-12T06:41:11+11:00,7356,Unoccupied,61932,"-37.81524676144919, 144.96710639909247"
2026-08-10T20:09:39+10:00,2026-08-10T19:56:08+10:00,7360,Unoccupied,61717,"-37.81372902783631, 144.97227583720053"
2026-08-10T20:09:39+10:00,2026-08-10T13:17:07+10:00,,Present,61742,"-37.81392251865462, 144.97216783478518"
2026-08-10T20:09:39+10:00,2026-08-10T19:46:18+10:00,7360,Present,61719,"-37.81376643090401, 144.9721479450268"
2026-08-10T20:09:39+10:00,2026-08-10T19:55:22+10:00,7360,Present,61720,"-37.81378517411707, 144.97208397025094"
2026-08-10T20:09:39+10:00,2026-08-10T19:37:14+10:00,7366,Present,61711,"-37.813606566039525, 144.97269212346686"
2026-08-10T20:09:39+10:00,2026-08-10T18:42:53+10:00,7366,Present,61715,"-37.813683449592375, 144.97243136086541"
2026-08-10T20:09:39+10:00,2026-08-10T20:07:21+10:00,7366,Unoccupied,61713,"-37.81364578351344, 144.97255905337184"
2026-08-10T20:09:39+10:00,2026-08-10T20:07:02+10:00,7366,Unoccupied,61714,"-37.81366461062718, 144.97249517994058"
2026-08-10T20:09:39+10:00,2026-08-10T18:23:41+10:00,7366,Present,61739,"-37.81385829188493, 144.97238678982364"
2026-08-10T20:09:39+10:00,2026-08-10T17:59:44+10:00,7366,Present,61741,"-37.81389692388056, 144.9722545565113"
2026-08-10T20:09:39+10:00,2026-08-10T20:02:42+10:00,7345,Present,63623,"-37.81311606144284, 144.9668601322978"
2026-08-10T20:09:39+10:00,2026-08-10T20:06:42+10:00,7345,Present,63626,"-37.813172423089526, 144.9666684545042"
2026-08-10T20:09:39+10:00,2025-10-06T14:10:33+11:00,7579,Present,63417,"-37.81164917591809, 144.97176236117136"
2026-08-10T20:09:39+10:00,2026-08-10T19:12:21+10:00,7343,Present,63446,"-37.81194106470079, 144.97132157812763"
2026-08-10T20:09:39+10:00,2026-08-10T18:58:21+10:00,7343,Present,63444,"-37.81190491391057, 144.97144518231443"
2026-08-10T20:09:39+10:00,2026-08-10T19:52:02+10:00,7343,Present,63445,"-37.811922677837586, 144.97138444602052"
2026-08-10T20:09:39+10:00,2026-08-10T17:47:08+10:00,7507,Unoccupied,62867,"-37.81395123634358, 144.96804003047197"
2026-08-10T20:09:39+10:00,2026-08-10T20:06:44+10:00,7507,Unoccupied,62869,"-37.81399026796555, 144.96790747269955"
2026-08-10T20:09:39+10:00,2026-08-10T20:00:07+10:00,7507,Present,62872,"-37.81404786900126, 144.96770882038703"
2026-08-10T20:09:39+10:00,2026-08-09T08:56:21+10:00,7508,Unoccupied,62885,"-37.8143324569225, 144.96674067593074"
2026-08-10T20:09:39+10:00,2026-08-09T11:42:50+10:00,,Unoccupied,62888,"-37.81438973865933, 144.96654638342596"
2026-08-10T20:09:39+10:00,2026-08-10T19:52:02+10:00,7536,Present,62734,"-37.81362523089549, 144.9690102149233"
2026-08-10T20:09:39+10:00,2026-08-10T20:05:14+10:00,7529,Present,62759,"-37.81369645832241, 144.9689400643884"
2026-08-10T20:09:39+10:00,2026-08-10T19:58:29+10:00,7529,Unoccupied,62758,"-37.81367850953133, 144.9690010590787"
2026-08-10T20:09:39+10:00,2026-08-10T19:09:44+10:00,,Present,62654,"-37.812737629446495, 144.97217052589957"
2026-08-10T20:09:39+10:00,2026-08-10T19:30:23+10:00,7512,Present,62646,"-37.81256160584434, 144.97277211752333"
2026-08-10T20:09:39+10:00,2026-08-10T19:01:31+10:00,,Unoccupied,50935,"-37.813445522263606, 144.97111070499417"
2026-08-10T20:09:39+10:00,2026-08-10T18:25:05+10:00,7400,Present,50918,"-37.813306662658555, 144.97121586356644"
2026-08-10T20:09:39+10:00,2026-08-10T18:21:28+10:00,7413,Present,51014,"-37.81270754880617, 144.97093919772306"
2026-08-10T20:09:39+10:00,2026-08-10T11:25:45+10:00,,Present,51812,"-37.81436649219873, 144.96894077268746"
2026-08-10T20:09:39+10:00,2026-08-10T20:04:53+10:00,7638,Unoccupied,51928,"-37.81348501062016, 144.9684113895476"
2026-08-10T20:09:39+10:00,2026-08-10T18:03:46+10:00,7638,Present,51931,"-37.81338463077226, 144.96836478187475"
2026-08-10T20:09:39+10:00,2026-08-10T20:07:05+10:00,7638,Unoccupied,51932,"-37.813361220798626, 144.96835416684405"
2026-08-10T20:09:39+10:00,2026-08-10T18:18:03+10:00,7638,Present,51935,"-37.813272765224156, 144.96831366008084"
2026-08-10T20:09:39+10:00,2026-08-10T19:09:42+10:00,7638,Present,51930,"-37.81340749303787, 144.96837524577256"
2026-08-10T20:09:39+10:00,2026-08-10T19:37:50+10:00,7320,Present,63530,"-37.81258791559216, 144.9685717748178"
2026-08-10T20:09:39+10:00,2026-08-10T19:36:40+10:00,7320,Present,63545,"-37.81236012778967, 144.9698963264026"
2026-08-10T20:09:39+10:00,2025-04-15T15:51:10+10:00,7334,Present,63511,"-37.81215372924373, 144.97004603058315"
2026-08-10T20:09:39+10:00,2026-08-10T19:51:57+10:00,7320,Present,63548,"-37.81241651876732, 144.96970466033275"
2026-08-10T20:09:39+10:00,2026-08-10T18:07:39+10:00,,Unoccupied,63517,"-37.81228599209617, 144.96959670748367"
2026-08-10T20:09:39+10:00,2026-08-10T19:39:34+10:00,7320,Present,63515,"-37.81223741168938, 144.96976176476102"
2026-08-10T20:09:39+10:00,2026-08-10T20:07:55+10:00,7320,Present,63516,"-37.812259359326596, 144.96968722093112"
2026-08-10T20:09:39+10:00,2026-08-10T19:07:53+10:00,7320,Present,63547,"-37.81239771442812, 144.96976854770918"
2026-08-10T20:09:39+10:00,2026-08-10T18:16:13+10:00,7334,Present,63541,"-37.81228496769381, 144.97015188822263"
2026-08-10T20:09:39+10:00,2026-08-10T19:53:06+10:00,7320,Present,63513,"-37.81219478906797, 144.96990656709656"
2026-08-10T20:09:39+10:00,2026-08-10T20:04:51+10:00,7320,Present,63514,"-37.812215861565896, 144.96983496181392"
2026-08-10T20:09:39+10:00,2026-08-10T16:18:44+10:00,,Unoccupied,50218,"-37.813027240435176, 144.9736804716792"
2026-08-10T20:09:39+10:00,2026-08-10T18:15:33+10:00,,Unoccupied,50216,"-37.81312274951321, 144.97372448375557"
2026-08-10T20:09:39+10:00,2026-08-10T19:49:55+10:00,7660,Present,50219,"-37.812964836768174, 144.97365327352892"
2026-08-10T20:09:39+10:00,2026-08-10T17:26:59+10:00,7645,Unoccupied,50212,"-37.81265866353571, 144.97376409324755"
2026-08-10T20:09:39+10:00,2026-08-10T17:57:00+10:00,7648,Present,50016,"-37.81463780356575, 144.97467993748148"
2026-08-10T20:09:39+10:00,2026-08-10T18:19:19+10:00,7648,Present,50011,"-37.814894823757236, 144.97479681112435"
2026-08-10T20:09:39+10:00,2026-03-26T16:58:54+11:00,7648,Present,50012,"-37.814846746523614, 144.97477537635376"
2026-08-10T20:09:39+10:00,2026-08-10T19:55:02+10:00,,Unoccupied,50128,"-37.813827068379794, 144.97408761367018"
2026-08-10T20:09:39+10:00,2026-08-10T19:58:17+10:00,7659,Present,50127,"-37.81388268742067, 144.97411356824355"
2026-08-10T20:09:39+10:00,2026-08-10T18:47:57+10:00,7637,Present,51752,"-37.81514510753681, 144.96905555985558"
2026-08-10T20:09:39+10:00,2026-08-10T19:04:50+10:00,7637,Present,51751,"-37.81519586057043, 144.96907916470437"
2026-08-10T20:09:39+10:00,2026-08-10T19:28:23+10:00,7636,Present,51745,"-37.815460746251276, 144.9692024722899"
2026-08-10T20:09:39+10:00,2026-08-10T19:45:42+10:00,7636,Present,51744,"-37.81551154694961, 144.9692260649376"
2026-08-10T20:09:39+10:00,2026-04-28T06:32:19+10:00,7636,Present,51743,"-37.815562164585664, 144.96924970540266"
2026-08-10T20:09:39+10:00,2026-08-10T18:24:32+10:00,7630,Present,51616,"-37.81607479216211, 144.96972864047393"
2026-08-10T20:09:39+10:00,2026-08-10T18:04:35+10:00,7631,Unoccupied,51631,"-37.81649658880538, 144.96967673346956"
2026-08-10T20:09:39+10:00,2026-07-08T07:26:30+10:00,7505,Unoccupied,64465,"-37.81239638600776, 144.96576403255543"
2026-08-10T20:09:39+10:00,2026-07-08T07:38:52+10:00,7505,Present,64464,"-37.81237645677143, 144.9658316438358"
2026-08-10T20:09:39+10:00,2026-07-08T05:46:31+10:00,7505,Unoccupied,64463,"-37.812356529394684, 144.96589926397638"
2026-08-10T20:09:39+10:00,2026-07-08T07:57:23+10:00,7505,Present,64462,"-37.81233666942701, 144.96596692676684"
2026-08-10T20:09:39+10:00,2026-04-26T09:23:12+10:00,7510,Unoccupied,64460,"-37.812297098046415, 144.96610222702856"
2026-08-10T20:09:39+10:00,2026-04-26T09:20:56+10:00,7510,Present,64459,"-37.812277350769435, 144.9661698963638"
2026-08-10T20:09:39+10:00,2026-07-08T07:54:28+10:00,7510,Present,64457,"-37.81223761113791, 144.96630512561"
2026-08-10T20:09:39+10:00,2026-07-08T07:57:21+10:00,7510,Unoccupied,64448,"-37.81206468602045, 144.96688621264752"
2026-08-10T20:09:39+10:00,2026-07-08T06:53:36+10:00,7514,Present,64564,"-37.81287896392247, 144.96410391459045"
2026-08-10T20:09:39+10:00,2026-07-08T06:54:08+10:00,,Present,64572,"-37.813108026939545, 144.96331982269274"
2026-08-10T20:09:39+10:00,2026-07-08T07:42:26+10:00,7514,Unoccupied,64569,"-37.813046773321524, 144.96352767863075"
2026-08-10T20:09:39+10:00,2026-07-08T07:52:21+10:00,7514,Unoccupied,64563,"-37.81285708892992, 144.96417845739566"
2026-08-10T20:09:39+10:00,2026-07-07T14:44:23+10:00,7514,Present,64559,"-37.81276759897656, 144.96448209633098"
2026-08-10T20:09:39+10:00,2026-08-10T19:37:12+10:00,7559,Present,64232,"-37.81084687052625, 144.97087774799098"
2026-08-10T20:09:39+10:00,2026-08-10T19:59:57+10:00,7538,Present,64269,"-37.810980619735375, 144.9705976665644"
2026-08-10T20:09:39+10:00,2026-08-10T19:06:55+10:00,7538,Present,64267,"-37.81094048577442, 144.97073333750177"
2026-08-10T20:09:39+10:00,2026-08-10T20:01:28+10:00,7538,Unoccupied,64268,"-37.810960212248105, 144.97066680013327"
2026-08-10T20:09:39+10:00,2026-08-10T19:16:19+10:00,7538,Present,64270,"-37.81100111533648, 144.97052846689505"
2026-08-10T20:09:39+10:00,2026-08-10T20:01:40+10:00,7559,Present,64237,"-37.81093843141535, 144.97056801842808"
2026-08-10T20:09:39+10:00,2026-08-10T19:45:32+10:00,7559,Present,64236,"-37.81092049676424, 144.97062863797422"
2026-08-10T20:09:39+10:00,2026-08-10T18:32:19+10:00,7538,Present,64215,"-37.81048616296172, 144.97210511002626"
2026-08-10T20:09:39+10:00,2026-08-10T17:55:08+10:00,7559,Present,64213,"-37.810447284115185, 144.9722377254383"
2026-08-10T20:09:39+10:00,2026-08-10T18:38:49+10:00,7538,Present,64249,"-37.81052097557947, 144.97216029878456"
2026-08-10T20:09:39+10:00,2026-08-10T17:00:38+10:00,7538,Unoccupied,64225,"-37.810702970855324, 144.9713693828465"
2026-08-10T20:09:39+10:00,2026-08-10T19:30:40+10:00,7538,Present,64226,"-37.81072332717126, 144.9713002485777"
2026-08-10T20:09:39+10:00,2026-08-10T18:48:04+10:00,7509,Present,66728,"-37.807833792216194, 144.97008436497526"
2026-08-10T20:09:39+10:00,2026-08-10T19:48:40+10:00,7509,Unoccupied,66727,"-37.80781497172843, 144.97014875664445"
2026-08-10T20:09:39+10:00,2026-08-10T18:19:47+10:00,7320,Present,63554,"-37.81252952549515, 144.9693203964564"
2026-08-10T20:09:39+10:00,2026-08-10T20:05:38+10:00,7725,Present,9574,"-37.804636610345014, 144.94943973121786"
2026-08-10T20:09:39+10:00,2026-08-10T19:43:55+10:00,7733,Present,9578,"-37.80441145284277, 144.94948034561548"
2026-08-10T20:09:39+10:00,2026-08-10T19:56:54+10:00,7733,Unoccupied,9575,"-37.8045765656706, 144.94945043899418"
2026-08-10T20:09:39+10:00,2026-08-10T17:07:44+10:00,7910,Present,22433,"-37.845215748368034, 144.98075831815993"
2026-08-10T20:09:39+10:00,2026-08-10T17:19:46+10:00,7910,Present,22434,"-37.84520648457837, 144.9806877039395"
2026-08-10T20:09:39+10:00,2026-08-10T20:05:20+10:00,7502,Unoccupied,66955,"-37.80909635924424, 144.96577225951415"
2026-08-10T20:09:39+10:00,2026-08-10T18:52:52+10:00,7502,Present,66954,"-37.80907748219062, 144.96583614005988"
2026-08-10T20:09:39+10:00,2026-07-07T05:54:04+10:00,,Unoccupied,64377,"-37.81172799964973, 144.96803706775827"
2026-08-10T20:09:39+10:00,2026-03-19T08:33:54+11:00,,Unoccupied,64344,"-37.81132229771207, 144.9694127013202"
2026-08-10T20:09:39+10:00,2026-08-10T20:05:02+10:00,7633,Unoccupied,52120,"-37.811130996115935, 144.96745747467256"
2026-08-10T20:09:39+10:00,2026-08-10T19:24:11+10:00,7633,Present,52121,"-37.811082778084455, 144.9674352005439"
2026-08-10T20:09:39+10:00,2026-08-10T19:32:06+10:00,7626,Present,52012,"-37.81240305617494, 144.96803830679937"
2026-08-10T20:09:39+10:00,2026-08-10T20:00:13+10:00,7625,Present,52014,"-37.81229628668516, 144.96799001851605"
2026-08-10T20:09:39+10:00,2026-08-10T19:10:19+10:00,7625,Present,52015,"-37.81224282200642, 144.96796583259675"
2026-08-10T20:09:39+10:00,2026-08-10T18:36:14+10:00,7560,Present,65953,"-37.8092795577476, 144.96874272434775"
2026-08-10T20:09:39+10:00,2026-08-10T18:21:50+10:00,7560,Present,65955,"-37.809311606724506, 144.96863375288518"
2026-08-10T20:09:39+10:00,2026-08-10T16:58:47+10:00,7273,Unoccupied,50651,"-37.808278162971284, 144.9716238307675"
2026-08-10T20:09:39+10:00,2026-08-10T16:43:46+10:00,7273,Unoccupied,50658,"-37.808117796663836, 144.97155150165665"
2026-08-10T20:09:39+10:00,2024-04-09T16:40:29+10:00,7273,Unoccupied,50654,"-37.80820933922588, 144.97159226173588"
2026-08-10T20:09:39+10:00,2026-08-10T16:39:36+10:00,7273,Unoccupied,50655,"-37.808186243556975, 144.9715812198217"
2026-08-10T20:09:39+10:00,2026-08-10T16:43:40+10:00,7273,Unoccupied,50657,"-37.808139610732866, 144.9715608503775"
2026-08-10T20:09:39+10:00,2026-08-10T16:06:45+10:00,7273,Unoccupied,50653,"-37.80823286184635, 144.97160314078872"
2026-08-10T20:09:39+10:00,2026-08-10T19:57:44+10:00,7649,Unoccupied,50643,"-37.808589373656346, 144.97176686270228"
2026-08-10T20:09:39+10:00,2026-08-10T15:36:35+10:00,7649,Unoccupied,50640,"-37.808660179978915, 144.97179932080303"
2026-08-10T20:09:39+10:00,2026-08-10T12:13:06+10:00,7649,Unoccupied,50637,"-37.80875480843041, 144.97184279187314"
2026-08-10T20:09:39+10:00,2026-08-10T16:18:34+10:00,7649,Unoccupied,50639,"-37.808707353974654, 144.9718209857686"
2026-08-10T20:09:39+10:00,2026-08-10T19:28:22+10:00,7649,Present,50632,"-37.808873080497605, 144.97189713888386"
2026-08-10T20:09:39+10:00,2026-08-10T19:15:48+10:00,7672,Present,50673,"-37.808586370255014, 144.97163949159662"
2026-08-10T20:09:39+10:00,2026-08-10T18:19:02+10:00,7640,Present,52211,"-37.81047780944391, 144.96716062051107"
2026-08-10T20:09:39+10:00,2026-08-10T20:00:28+10:00,7639,Present,52233,"-37.81016437697879, 144.96689143607355"
2026-08-10T20:09:39+10:00,2026-08-10T20:04:48+10:00,7639,Present,52214,"-37.810322721075494, 144.96709005970536"
2026-08-10T20:09:39+10:00,2026-08-10T19:37:12+10:00,7640,Present,52210,"-37.81052702660541, 144.9671826078899"
2026-08-10T20:09:39+10:00,2026-08-10T18:53:41+10:00,7639,Present,52229,"-37.81025740397943, 144.96693451497464"
2026-08-10T20:09:39+10:00,2026-08-10T20:07:19+10:00,7639,Unoccupied,52216,"-37.810219381758266, 144.9670427256048"
2026-08-10T20:09:39+10:00,2026-08-10T20:05:50+10:00,7639,Present,52225,"-37.81034895065827, 144.96697690871835"
2026-08-10T20:09:39+10:00,2026-08-10T19:28:39+10:00,7639,Present,52244,"-37.81048201748722, 144.96690861753746"
2026-08-10T20:09:39+10:00,2026-08-10T20:07:08+10:00,7639,Present,52228,"-37.81028044883135, 144.96694518657677"
2026-08-10T20:09:39+10:00,2026-08-10T18:13:55+10:00,7639,Present,52213,"-37.8103743707447, 144.96711375461814"
2026-08-10T20:09:39+10:00,2026-08-10T17:49:02+10:00,7640,Present,52212,"-37.81042605056351, 144.9671373266492"
2026-08-10T20:09:39+10:00,2026-08-10T20:04:02+10:00,,Unoccupied,52311,"-37.80962821227467, 144.96677028499568"
2026-08-10T20:09:39+10:00,2026-08-10T19:09:44+10:00,7640,Present,52246,"-37.81038030052923, 144.96686215988376"
2026-08-10T20:09:39+10:00,2026-08-10T19:00:37+10:00,7640,Present,52249,"-37.81022784109334, 144.96679247393865"
2026-08-10T20:09:39+10:00,2026-08-10T18:04:14+10:00,7548,Unoccupied,65863,"-37.808974945759374, 144.96983154209187"
2026-08-10T20:09:39+10:00,2026-08-10T19:21:28+10:00,7548,Unoccupied,65855,"-37.80882010318139, 144.9703644306575"
2026-08-10T20:09:39+10:00,2026-08-10T19:25:24+10:00,7563,Unoccupied,65836,"-37.8089525716381, 144.96973758829395"
2026-08-10T20:09:39+10:00,2026-08-10T15:43:52+10:00,7561,Unoccupied,65833,"-37.808896816634046, 144.96992978550367"
2026-08-10T20:09:39+10:00,2026-08-10T17:59:20+10:00,7561,Unoccupied,65817,"-37.808589230810036, 144.9709880020124"
2026-08-10T20:09:39+10:00,2026-08-10T18:16:59+10:00,7561,Unoccupied,65834,"-37.80891545154011, 144.96986556596156"
2026-08-10T20:09:39+10:00,2026-08-10T19:38:45+10:00,7548,Unoccupied,65862,"-37.808955557681536, 144.9698981649386"
2026-08-10T20:09:39+10:00,2026-08-10T18:48:50+10:00,7561,Unoccupied,65818,"-37.808607878231, 144.970924044992"
2026-08-10T20:09:39+10:00,2026-08-10T17:34:02+10:00,7541,Present,65865,"-37.80901282806044, 144.96970154810543"
2026-08-10T20:09:39+10:00,2026-08-10T19:26:26+10:00,7548,Present,65856,"-37.808836973509045, 144.9703056798137"
2026-08-10T20:09:39+10:00,2026-08-10T19:36:09+10:00,7541,Present,65868,"-37.80906845855351, 144.96951064397913"
2026-08-10T20:09:39+10:00,2026-08-04T07:21:46+10:00,,Present,62433,"-37.81884743600378, 144.9546404003079"
2026-08-10T20:09:39+10:00,2026-08-10T17:24:43+10:00,7331,Present,53815,"-37.81818609280648, 144.96280221763527"
2026-08-10T20:09:39+10:00,2026-08-10T20:04:34+10:00,,Unoccupied,53836,"-37.81793247863229, 144.962624060189"
2026-08-10T20:09:39+10:00,2026-08-10T19:43:14+10:00,7329,Present,53827,"-37.81852457756679, 144.962895139982"
2026-08-10T20:09:39+10:00,2026-08-10T18:29:01+10:00,7335,Present,64112,"-37.816505634092294, 144.9549808119982"
2026-08-10T20:09:39+10:00,2026-08-10T18:41:35+10:00,7335,Present,64114,"-37.81655429082221, 144.954809371304"
2026-08-10T20:09:39+10:00,2026-07-07T09:17:06+10:00,,Unoccupied,64135,"-37.8165770103364, 144.95540522208717"
2026-08-10T20:09:39+10:00,2026-08-10T19:34:07+10:00,7377,Unoccupied,57719,"-37.8200900829024, 144.95568629843393"
2026-08-10T20:09:39+10:00,2026-08-10T18:49:29+10:00,7339,Present,63962,"-37.81558328300279, 144.95883870189178"
2026-08-10T20:09:39+10:00,2025-07-12T19:02:15+10:00,,Present,63965,"-37.81563682178842, 144.95865296609833"
2026-08-10T20:09:39+10:00,2026-08-10T19:13:01+10:00,,Unoccupied,63961,"-37.8155632882135, 144.95890808331364"
2026-08-10T20:09:39+10:00,2025-06-03T14:05:48+10:00,7339,Unoccupied,63964,"-37.81561942220297, 144.9587132570325"
2026-08-10T20:09:39+10:00,2026-08-10T19:40:21+10:00,7357,Present,62410,"-37.81842681830983, 144.95611514335633"
2026-08-10T20:09:39+10:00,2026-08-10T19:39:58+10:00,7354,Present,62418,"-37.81857432698953, 144.9556004387088"
2026-08-10T20:09:39+10:00,2026-02-13T08:14:00+11:00,7416,Present,61244,"-37.817647807215906, 144.96300491158732"
2026-08-10T20:09:39+10:00,2026-02-13T07:50:54+11:00,7416,Unoccupied,61247,"-37.81770272307367, 144.96281254166757"
2026-08-10T20:09:39+10:00,2025-09-24T10:44:59+10:00,,Present,60729,"-37.820568689248745, 144.95720553114228"
2026-08-10T20:09:39+10:00,2026-02-23T04:59:52+11:00,7433,Unoccupied,60723,"-37.82077492047865, 144.9556468826787"
2026-08-10T20:09:39+10:00,2026-08-10T17:28:50+10:00,7433,Present,60715,"-37.820589683664565, 144.95628361930926"
2026-08-10T20:09:39+10:00,2026-08-10T19:39:39+10:00,7437,Unoccupied,60711,"-37.82052270638848, 144.95651785462536"
2026-08-10T20:09:39+10:00,2026-08-10T19:41:04+10:00,7438,Present,60730,"-37.82058682406095, 144.95714015346647"
2026-08-10T20:09:39+10:00,2026-08-10T18:35:28+10:00,7437,Present,60710,"-37.820504179700805, 144.95658188878198"
2026-08-10T20:09:39+10:00,2026-08-10T20:01:29+10:00,7433,Present,60714,"-37.82057117221753, 144.9563476422107"
2026-08-10T20:09:39+10:00,2026-08-10T20:07:12+10:00,7433,Present,60719,"-37.82066299146257, 144.95603016419642"
2026-08-10T20:09:39+10:00,2026-08-10T20:01:10+10:00,7438,Unoccupied,60739,"-37.82082072074438, 144.95633848342953"
2026-08-10T20:09:39+10:00,2025-10-03T10:19:09+10:00,,Present,60724,"-37.82079602210146, 144.95558461232133"
2026-08-10T20:09:39+10:00,2025-10-03T11:17:45+10:00,,Present,60725,"-37.820817194539316, 144.95552208469843"
2026-08-10T20:09:39+10:00,2026-08-10T19:31:24+10:00,7647,Present,50511,"-37.80988630038749, 144.97234932670602"
2026-08-10T20:09:39+10:00,2026-08-10T18:38:33+10:00,7647,Present,50520,"-37.8099651767365, 144.97227394883288"
2026-08-10T20:09:39+10:00,2026-08-10T18:03:40+10:00,7647,Present,50519,"-37.81001589255792, 144.972297539473"
2026-08-10T20:09:39+10:00,2026-08-10T19:05:34+10:00,7647,Present,50517,"-37.810117223206504, 144.972345058043"
2026-08-10T20:09:39+10:00,2026-08-10T19:09:37+10:00,7647,Present,50522,"-37.809863966907926, 144.97222698193443"
2026-08-10T20:09:39+10:00,2026-08-10T19:47:32+10:00,7647,Present,50525,"-37.80969053851695, 144.97214651504885"
2026-08-10T20:09:39+10:00,2026-08-10T18:34:54+10:00,7647,Present,50516,"-37.81016753034777, 144.97236865287005"
2026-08-10T20:09:39+10:00,2026-08-10T19:54:42+10:00,7458,Unoccupied,61322,"-37.81804995711833, 144.96164528316527"
2026-08-10T20:09:39+10:00,2026-08-08T00:24:47+10:00,7459,Present,61328,"-37.81819811408035, 144.9611272047889"
2026-08-10T20:09:39+10:00,2026-08-10T20:04:59+10:00,7455,Present,61412,"-37.818487336629275, 144.96024806645505"
2026-08-10T20:09:39+10:00,2026-08-10T20:02:27+10:00,7457,Present,61415,"-37.818544379483654, 144.96005669495756"
2026-08-10T20:09:39+10:00,2026-08-10T19:22:16+10:00,7455,Unoccupied,61421,"-37.81832366163701, 144.96029833485363"
2026-08-10T20:09:39+10:00,2026-08-10T18:40:09+10:00,7532,Unoccupied,63240,"-37.8169672378573, 144.95766457678863"
2026-08-10T20:09:39+10:00,2026-08-10T19:38:14+10:00,7534,Unoccupied,63238,"-37.816930497471056, 144.95779309720456"
2026-08-10T20:09:39+10:00,2026-08-10T19:42:35+10:00,7534,Present,63217,"-37.81681455360035, 144.95786746467473"
2026-08-10T20:09:39+10:00,2026-08-10T19:21:33+10:00,,Unoccupied,63221,"-37.81688850137962, 144.95760944316558"
2026-08-10T20:09:39+10:00,2026-06-16T10:57:06+10:00,,Present,51311,"-37.80948577422579, 144.96929419600121"
2026-08-10T20:09:39+10:00,2026-08-10T19:43:34+10:00,7406,Present,51442,"-37.80857093499759, 144.96895845596356"
2026-08-10T20:09:39+10:00,2026-08-10T19:07:08+10:00,7406,Present,51447,"-37.80843764000215, 144.96889713190575"
2026-08-10T20:09:39+10:00,2026-08-10T18:17:15+10:00,7406,Present,51431,"-37.80892154559864, 144.96911973835807"
2026-08-10T20:09:39+10:00,2026-08-10T18:53:09+10:00,7406,Present,51439,"-37.80865087909215, 144.96899527846267"
2026-08-10T20:09:39+10:00,2026-08-10T19:24:26+10:00,7406,Unoccupied,51440,"-37.808624287296716, 144.96898296910092"
2026-08-10T20:09:39+10:00,2026-08-10T17:43:24+10:00,7547,Present,66429,"-37.8132769911646, 144.9548920632873"
2026-08-10T20:09:39+10:00,2026-08-10T18:40:36+10:00,7547,Present,66431,"-37.813323494283814, 144.9547298672462"
2026-08-10T20:09:39+10:00,2026-08-10T07:20:49+10:00,7547,Unoccupied,66448,"-37.813151726499726, 144.95550910703662"
2026-08-10T20:09:39+10:00,2026-06-07T04:50:32+10:00,7547,Unoccupied,66447,"-37.81313518040935, 144.95556735990664"
2026-08-10T20:09:39+10:00,2026-08-10T07:50:19+10:00,7547,Present,66430,"-37.81329741425104, 144.95482100789945"
2026-08-10T20:09:39+10:00,2026-08-09T13:35:37+10:00,7547,Present,66450,"-37.81318851892835, 144.95537979114368"
2026-08-10T20:09:39+10:00,2026-08-10T18:51:11+10:00,7552,Present,66433,"-37.812841201958975, 144.9566041325585"
2026-08-10T20:09:39+10:00,2026-08-10T17:09:48+10:00,7552,Unoccupied,66434,"-37.81285903006438, 144.95653978478657"
2026-08-10T20:09:39+10:00,2026-08-10T17:54:26+10:00,7547,Present,66427,"-37.81322200356425, 144.95508534746256"
2026-08-10T20:09:39+10:00,2026-08-10T18:09:00+10:00,7344,Present,62218,"-37.81716677181272, 144.96050051138852"
2026-08-10T20:09:39+10:00,2026-08-10T18:42:58+10:00,7355,Unoccupied,62238,"-37.817181495005315, 144.96101214226854"
2026-08-10T20:09:39+10:00,2026-08-10T20:06:40+10:00,7355,Present,62237,"-37.81716336330803, 144.96107544086362"
2026-08-10T20:09:39+10:00,2025-08-24T06:55:39+10:00,7418,Unoccupied,61634,"-37.81959144964242, 144.9565930457811"
2026-08-10T20:09:39+10:00,2026-08-10T19:27:23+10:00,,Unoccupied,61654,"-37.820056364738484, 144.9549493448011"
2026-08-10T20:09:39+10:00,2026-08-10T19:25:04+10:00,7418,Present,61635,"-37.81961194709902, 144.95652096544404"
2026-08-10T20:09:39+10:00,2026-08-10T19:58:48+10:00,7418,Unoccupied,61652,"-37.820014035321634, 144.95509897190527"
2026-08-10T20:09:39+10:00,2026-08-10T19:51:41+10:00,7418,Unoccupied,61648,"-37.819941167057515, 144.9553565516419"
2026-08-10T20:09:39+10:00,2026-08-10T19:58:34+10:00,7418,Unoccupied,61647,"-37.81992324264816, 144.9554198964517"
2026-08-10T20:09:39+10:00,2026-08-10T19:57:53+10:00,7417,Unoccupied,61615,"-37.8196255977317, 144.95611916113896"
2026-08-10T20:09:39+10:00,2026-08-10T19:43:28+10:00,7417,Present,61616,"-37.81964378270916, 144.9560549980689"
2026-08-10T20:09:39+10:00,2026-08-10T19:55:39+10:00,7417,Unoccupied,61617,"-37.81966199097232, 144.955990826353"
2026-08-10T20:09:39+10:00,2026-08-10T19:49:12+10:00,7417,Present,61618,"-37.819680188600614, 144.9559266523233"
2026-08-10T20:09:39+10:00,2026-08-10T19:56:25+10:00,7336,Present,64015,"-37.815989312850924, 144.95684123123507"
2026-08-10T20:09:39+10:00,2026-08-10T18:18:36+10:00,7340,Present,64025,"-37.81620363623374, 144.9560971881385"
2026-08-10T20:09:39+10:00,2026-08-10T15:51:48+10:00,7523,Unoccupied,63016,"-37.81538526129633, 144.9629727358269"
2026-08-10T20:09:39+10:00,2026-08-10T19:32:15+10:00,7525,Present,63063,"-37.81552660247816, 144.96269877977673"
2026-08-10T20:09:39+10:00,2026-08-10T17:42:30+10:00,7523,Present,63014,"-37.81534931281213, 144.96309504840912"
2026-08-10T20:09:39+10:00,2026-08-10T19:17:58+10:00,7525,Unoccupied,63076,"-37.81584843572429, 144.96159640606774"
2026-08-10T20:09:39+10:00,2026-08-10T18:17:56+10:00,7525,Present,63075,"-37.81578222875504, 144.96182285140975"
2026-08-10T20:09:39+10:00,2026-08-10T17:59:39+10:00,7525,Present,63073,"-37.81574455575317, 144.96195137966743"
2026-08-10T20:09:39+10:00,2026-08-10T19:20:23+10:00,7419,Present,61536,"-37.818911420817656, 144.9589517425736"
2026-08-10T20:09:39+10:00,2026-08-10T20:01:17+10:00,7419,Unoccupied,61534,"-37.81887307662266, 144.95908404503012"
2026-08-10T20:09:39+10:00,2026-08-10T19:11:10+10:00,7425,Present,61545,"-37.81926742928211, 144.95770932065443"
2026-08-10T20:09:39+10:00,2026-08-10T17:48:43+10:00,7425,Unoccupied,61547,"-37.81930428621163, 144.95758236403657"
2026-08-10T20:09:39+10:00,2026-08-10T18:04:48+10:00,7425,Present,61546,"-37.81928553604228, 144.95764690502048"
2026-08-10T20:09:39+10:00,2026-08-10T19:40:06+10:00,7419,Present,61515,"-37.81890081950156, 144.95864046417074"
2026-08-10T20:09:39+10:00,2026-08-10T18:50:45+10:00,7424,Present,61522,"-37.819114005368036, 144.9579063387825"
2026-08-10T20:09:39+10:00,2026-08-10T19:02:50+10:00,7419,Present,61520,"-37.81907679921537, 144.95803435114055"
2026-08-10T20:09:39+10:00,2026-08-10T19:39:40+10:00,,Present,63130,"-37.81607153982473, 144.96080982076225"
2026-08-10T20:09:39+10:00,2026-08-10T19:43:58+10:00,,Unoccupied,63131,"-37.8160910722565, 144.96074098912055"
2026-08-10T20:09:39+10:00,2026-08-10T18:47:48+10:00,7527,Present,63124,"-37.81626061953369, 144.95996820198357"
2026-08-10T20:09:39+10:00,2026-08-10T18:03:16+10:00,7528,Present,63151,"-37.8165324921413, 144.9591925424974"
2026-08-10T20:09:39+10:00,2026-08-10T20:02:36+10:00,7528,Present,63152,"-37.816551478301335, 144.95912673787493"
2026-08-10T20:09:39+10:00,2026-08-07T14:09:30+10:00,7527,Unoccupied,63141,"-37.81634039817992, 144.9598627272871"
2026-08-10T20:09:39+10:00,2026-08-10T18:30:52+10:00,7644,Present,58116,"-37.81749654217096, 144.9535589917993"
2026-08-10T20:09:39+10:00,2026-08-10T19:12:29+10:00,7686,Present,57925,"-37.81956200920658, 144.95450901453108"
2026-08-10T20:09:39+10:00,2026-08-10T18:41:43+10:00,7686,Unoccupied,57924,"-37.819612429979095, 144.95453219490963"
2026-08-10T20:09:39+10:00,2026-08-10T20:07:37+10:00,7643,Unoccupied,57923,"-37.81966279579272, 144.95455527327397"
2026-08-10T20:09:39+10:00,2026-08-10T18:27:21+10:00,7765,Unoccupied,65333,"-37.81210377939409, 144.9625391793404"
2026-08-10T20:09:39+10:00,2026-08-10T18:30:59+10:00,7569,Present,65241,"-37.811068808708015, 144.96671798042107"
2026-08-10T20:09:39+10:00,2026-08-10T18:47:07+10:00,7557,Present,65220,"-37.811070029710464, 144.96607795345318"
2026-08-10T20:09:39+10:00,2026-08-10T17:48:10+10:00,7569,Present,65242,"-37.81108767937468, 144.96665412897846"
2026-08-10T20:09:39+10:00,2026-08-10T20:06:12+10:00,7569,Unoccupied,65248,"-37.8112264628938, 144.96618476990096"
2026-08-10T20:09:39+10:00,2026-08-10T17:31:28+10:00,7763,Unoccupied,65026,"-37.809780944277975, 144.97046816802302"
2026-08-10T20:09:39+10:00,2026-08-10T18:37:39+10:00,,Unoccupied,65021,"-37.80967346794263, 144.97083457232358"
2026-08-10T20:09:39+10:00,2026-08-10T18:17:34+10:00,7570,Present,65075,"-37.810006553676985, 144.97003041759416"
2026-08-10T20:09:39+10:00,2026-08-10T18:18:48+10:00,7570,Present,65074,"-37.80999900178441, 144.97005620734325"
2026-08-10T20:09:39+10:00,2026-08-10T19:54:45+10:00,7570,Present,65070,"-37.80995805934285, 144.97019604728666"
2026-08-10T20:09:39+10:00,2026-06-02T10:47:24+10:00,7570,Unoccupied,65066,"-37.80991773076221, 144.9703338093538"
2026-08-10T20:09:39+10:00,2026-08-10T18:43:51+10:00,7570,Present,65065,"-37.809910311128576, 144.97035915417365"
2026-08-10T20:09:39+10:00,2026-08-10T19:59:03+10:00,7764,Present,65019,"-37.80964893705597, 144.9709169353198"
2026-08-10T20:09:39+10:00,2026-08-10T17:07:34+10:00,7570,Unoccupied,65063,"-37.80986340442115, 144.97051957741644"
2026-08-10T20:09:39+10:00,2026-08-10T17:52:54+10:00,7570,Unoccupied,65062,"-37.80984383399, 144.97058642839502"
2026-08-10T20:09:39+10:00,2026-08-10T20:00:20+10:00,7570,Unoccupied,65057,"-37.8097917677008, 144.97076399805246"
2026-08-10T20:09:39+10:00,2026-08-10T17:13:15+10:00,7570,Unoccupied,65048,"-37.80965891045284, 144.97121818720672"
2026-08-10T20:09:39+10:00,2026-08-10T18:31:49+10:00,7570,Unoccupied,65046,"-37.8096326687745, 144.97130773358924"
2026-08-10T20:09:39+10:00,2026-08-10T17:07:32+10:00,7570,Unoccupied,65036,"-37.80953617826503, 144.97163714653533"
2026-08-10T20:09:39+10:00,2026-08-10T18:20:40+10:00,7570,Present,65049,"-37.80966733243581, 144.97118892646492"
2026-08-10T20:09:39+10:00,2026-08-10T18:06:00+10:00,7763,Unoccupied,65017,"-37.80959410059695, 144.9711033282569"
2026-08-10T20:09:39+10:00,2026-08-10T18:05:58+10:00,7763,Unoccupied,65015,"-37.809550429317284, 144.97125239981352"
2026-08-10T20:09:39+10:00,2026-08-10T19:04:24+10:00,7572,Unoccupied,65086,"-37.809782337915024, 144.97114125414208"
2026-08-10T20:09:39+10:00,2026-05-01T07:55:52+10:00,,Present,65166,"-37.81063523212935, 144.96788874621052"
2026-08-10T20:09:39+10:00,2026-08-10T17:58:30+10:00,7556,Present,65136,"-37.81032556866694, 144.96894199588996"
2026-08-10T20:09:39+10:00,2026-08-10T18:32:18+10:00,7556,Present,65129,"-37.81025476640585, 144.9691838165588"
2026-08-10T20:09:39+10:00,2026-08-10T18:10:33+10:00,7556,Present,65130,"-37.81026342710544, 144.96915418415912"
2026-08-10T20:09:39+10:00,2026-08-10T18:56:21+10:00,7556,Present,65135,"-37.81031658628852, 144.9689726149363"
2026-08-10T20:09:39+10:00,2026-08-10T18:22:31+10:00,7556,Present,65137,"-37.810334301158015, 144.96891216705563"
2026-08-10T20:09:39+10:00,2026-08-10T18:21:42+10:00,7556,Present,65139,"-37.8103516363898, 144.96885285230542"
2026-08-10T20:09:39+10:00,2026-08-10T20:03:08+10:00,7556,Unoccupied,65140,"-37.810360151885874, 144.96882366467938"
2026-08-10T20:09:39+10:00,2026-08-10T19:33:49+10:00,7556,Present,65141,"-37.810368469239876, 144.9687950736765"
2026-08-10T20:09:39+10:00,2026-08-10T18:41:34+10:00,7568,Present,65195,"-37.8107357278009, 144.96788565150166"
2026-08-10T20:09:39+10:00,2026-08-10T19:29:53+10:00,7568,Present,65196,"-37.81075468352928, 144.9678212234596"
2026-08-10T20:09:39+10:00,2025-06-02T16:28:57+10:00,7566,Unoccupied,65572,"-37.81353464660003, 144.95796968212494"
2026-08-10T20:09:39+10:00,2025-06-02T16:28:35+10:00,7566,Unoccupied,65575,"-37.81356081132763, 144.95788009767767"
2026-08-10T20:09:39+10:00,2025-06-02T17:13:54+10:00,7566,Unoccupied,65530,"-37.813126917055136, 144.95936632886213"
2026-08-10T20:09:39+10:00,2025-06-02T18:42:58+10:00,7566,Unoccupied,65560,"-37.81343025022676, 144.95832711066356"
2026-08-10T20:09:39+10:00,2025-06-02T18:11:59+10:00,7566,Present,65538,"-37.81319676404733, 144.95912719882205"
2026-08-10T20:09:39+10:00,2025-06-02T16:03:55+10:00,7566,Unoccupied,65559,"-37.8134213075179, 144.9583577289901"
2026-08-10T20:09:39+10:00,2025-04-10T11:52:25+10:00,7566,Unoccupied,65565,"-37.81347412665417, 144.9581768886335"
2026-08-10T20:09:39+10:00,2025-06-02T16:27:30+10:00,7566,Unoccupied,65568,"-37.813499880271024, 144.95808871514726"
2026-08-10T20:09:39+10:00,2025-06-02T18:44:47+10:00,7566,Unoccupied,65527,"-37.81308470590268, 144.95951158908997"
2026-08-10T20:09:39+10:00,2025-06-02T15:50:06+10:00,7566,Present,65551,"-37.81332963316226, 144.95867229615575"
2026-08-10T20:09:39+10:00,2025-06-02T17:16:44+10:00,7566,Unoccupied,65556,"-37.81339527132031, 144.95844687222694"
2026-08-10T20:09:39+10:00,2025-06-02T17:25:40+10:00,7566,Unoccupied,65544,"-37.81324922499055, 144.95894759050816"
2026-08-10T20:09:39+10:00,2025-06-02T17:56:47+10:00,7566,Present,65531,"-37.813135638415574, 144.9593364688236"
2026-08-10T20:09:39+10:00,2025-06-02T17:24:58+10:00,7566,Present,65534,"-37.81316183570986, 144.95924678049406"
2026-08-10T20:09:39+10:00,2025-06-02T18:49:39+10:00,7566,Unoccupied,65537,"-37.813188012095566, 144.95915716252705"
2026-08-10T20:09:39+10:00,2025-06-02T19:27:29+10:00,7768,Unoccupied,65517,"-37.81319042136519, 144.9588003813769"
2026-08-10T20:09:39+10:00,2025-06-02T17:36:40+10:00,7768,Unoccupied,65515,"-37.813128254688216, 144.95901420809963"
2026-08-10T20:09:39+10:00,2025-06-02T18:12:31+10:00,7768,Unoccupied,65518,"-37.81320766564029, 144.95874115957292"
2026-08-10T20:09:39+10:00,2025-06-02T13:47:17+10:00,7767,Unoccupied,65523,"-37.81335468962813, 144.95823713898977"
2026-08-10T20:09:39+10:00,2026-08-10T18:57:17+10:00,7780,Present,65489,"-37.81286309097017, 144.9606030839106"
2026-08-10T20:09:39+10:00,2026-08-10T20:05:47+10:00,7553,Present,65490,"-37.81288436256271, 144.96053120913592"
2026-08-10T20:09:39+10:00,2026-08-10T19:52:38+10:00,7551,Unoccupied,65467,"-37.81287812101459, 144.96025785326407"
2026-08-10T20:09:39+10:00,2026-08-10T19:49:50+10:00,7551,Present,65445,"-37.81250229365364, 144.96154680933415"
2026-08-10T20:09:39+10:00,2026-08-10T20:00:01+10:00,7551,Present,65460,"-37.812745913285035, 144.96062414113032"
2026-08-10T20:09:39+10:00,2026-08-10T19:38:35+10:00,7551,Present,65444,"-37.81247977164957, 144.9615358967898"
2026-08-10T20:09:39+10:00,2026-08-10T18:59:57+10:00,7551,Present,65442,"-37.81246043598928, 144.96160240518526"
2026-08-10T20:09:39+10:00,2026-08-10T19:58:59+10:00,7551,Present,65447,"-37.812522292713346, 144.96147743375732"
2026-08-10T20:09:39+10:00,2026-08-10T19:06:03+10:00,7551,Present,65458,"-37.812728652423644, 144.96068369987339"
2026-08-10T20:09:39+10:00,2025-06-02T18:20:49+10:00,7571,Present,65652,"-37.814005248725564, 144.95630569160573"
2026-08-10T20:09:39+10:00,2025-06-02T19:02:33+10:00,7571,Present,65660,"-37.814193382180775, 144.9556474335151"
2026-08-10T20:09:39+10:00,2025-06-02T19:24:03+10:00,7571,Unoccupied,65643,"-37.81391238953587, 144.95663058121823"
2026-08-10T20:09:39+10:00,2025-06-02T19:19:13+10:00,7571,Unoccupied,65648,"-37.813955063716854, 144.95648172021134"
2026-08-10T20:09:39+10:00,2025-06-02T19:06:49+10:00,7571,Present,65669,"-37.81426809230024, 144.95538539765067"
2026-08-10T20:09:39+10:00,2025-06-02T19:20:52+10:00,7571,Present,65647,"-37.81394634791999, 144.95651214629643"
2026-08-10T20:09:39+10:00,2025-06-02T19:36:27+10:00,7571,Present,65661,"-37.814201565097214, 144.95561859039697"
2026-08-10T20:09:39+10:00,2025-06-02T18:22:36+10:00,7575,Unoccupied,65625,"-37.81414297118688, 144.9554777145556"
2026-08-10T20:09:39+10:00,2025-06-02T19:20:00+10:00,7577,Unoccupied,65615,"-37.81390643770177, 144.95631246599748"
2026-08-10T20:09:39+10:00,2025-06-02T15:55:49+10:00,7577,Unoccupied,65616,"-37.81392473675294, 144.95624829743952"
2026-08-10T20:09:39+10:00,2025-06-02T15:23:56+10:00,7571,Present,65672,"-37.814321100989616, 144.95518948830284"
2026-08-10T20:09:39+10:00,2025-06-02T10:01:11+10:00,7571,Present,65666,"-37.81424287000405, 144.95547382216665"
2026-08-10T20:09:39+10:00,2025-06-02T19:37:10+10:00,,Present,65685,"-37.814205155104744, 144.95595242244616"
2026-08-10T20:09:39+10:00,2025-06-02T18:23:02+10:00,7571,Present,65644,"-37.8139204605355, 144.9566026856169"
2026-08-10T20:09:39+10:00,2025-06-02T17:13:25+10:00,7571,Present,65667,"-37.814251327430625, 144.95544452570135"
2026-08-10T20:09:39+10:00,2025-06-02T18:22:19+10:00,7571,Present,65673,"-37.8143292550021, 144.95516107166046"
2026-08-10T20:09:39+10:00,2025-06-02T19:37:19+10:00,7575,Unoccupied,65621,"-37.81407176893043, 144.95572988624758"
2026-08-10T20:09:39+10:00,2025-06-02T16:00:27+10:00,7575,Unoccupied,65612,"-37.81385309104087, 144.95649940302036"
2026-08-10T20:09:39+10:00,2025-06-02T19:16:01+10:00,7577,Present,65619,"-37.81397832769697, 144.9560589114264"
2026-08-10T20:09:39+10:00,2025-11-12T06:32:33+11:00,7359,Unoccupied,61929,"-37.815184334070054, 144.96731797565894"
2026-08-10T20:09:39+10:00,2026-08-10T18:28:08+10:00,7358,Present,61845,"-37.81466005318016, 144.96966893823412"
2026-08-10T20:09:39+10:00,2026-08-10T18:44:51+10:00,7347,Present,56532,"-37.81630177020598, 144.95715868822862"
2026-08-10T20:09:39+10:00,2026-08-10T15:16:13+10:00,7347,Unoccupied,56530,"-37.81640689634371, 144.95720634901915"
2026-08-10T20:09:39+10:00,2026-08-10T19:06:43+10:00,7365,Unoccupied,62337,"-37.817835191277894, 144.95874617291366"
2026-08-10T20:09:39+10:00,2024-09-19T17:13:18+10:00,7362,Unoccupied,62311,"-37.81772823363312, 144.95855059517947"
2026-08-10T20:09:39+10:00,2026-08-10T19:52:16+10:00,7362,Unoccupied,62339,"-37.81787193605159, 144.958617793055"
2026-08-10T20:09:39+10:00,2026-08-10T19:26:56+10:00,7365,Present,62333,"-37.818192225454816, 144.95693095698667"
2026-08-10T20:09:39+10:00,2026-08-10T18:50:49+10:00,7362,Present,62330,"-37.81813668321815, 144.9571243250818"
2026-08-10T20:09:39+10:00,2026-08-10T19:46:46+10:00,,Present,62323,"-37.818004480010714, 144.95758647921394"
2026-08-10T20:09:39+10:00,2026-08-10T18:59:26+10:00,7362,Present,62328,"-37.81809874939145, 144.95725681122346"
2026-08-10T20:09:39+10:00,2026-08-10T18:29:08+10:00,7365,Present,62332,"-37.8181740333503, 144.9569940034882"
2026-08-10T20:09:39+10:00,2026-08-10T19:11:58+10:00,7596,Present,54035,"-37.81735093858823, 144.96178010765098"
2026-08-10T20:09:39+10:00,2026-08-10T18:49:23+10:00,7596,Present,54036,"-37.81732918409801, 144.9617701448845"
2026-08-10T20:09:39+10:00,2026-08-10T17:30:19+10:00,7596,Unoccupied,54040,"-37.81724258671323, 144.96173054042305"
2026-08-10T20:09:39+10:00,2026-08-10T20:01:21+10:00,7596,Present,54037,"-37.81730758721328, 144.96176027268046"
2026-08-10T20:09:39+10:00,2026-08-10T19:41:13+10:00,7596,Unoccupied,54041,"-37.8171787243711, 144.96170125514357"
2026-08-10T20:09:39+10:00,2026-08-10T18:16:09+10:00,7623,Unoccupied,54064,"-37.817344679211566, 144.96165560414704"
2026-08-10T20:09:39+10:00,2026-08-10T19:53:32+10:00,7592,Present,53939,"-37.81809716327688, 144.96212211009936"
2026-08-10T20:09:39+10:00,2026-08-10T20:04:55+10:00,7592,Unoccupied,53938,"-37.818149316674784, 144.9621461648825"
2026-08-10T20:09:39+10:00,2026-08-10T19:01:59+10:00,7696,Unoccupied,53914,"-37.81841252147747, 144.96239243696846"
2026-08-10T20:09:39+10:00,2026-08-10T18:56:10+10:00,7592,Present,53923,"-37.818541344215724, 144.9623258559302"
2026-08-10T20:09:39+10:00,2026-08-10T19:53:37+10:00,7592,Present,53940,"-37.81807459692086, 144.96211177171074"
2026-08-10T20:09:39+10:00,2026-08-10T19:45:43+10:00,7696,Unoccupied,53913,"-37.81846334890325, 144.96241565043712"
2026-08-10T20:09:39+10:00,2026-08-10T19:07:23+10:00,7697,Unoccupied,53919,"-37.8181217992318, 144.96225846127587"
2026-08-10T20:09:39+10:00,2026-08-10T19:26:22+10:00,7592,Unoccupied,53932,"-37.81831226522772, 144.96222100013313"
2026-08-10T20:09:39+10:00,2026-08-10T19:37:42+10:00,7592,Unoccupied,53937,"-37.818170968410556, 144.962156073673"
2026-08-10T20:09:39+10:00,2026-01-23T04:55:36+11:00,7592,Present,53947,"-37.81843924035451, 144.9621548653592"
2026-08-10T20:09:39+10:00,2026-08-10T16:59:34+10:00,7592,Present,53927,"-37.81845471527226, 144.96228618311764"
2026-08-10T20:09:39+10:00,2026-08-10T19:43:53+10:00,7593,Unoccupied,53944,"-37.8186009645687, 144.9622289233225"
2026-08-10T20:09:39+10:00,2026-08-10T19:18:58+10:00,7537,Present,63339,"-37.81758663421112, 144.95557113862753"
2026-08-10T20:09:39+10:00,2026-08-10T20:07:16+10:00,7506,Unoccupied,63360,"-37.81798180273356, 144.95419823407332"
2026-08-10T20:09:39+10:00,2026-08-10T19:07:43+10:00,7537,Present,63343,"-37.81767090350456, 144.95527914160846"
2026-08-10T20:09:39+10:00,2026-08-10T18:24:36+10:00,7537,Unoccupied,63324,"-37.81774645249117, 144.95471712834333"
2026-08-10T20:09:39+10:00,2026-08-10T19:43:02+10:00,7506,Present,63334,"-37.8174922362588, 144.95589837165957"
2026-08-10T20:09:39+10:00,2026-08-10T19:03:07+10:00,7537,Present,63350,"-37.817799183952715, 144.95483408114114"
2026-08-10T20:09:39+10:00,2026-08-10T19:09:10+10:00,7506,Present,63310,"-37.81745233223719, 144.95570051081125"
2026-08-10T20:09:39+10:00,2026-08-10T19:01:57+10:00,7537,Present,63342,"-37.81765243612145, 144.95534314989754"
2026-08-10T20:09:39+10:00,2026-08-10T18:16:32+10:00,7537,Present,63337,"-37.81754767470018, 144.95570625683084"
2026-08-10T20:09:39+10:00,2026-08-10T19:51:36+10:00,7506,Present,63330,"-37.817859431042564, 144.95432048911783"
2026-08-10T20:09:39+10:00,2026-08-10T19:02:01+10:00,7607,Present,54227,"-37.81561077430453, 144.9609792980063"
2026-08-10T20:09:39+10:00,2026-08-10T18:24:44+10:00,,Present,54249,"-37.815591768624046, 144.96084552253814"
2026-08-10T20:09:39+10:00,2026-08-10T18:58:53+10:00,,Unoccupied,54247,"-37.81569919556521, 144.96089530142967"
2026-08-10T20:09:39+10:00,2026-08-10T19:55:59+10:00,7595,Unoccupied,54138,"-37.816180757774035, 144.96124142052497"
2026-08-10T20:09:39+10:00,2026-03-27T10:09:46+11:00,7595,Present,54132,"-37.816332243479664, 144.96131103105193"
2026-08-10T20:09:39+10:00,2026-05-12T18:52:49+10:00,7595,Unoccupied,54133,"-37.816311088141475, 144.96130128419117"
2026-08-10T20:09:39+10:00,2026-08-10T19:52:19+10:00,7595,Present,54134,"-37.81629035657859, 144.96129173189377"
2026-08-10T20:09:39+10:00,2025-10-11T12:23:46+11:00,,Present,54152,"-37.81653727723833, 144.96128264921094"
2026-08-10T20:09:39+10:00,2026-08-10T19:51:00+10:00,7605,Present,54430,"-37.8136826688127, 144.96009418560365"
2026-08-10T20:09:39+10:00,2026-08-10T20:04:34+10:00,7594,Unoccupied,54334,"-37.8142836454632, 144.96036852450464"
2026-08-10T20:09:39+10:00,2026-08-10T19:23:16+10:00,7594,Unoccupied,54331,"-37.81437709772807, 144.96041144879027"
2026-08-10T20:09:39+10:00,2026-08-10T18:38:10+10:00,7594,Present,54330,"-37.814401290272365, 144.96042255175155"
2026-08-10T20:09:39+10:00,2026-08-10T20:00:17+10:00,7594,Present,54328,"-37.81444868972198, 144.96044432203456"
2026-08-10T20:09:39+10:00,2026-08-10T18:43:39+10:00,7594,Unoccupied,54326,"-37.814521147766975, 144.96047755753972"
2026-08-10T20:09:39+10:00,2026-08-10T19:46:23+10:00,7594,Present,54323,"-37.814591870731306, 144.96051006398574"
2026-08-10T20:09:39+10:00,2026-08-10T19:28:52+10:00,7594,Present,54322,"-37.81461561800986, 144.96052093421125"
2026-08-10T20:09:39+10:00,2026-08-10T09:25:00+10:00,7612,Unoccupied,54420,"-37.813321360003556, 144.9600550260132"
2026-08-10T20:09:39+10:00,2026-08-10T19:29:51+10:00,7605,Present,54436,"-37.81352282580056, 144.96002025329398"
2026-08-10T20:09:39+10:00,2026-08-10T19:24:52+10:00,7605,Present,54439,"-37.81342881863528, 144.95997691122085"
2026-08-10T20:09:39+10:00,2026-08-10T19:57:11+10:00,7605,Unoccupied,54433,"-37.81361327039055, 144.96006203950026"
2026-08-10T20:09:39+10:00,2026-08-10T18:10:03+10:00,7605,Present,54434,"-37.81356566626981, 144.96003998178455"
2026-08-10T20:09:39+10:00,2026-08-10T19:19:41+10:00,7605,Present,54431,"-37.81365980142846, 144.9600835219219"
2026-08-10T20:09:39+10:00,2025-04-04T23:47:10+11:00,7605,Unoccupied,54432,"-37.81363697702105, 144.96007297767633"
2026-08-10T20:09:39+10:00,2026-08-10T18:58:37+10:00,7689,Unoccupied,54318,"-37.81430903187102, 144.96050671350852"
2026-08-10T20:09:39+10:00,2026-08-10T18:48:12+10:00,7689,Unoccupied,54317,"-37.814359846257474, 144.9605299598744"
2026-08-10T20:09:39+10:00,2026-08-10T19:36:48+10:00,7689,Unoccupied,54316,"-37.814427556545596, 144.96056074711407"
2026-08-10T20:09:39+10:00,2026-08-10T19:11:00+10:00,,Unoccupied,54615,"-37.811577175429534, 144.95926404526102"
2026-08-10T20:09:39+10:00,2026-08-10T18:00:37+10:00,7614,Present,54633,"-37.81160507701822, 144.9591526582688"
2026-08-10T20:09:39+10:00,2026-08-10T19:25:50+10:00,7614,Present,54630,"-37.81170020795702, 144.95919613802207"
2026-08-10T20:09:39+10:00,2026-08-10T20:05:34+10:00,7614,Unoccupied,54625,"-37.811842933414, 144.95926050498542"
2026-08-10T20:09:39+10:00,2026-08-10T20:04:43+10:00,7614,Unoccupied,54624,"-37.81186643750074, 144.95927124752166"
2026-08-10T20:09:39+10:00,2026-08-10T20:01:49+10:00,7610,Unoccupied,54531,"-37.812438228337015, 144.95953018296632"
2026-08-10T20:09:39+10:00,2026-08-10T17:57:13+10:00,7610,Present,54527,"-37.81255718984305, 144.9595844253466"
2026-08-10T20:09:39+10:00,2026-08-10T18:34:58+10:00,7610,Present,54517,"-37.812282774323805, 144.9595816217158"
2026-08-10T20:09:39+10:00,2026-07-11T09:10:20+10:00,7611,Unoccupied,54518,"-37.81222977772828, 144.95955739325586"
2026-08-10T20:09:39+10:00,2026-08-10T19:22:24+10:00,7610,Present,54516,"-37.81234122638864, 144.95960830235543"
2026-08-10T20:09:39+10:00,2026-08-10T19:10:22+10:00,7485,Present,56924,"-37.81700062007826, 144.9558851434166"
2026-08-10T20:09:39+10:00,2026-08-10T20:02:48+10:00,7485,Present,56926,"-37.8168982032439, 144.9558380730318"
2026-08-10T20:09:39+10:00,2026-08-10T20:04:20+10:00,7485,Present,56929,"-37.81674568274913, 144.95576852792365"
2026-08-10T20:09:39+10:00,2026-08-10T19:23:44+10:00,7485,Present,56923,"-37.81704932029764, 144.9559074224712"
2026-08-10T20:09:39+10:00,2026-08-10T19:34:40+10:00,7485,Present,56916,"-37.81676388017977, 144.95602613698526"
2026-08-10T20:09:39+10:00,2026-08-10T19:13:14+10:00,7485,Unoccupied,56911,"-37.817028328018054, 144.95614648347217"
2026-08-10T20:09:39+10:00,2026-08-10T19:36:13+10:00,7485,Unoccupied,56915,"-37.81682057459061, 144.95605201479813"
2026-08-10T20:09:39+10:00,2026-08-10T18:18:21+10:00,7486,Unoccupied,56918,"-37.816652485915284, 144.9559753633596"
2026-08-10T20:09:39+10:00,2026-08-10T19:27:00+10:00,7487,Present,56828,"-37.81767713241681, 144.956195114485"
2026-08-10T20:09:39+10:00,2026-08-10T19:49:31+10:00,7487,Unoccupied,56827,"-37.817727463662415, 144.95621795351911"
2026-08-10T20:09:39+10:00,2026-08-10T20:00:32+10:00,7642,Unoccupied,58212,"-37.81627464473898, 144.952999503473"
2026-08-10T20:09:39+10:00,2026-08-10T19:51:07+10:00,7522,Unoccupied,64733,"-37.814143788704314, 144.95979292327627"
2026-08-10T20:09:39+10:00,2026-08-10T15:25:14+10:00,,Unoccupied,64722,"-37.81434991544488, 144.9588950834563"
2026-08-10T20:09:39+10:00,2026-08-10T19:37:20+10:00,7519,Present,64717,"-37.81422929092345, 144.95931777863444"
2026-08-10T20:09:39+10:00,2026-08-10T19:21:57+10:00,7500,Unoccupied,67233,"-37.81144299856905, 144.9577432620594"
2026-08-10T20:09:39+10:00,2026-08-10T18:05:09+10:00,7500,Unoccupied,67232,"-37.81142497919899, 144.9578072554658"
2026-08-10T20:09:39+10:00,2026-08-08T20:15:09+10:00,,Present,55311,"-37.81123977170769, 144.95752615523168"
2026-08-10T20:09:39+10:00,2026-08-10T20:02:16+10:00,7705,Unoccupied,55313,"-37.81119449777922, 144.95750539048586"
2026-08-10T20:09:39+10:00,2026-08-10T19:58:39+10:00,7705,Unoccupied,55318,"-37.811033752438306, 144.95743158657334"
2026-08-10T20:09:39+10:00,2026-08-10T18:58:15+10:00,7705,Present,55319,"-37.81101005388723, 144.95742068824296"
2026-08-10T20:09:39+10:00,2026-08-10T19:11:53+10:00,7706,Unoccupied,55333,"-37.81122516603701, 144.95738072916322"
2026-08-10T20:09:39+10:00,2026-08-10T19:36:06+10:00,7706,Unoccupied,55335,"-37.811117936055965, 144.95733209976794"
2026-08-10T20:09:39+10:00,2026-06-16T16:54:40+10:00,7949,Unoccupied,67319,"-37.81203096427396, 144.95520652801406"
2026-08-10T20:09:39+10:00,2026-08-10T18:31:28+10:00,7498,Present,67323,"-37.81210381810383, 144.95494975893916"
2026-08-10T20:09:39+10:00,2026-08-10T17:10:29+10:00,7498,Unoccupied,67330,"-37.812230918695334, 144.95450060155457"
2026-08-10T20:09:39+10:00,2026-08-10T19:32:32+10:00,7498,Unoccupied,67329,"-37.812212826455536, 144.95456474336925"
2026-08-10T20:09:39+10:00,2026-08-10T20:02:29+10:00,7624,Present,57313,"-37.81303368849585, 144.95430777285787"
2026-08-10T20:09:39+10:00,2026-08-10T19:41:59+10:00,7624,Present,57314,"-37.812982959667174, 144.95428429383023"
2026-08-10T20:09:39+10:00,2026-08-10T19:18:03+10:00,7624,Present,57321,"-37.81332856251041, 144.95419395017598"
2026-08-10T20:09:39+10:00,2026-08-10T19:59:06+10:00,7624,Unoccupied,57325,"-37.81312924538739, 144.95410127043658"
2026-08-10T20:09:39+10:00,2026-08-10T19:37:01+10:00,7576,Present,57318,"-37.81278151241321, 144.9541904755258"
2026-08-10T20:09:39+10:00,2026-08-10T19:06:02+10:00,7621,Present,57227,"-37.81390300308518, 144.9544584045147"
2026-08-10T20:09:39+10:00,2026-08-10T19:30:24+10:00,7621,Present,57230,"-37.813729014715705, 144.95437806451176"
2026-08-10T20:09:39+10:00,2026-08-10T19:46:14+10:00,7621,Present,57214,"-37.813858907266834, 144.954691700414"
2026-08-10T20:09:39+10:00,2026-08-10T20:06:28+10:00,7621,Unoccupied,57212,"-37.81397756150945, 144.9547469022172"
2026-08-10T20:09:39+10:00,2026-08-10T19:08:00+10:00,7622,Present,57222,"-37.81417147591114, 144.95458321900304"
2026-08-10T20:09:39+10:00,2026-08-10T18:22:26+10:00,7948,Present,67436,"-37.81267461908529, 144.95343447047443"
2026-08-10T20:09:39+10:00,2026-08-10T18:37:07+10:00,7948,Present,67434,"-37.8126383544846, 144.9535628565763"
2026-08-10T20:09:39+10:00,2026-08-10T19:15:52+10:00,7542,Present,66331,"-37.81254443291941, 144.95745637063015"
2026-08-10T20:09:39+10:00,2026-08-10T20:06:26+10:00,7545,Present,66323,"-37.81239084713688, 144.95798753199972"
2026-08-10T20:09:39+10:00,2026-08-10T20:04:21+10:00,,Present,66344,"-37.812311235455965, 144.95843890821476"
2026-08-10T20:09:39+10:00,2026-08-10T18:59:37+10:00,7542,Present,66315,"-37.81221609359743, 144.9585904417239"
2026-08-10T20:09:39+10:00,2026-08-10T18:56:10+10:00,7542,Present,66317,"-37.81225562547294, 144.95845447093018"
2026-08-10T20:09:39+10:00,2026-08-10T17:46:44+10:00,7542,Present,66318,"-37.81227582570348, 144.95838512000446"
2026-08-10T20:09:39+10:00,2026-08-10T12:41:57+10:00,7474,Unoccupied,56725,"-37.819069120023926, 144.9568354674734"
2026-08-10T20:09:39+10:00,2026-08-10T15:44:53+10:00,7474,Unoccupied,56717,"-37.81875300214385, 144.95693807006973"
2026-08-10T20:09:39+10:00,2026-03-16T20:07:36+11:00,,Present,56610,"-37.81999824238842, 144.9575130747661"
2026-08-10T20:09:39+10:00,2026-08-10T19:24:07+10:00,7476,Unoccupied,56732,"-37.81872750965033, 144.95667801040923"
2026-08-10T20:09:39+10:00,2026-03-16T19:55:27+11:00,,Present,56611,"-37.81994434579434, 144.95748786635886"
2026-08-10T20:09:39+10:00,2026-08-10T15:11:12+10:00,7474,Unoccupied,56727,"-37.81896744516179, 144.95678888634197"
2026-08-10T20:09:39+10:00,2026-08-10T16:50:08+10:00,7474,Unoccupied,56726,"-37.81901823439673, 144.9568121896575"
2026-08-10T20:09:39+10:00,2026-08-10T15:13:42+10:00,7474,Unoccupied,56723,"-37.81917079251646, 144.9568819224952"
2026-08-10T20:09:39+10:00,2026-07-27T13:51:47+10:00,,Unoccupied,55913,"-37.81420857751143, 144.95762752497185"
2026-08-10T20:09:39+10:00,2026-08-08T23:54:45+10:00,,Unoccupied,55914,"-37.81415354387988, 144.95760227883446"
2026-08-10T20:09:39+10:00,2023-12-04T07:55:25+11:00,,Present,16781,"-37.81398845485765, 144.95752651883566"
2026-08-10T20:09:39+10:00,2026-08-10T20:07:33+10:00,7791,Present,56436,"-37.81562810696909, 144.9565128097403"
2026-08-10T20:09:39+10:00,2026-08-10T19:08:12+10:00,7791,Unoccupied,56434,"-37.81573490413304, 144.95656132737128"
2026-08-10T20:09:39+10:00,2026-07-08T07:05:26+10:00,7389,Present,53221,"-37.81304879641333, 144.96250505821962"
2026-08-10T20:09:39+10:00,2026-07-08T01:46:46+10:00,,Unoccupied,53211,"-37.812854213077486, 144.9626243940913"
2026-08-10T20:09:39+10:00,2026-07-08T08:01:50+10:00,7379,Present,53223,"-37.812934000783684, 144.96245238315606"
2026-08-10T20:09:39+10:00,2024-12-29T23:42:53+11:00,7389,Unoccupied,53215,"-37.81264662224933, 144.96252900900953"
2026-08-10T20:09:39+10:00,2026-07-08T07:58:50+10:00,7389,Unoccupied,53216,"-37.812594082295504, 144.96250486316757"
2026-08-10T20:09:39+10:00,2026-07-08T07:37:19+10:00,7379,Present,53226,"-37.81278168256417, 144.96238231051336"
2026-08-10T20:09:39+10:00,2026-07-08T07:49:04+10:00,,Present,53227,"-37.81273085753364, 144.96235890366904"
2026-08-10T20:09:39+10:00,2026-07-03T14:45:31+10:00,,Unoccupied,53228,"-37.81268261039757, 144.96233674305154"
2026-08-10T20:09:39+10:00,2026-08-10T16:26:32+10:00,7692,Present,55521,"-37.81844776554182, 144.95938672872117"
2026-08-10T20:09:39+10:00,2026-02-14T09:28:36+11:00,7695,Present,55516,"-37.81795476337355, 144.9593455176385"
2026-08-10T20:09:39+10:00,2026-08-10T20:04:11+10:00,7939,Unoccupied,57651,"-37.8095913366171, 144.95242787718308"
2026-08-10T20:09:39+10:00,2025-09-07T04:54:43+10:00,7939,Unoccupied,57643,"-37.80999043132775, 144.95263935688112"
2026-08-10T20:09:39+10:00,2024-12-01T20:44:49+11:00,7939,Unoccupied,57650,"-37.80964123882298, 144.95245433189928"
2026-08-10T20:09:39+10:00,2026-08-10T17:48:31+10:00,7939,Unoccupied,57644,"-37.8099405203108, 144.95261297928766"
2026-08-10T20:09:39+10:00,2026-08-10T17:33:24+10:00,7939,Unoccupied,57641,"-37.810090915002306, 144.95269006303647"
2026-08-10T20:09:39+10:00,2026-05-20T11:00:03+10:00,7556,Unoccupied,65142,"-37.810386613474975, 144.9687336650038"
2026-08-10T20:09:39+10:00,2026-08-10T18:06:20+10:00,7556,Present,65147,"-37.81042999318831, 144.9685850415174"
2026-08-10T20:09:39+10:00,2026-08-10T19:49:09+10:00,7518,Unoccupied,64837,"-37.81493573994247, 144.9570272866593"
2026-08-10T20:09:39+10:00,2026-08-10T17:40:16+10:00,7521,Unoccupied,64822,"-37.81503140585563, 144.95650812801796"
2026-08-10T20:09:39+10:00,2026-08-10T08:56:27+10:00,,Present,64839,"-37.8149748445654, 144.95689053197518"
2026-08-10T20:09:39+10:00,2026-08-10T19:06:42+10:00,7518,Present,64832,"-37.81483788502206, 144.95736913137358"
2026-08-10T20:09:39+10:00,2026-08-10T19:47:21+10:00,7521,Present,64821,"-37.815016203152155, 144.9565614209684"
2026-08-10T20:09:39+10:00,2026-08-10T19:57:16+10:00,7521,Unoccupied,64829,"-37.815185447046446, 144.9559732007031"
2026-08-10T20:09:39+10:00,2026-08-10T19:26:03+10:00,7521,Unoccupied,64827,"-37.81514889183851, 144.95610171668483"
2026-08-10T20:09:39+10:00,2026-08-10T19:30:17+10:00,7521,Unoccupied,64826,"-37.8151309271196, 144.95616563375037"
2026-08-10T20:09:39+10:00,2026-08-10T19:39:22+10:00,7333,Unoccupied,63864,"-37.81471182657656, 144.96186466607787"
2026-08-10T20:09:39+10:00,2026-08-10T17:38:25+10:00,7333,Present,63831,"-37.81477718126513, 144.96107222453313"
2026-08-10T20:09:39+10:00,2026-08-10T19:51:53+10:00,7332,Unoccupied,63824,"-37.814644797319474, 144.96152421391014"
2026-08-10T20:09:39+10:00,2025-08-20T08:40:58+10:00,7333,Present,63866,"-37.81475021622357, 144.96173241407928"
2026-08-10T20:09:39+10:00,2026-08-10T19:55:59+10:00,7333,Unoccupied,63832,"-37.81479644388281, 144.96100527254137"
2026-08-10T20:09:39+10:00,2026-08-10T14:00:51+10:00,7332,Unoccupied,63827,"-37.81470427945409, 144.9613220131523"
2026-08-10T20:09:39+10:00,2025-03-23T16:38:12+11:00,7332,Unoccupied,63845,"-37.81458899720184, 144.96228631650905"
2026-08-10T20:09:39+10:00,2026-08-10T12:31:14+10:00,7333,Unoccupied,63830,"-37.814759148030845, 144.9611344737453"
2026-08-10T20:09:39+10:00,2026-08-10T14:03:51+10:00,,Unoccupied,63817,"-37.814452836729714, 144.96218666774587"
2026-08-10T20:09:39+10:00,2026-08-10T19:39:21+10:00,7332,Unoccupied,63847,"-37.81463288782683, 144.96213501862968"
2026-08-10T20:09:39+10:00,2026-08-10T18:47:46+10:00,7332,Present,63844,"-37.81457007389973, 144.96235157213744"
2026-08-10T20:09:39+10:00,2026-08-04T07:37:08+10:00,7445,Present,62511,"-37.817918498454034, 144.9560532638036"
2026-08-10T20:09:39+10:00,2026-08-04T08:29:08+10:00,7444,Unoccupied,62528,"-37.818241196959974, 144.95493438953227"
2026-08-10T20:09:39+10:00,2026-08-04T07:46:36+10:00,7445,Present,62525,"-37.81818732844401, 144.95512118585057"
2026-08-10T20:09:39+10:00,2026-08-04T07:49:46+10:00,7445,Present,62526,"-37.81820455733414, 144.95506140096464"
2026-08-10T20:09:39+10:00,2026-08-10T16:57:15+10:00,7441,Present,62539,"-37.818447996324906, 144.95421630014312"
2026-08-10T20:09:39+10:00,2026-08-04T08:04:21+10:00,7441,Present,62538,"-37.818430423054416, 144.95427736033378"
2026-08-10T20:09:39+10:00,2026-08-10T17:38:39+10:00,7380,Present,53022,"-37.81498998869668, 144.96339573109816"
2026-08-10T20:09:39+10:00,2026-08-10T18:45:42+10:00,,Unoccupied,53028,"-37.81466072082054, 144.96322718922923"
2026-08-10T20:09:39+10:00,2025-08-27T06:29:05+10:00,,Unoccupied,53026,"-37.81476850248637, 144.96328544563227"
2026-08-10T20:09:39+10:00,2026-08-10T19:50:43+10:00,7351,Unoccupied,62114,"-37.81651713498234, 144.96274232309406"
2026-08-10T20:09:39+10:00,2026-08-10T19:56:12+10:00,7351,Present,62123,"-37.81668732116557, 144.96215568464038"
2026-08-10T20:09:39+10:00,2026-08-10T19:59:44+10:00,,Present,62118,"-37.816598132250526, 144.9624635638165"
2026-08-10T20:09:39+10:00,2026-08-10T19:08:52+10:00,7351,Unoccupied,62120,"-37.816634895458094, 144.96233644912536"
2026-08-10T20:09:39+10:00,2026-08-10T19:03:19+10:00,7349,Present,62112,"-37.816479999320535, 144.96287025524146"
2026-08-10T20:09:39+10:00,2026-08-10T17:09:27+10:00,7351,Present,62121,"-37.81665162132761, 144.9622785672693"
2026-08-10T20:09:39+10:00,2025-01-07T00:43:16+11:00,7349,Unoccupied,62125,"-37.81672763298162, 144.9620170055233"
2026-08-10T20:09:39+10:00,2026-01-11T16:33:15+11:00,,Present,62132,"-37.816571485187694, 144.963109423484"
2026-08-10T20:09:39+10:00,2026-08-10T19:45:12+10:00,7349,Unoccupied,62127,"-37.816772462782595, 144.96186212787185"
2026-08-10T20:09:39+10:00,2026-03-19T12:30:32+11:00,7472,Present,57024,"-37.816096779621105, 144.95547226320065"
2026-08-10T20:09:39+10:00,2026-03-19T12:57:55+11:00,7472,Unoccupied,57010,"-37.816061725053274, 144.95570657161477"
2026-08-10T20:09:39+10:00,2026-03-19T11:32:48+11:00,7471,Present,57015,"-37.81580846054301, 144.9555899896524"
2026-08-10T20:09:39+10:00,2026-03-19T12:48:01+11:00,7472,Unoccupied,57011,"-37.816010888199656, 144.9556831634505"
2026-08-10T20:09:39+10:00,2026-03-19T12:36:44+11:00,7471,Present,57018,"-37.81565612114673, 144.95551987976515"
2026-08-10T20:09:39+10:00,2026-03-19T12:21:12+11:00,7471,Present,57017,"-37.81570689716697, 144.95554324974222"
2026-08-10T20:09:39+10:00,2025-12-04T09:05:39+11:00,7471,Unoccupied,57016,"-37.81575767318306, 144.95556661860238"
2026-08-10T20:09:39+10:00,2026-08-10T14:07:28+10:00,7481,Unoccupied,57121,"-37.81529419634636, 144.95510398669782"
2026-08-10T20:09:39+10:00,2026-08-10T18:48:07+10:00,7481,Unoccupied,57123,"-37.81519263612107, 144.9550571256803"
2026-08-10T20:09:39+10:00,2026-01-26T01:06:27+11:00,7481,Unoccupied,57122,"-37.8152434282791, 144.95508056234806"
2026-08-10T20:09:39+10:00,2025-01-09T20:33:20+11:00,7225,Present,58514,"-37.814377980546595, 144.9521288511918"
2026-08-10T20:09:39+10:00,2026-08-10T20:05:51+10:00,7225,Unoccupied,58529,"-37.814590698892104, 144.95197033276895"
2026-08-10T20:09:39+10:00,2026-08-10T19:54:51+10:00,7225,Unoccupied,58517,"-37.8142311277015, 144.95205964151612"
2026-08-10T20:09:39+10:00,2026-08-10T19:25:01+10:00,7216,Present,58521,"-37.81379126961269, 144.9518581255556"
2026-08-10T20:09:39+10:00,2024-03-07T06:49:10+11:00,7216,Unoccupied,58522,"-37.813726229828276, 144.95182759985667"
2026-08-10T20:09:39+10:00,2024-04-09T15:46:50+10:00,,Present,66513,"-37.81362213379401, 144.953675307503"
2026-08-10T20:09:39+10:00,2026-08-10T19:16:35+10:00,7972,Unoccupied,58823,"-37.81084899997418, 144.950236924194"
2026-08-10T20:09:39+10:00,2026-08-10T19:04:26+10:00,7972,Unoccupied,58816,"-37.8104173257167, 144.95027513841717"
2026-08-10T20:09:39+10:00,2026-08-10T14:40:07+10:00,7972,Unoccupied,58826,"-37.8107003769098, 144.95016417857966"
2026-08-10T20:09:39+10:00,2026-08-10T17:56:36+10:00,7972,Unoccupied,58824,"-37.81080103814849, 144.95021383777856"
2026-08-10T20:09:39+10:00,2026-08-10T18:28:42+10:00,7971,Unoccupied,58741,"-37.81151647586732, 144.9505481954314"
2026-08-10T20:09:39+10:00,2026-08-10T18:36:51+10:00,7971,Unoccupied,58740,"-37.811569626880825, 144.9505726958024"
2026-08-10T20:09:39+10:00,2026-08-10T16:39:39+10:00,7971,Present,58719,"-37.81144008443827, 144.950760911053"
2026-08-10T20:09:39+10:00,2026-08-10T18:55:40+10:00,7971,Unoccupied,58745,"-37.811304625131655, 144.95045044217164"
2026-08-10T20:09:39+10:00,2026-08-10T19:55:56+10:00,7971,Present,58718,"-37.81149087707185, 144.95078406426296"
2026-08-10T20:09:39+10:00,2026-08-10T17:38:04+10:00,7971,Unoccupied,58743,"-37.81140779818064, 144.9504979392539"
2026-08-10T20:09:39+10:00,2026-08-10T19:24:09+10:00,7968,Unoccupied,58620,"-37.81225984510384, 144.95113971758667"
2026-08-10T20:09:39+10:00,2026-08-10T18:22:32+10:00,7968,Present,58617,"-37.81239835092127, 144.9512041083768"
2026-08-10T20:09:39+10:00,2026-08-10T19:31:41+10:00,7970,Unoccupied,58614,"-37.812557690618874, 144.95127803242855"
2026-08-10T20:09:39+10:00,2026-08-10T19:51:38+10:00,7128,Unoccupied,69210,"-37.80715492836826, 144.96842376970045"
2026-08-10T20:09:39+10:00,2026-08-10T18:58:40+10:00,7128,Unoccupied,69212,"-37.80714101670824, 144.96829054593826"
2026-08-10T20:09:39+10:00,2026-08-10T19:24:52+10:00,7131,Unoccupied,69328,"-37.8071451981385, 144.9665271912644"
2026-08-10T20:09:39+10:00,2026-08-10T14:17:33+10:00,7131,Unoccupied,69323,"-37.80718350771333, 144.9668926056064"
2026-08-10T20:09:39+10:00,2025-11-05T08:31:22+11:00,7127,Unoccupied,69320,"-37.806921397928164, 144.96623725696017"
2026-08-10T20:09:39+10:00,2026-08-10T19:45:49+10:00,7132,Unoccupied,69228,"-37.807287174267046, 144.96789539215945"
2026-08-10T20:09:39+10:00,2025-10-31T15:17:15+11:00,7131,Unoccupied,69329,"-37.80713784830874, 144.96645609534608"
2026-08-10T20:09:39+10:00,2026-08-10T17:06:07+10:00,7943,Unoccupied,57425,"-37.811380176591754, 144.9535391546139"
2026-08-10T20:09:39+10:00,2026-08-06T09:14:36+10:00,7943,Unoccupied,57424,"-37.81142849494866, 144.95356165984083"
2026-08-10T20:09:39+10:00,2026-08-10T13:45:28+10:00,7943,Unoccupied,57422,"-37.81152786227378, 144.95360795235374"
2026-08-10T20:09:39+10:00,2026-07-28T08:49:26+10:00,7943,Unoccupied,57416,"-37.81182263805218, 144.95374527536876"
2026-08-10T20:09:39+10:00,2024-10-15T15:02:09+11:00,7943,Unoccupied,57413,"-37.811970408244036, 144.95381412094878"
2026-08-10T20:09:39+10:00,2026-08-10T18:11:23+10:00,7943,Unoccupied,57412,"-37.81201974507596, 144.95383710596718"
2026-08-10T20:09:39+10:00,2026-08-10T15:55:21+10:00,7944,Unoccupied,57549,"-37.81074527391581, 144.95299777356223"
2026-08-10T20:09:39+10:00,2026-08-10T17:34:16+10:00,7944,Unoccupied,57548,"-37.81081371808786, 144.95302970071742"
2026-08-10T20:09:39+10:00,2026-08-10T15:53:14+10:00,7944,Unoccupied,57541,"-37.81120029593312, 144.9532100318298"
2026-08-10T20:09:39+10:00,2026-08-10T20:03:50+10:00,7943,Present,57436,"-37.812042096531485, 144.95359911445198"
2026-08-10T20:09:39+10:00,2025-08-14T16:37:16+10:00,,Unoccupied,35212,"-37.80795088591995, 144.9554959470137"
2026-08-10T20:09:39+10:00,2025-08-14T16:41:25+10:00,,Unoccupied,35210,"-37.80784125415941, 144.9555158253675"
2026-08-10T20:09:39+10:00,2026-08-10T19:26:54+10:00,7927,Unoccupied,68962,"-37.809716691603555, 144.95128974072384"
2026-08-10T20:09:39+10:00,2026-08-10T19:54:01+10:00,7927,Present,68963,"-37.809736202281584, 144.9512386449303"
2026-08-10T20:09:39+10:00,2025-07-26T10:19:02+10:00,7632,Unoccupied,52515,"-37.80729385273369, 144.9659280129496"
2026-08-10T20:09:39+10:00,2026-08-10T17:58:58+10:00,7580,Present,67634,"-37.80755272139157, 144.96683814547686"
2026-08-10T20:09:39+10:00,2024-12-20T11:54:20+11:00,,Unoccupied,67631,"-37.80751580227913, 144.9669792283695"
2026-08-10T20:09:39+10:00,2026-08-10T19:04:15+10:00,7580,Unoccupied,67642,"-37.80770883880028, 144.96630839796686"
2026-08-10T20:09:39+10:00,2026-08-10T19:51:22+10:00,7580,Unoccupied,67627,"-37.807437186185936, 144.967267974719"
2026-08-10T20:09:39+10:00,2026-08-10T16:40:51+10:00,7580,Present,67633,"-37.807543593845935, 144.96686891603258"
2026-08-10T20:09:39+10:00,2024-12-20T11:51:50+11:00,,Unoccupied,67632,"-37.807521367417806, 144.96694380376215"
2026-08-10T20:09:39+10:00,2026-08-10T19:52:44+10:00,7580,Unoccupied,67636,"-37.807580684338866, 144.9667438766828"
2026-08-10T20:09:39+10:00,2026-08-10T19:16:40+10:00,7580,Unoccupied,67643,"-37.807732718860336, 144.9662270100181"
2026-08-10T20:09:39+10:00,2026-08-10T20:01:26+10:00,7580,Unoccupied,67628,"-37.80745603818757, 144.9672041178884"
2026-08-10T20:09:39+10:00,2026-08-10T18:43:29+10:00,7580,Present,67638,"-37.80764252358337, 144.966539984804"
2026-08-10T20:09:39+10:00,2026-08-10T19:30:42+10:00,7408,Unoccupied,51515,"-37.807607932851774, 144.96852421579462"
2026-08-10T20:09:39+10:00,2026-08-10T18:36:22+10:00,,Present,51511,"-37.80769682195404, 144.96856501038766"
2026-08-10T20:09:39+10:00,2026-08-10T18:59:55+10:00,7408,Unoccupied,51514,"-37.807630367302345, 144.96853451072377"
2026-08-10T20:09:39+10:00,2026-08-10T18:31:23+10:00,7408,Present,51512,"-37.80767481378719, 144.9685549174612"
2026-08-10T20:09:39+10:00,2026-08-10T16:20:18+10:00,7601,Unoccupied,54913,"-37.80847175560982, 144.95799842000542"
2026-08-10T20:09:39+10:00,2026-08-10T19:43:41+10:00,7601,Unoccupied,54915,"-37.80836830646522, 144.95801639178484"
2026-08-10T20:09:39+10:00,2026-08-10T16:16:34+10:00,,Present,54917,"-37.80825221692719, 144.95803732797006"
2026-08-10T20:09:39+10:00,2026-08-10T20:07:44+10:00,7932,Unoccupied,68821,"-37.80885177704869, 144.9534732231342"
2026-08-10T20:09:39+10:00,2026-08-10T19:46:49+10:00,,Unoccupied,68815,"-37.80873768623775, 144.95386999879875"
2026-08-10T20:09:39+10:00,2026-08-10T18:46:09+10:00,,Present,68839,"-37.80874870205781, 144.9543548381131"
2026-08-10T20:09:39+10:00,2026-08-10T08:04:31+10:00,,Present,68840,"-37.808767104099346, 144.95429092028814"
2026-08-10T20:09:39+10:00,2026-08-10T15:05:58+10:00,7932,Unoccupied,68847,"-37.80890294067854, 144.95381844306766"
2026-08-10T20:09:39+10:00,2026-08-10T18:09:37+10:00,7932,Unoccupied,68851,"-37.8089818920044, 144.95354385109005"
2026-08-10T20:09:39+10:00,2026-08-10T08:47:50+10:00,7932,Unoccupied,68856,"-37.809079943689795, 144.9532028259875"
2026-08-10T20:09:39+10:00,2026-08-10T13:26:38+10:00,7932,Present,68810,"-37.8085582493106, 144.9544904976792"
2026-08-10T20:09:39+10:00,2026-08-10T18:11:56+10:00,7932,Unoccupied,68846,"-37.80888330576387, 144.95388684526455"
2026-08-10T20:09:39+10:00,2026-08-10T17:21:36+10:00,,Unoccupied,68828,"-37.8089897024729, 144.95299355817554"
2026-08-10T20:09:39+10:00,2026-08-10T15:25:45+10:00,,Unoccupied,68827,"-37.80896977620111, 144.95306299862654"
2026-08-10T20:09:39+10:00,2026-08-10T14:08:42+10:00,7691,Unoccupied,69133,"-37.80749170686714, 144.96981905769528"
2026-08-10T20:09:39+10:00,2025-01-27T17:57:12+11:00,7687,Unoccupied,69115,"-37.807330057022014, 144.97003326414125"
2026-08-10T20:09:39+10:00,2026-08-10T17:37:08+10:00,7691,Unoccupied,69130,"-37.80751404524463, 144.9700267954152"
2026-08-10T20:09:39+10:00,2026-08-10T10:08:16+10:00,7687,Unoccupied,69114,"-37.8073373347366, 144.97010075757444"
2026-08-10T20:09:39+10:00,2026-08-10T18:11:51+10:00,7691,Unoccupied,69139,"-37.807451622076634, 144.9694390779129"
2026-08-10T20:09:39+10:00,2026-08-10T08:17:01+10:00,7687,Unoccupied,69126,"-37.80724989973001, 144.96929071465843"
2026-08-10T20:09:39+10:00,2026-08-02T16:30:42+10:00,7687,Unoccupied,69127,"-37.80724258305838, 144.96922318444908"
2026-08-10T20:09:39+10:00,2026-08-08T16:01:36+10:00,7687,Unoccupied,69123,"-37.80727185790545, 144.96949326145926"
2026-08-10T20:09:39+10:00,2026-08-10T19:34:36+10:00,7136,Present,69513,"-37.806652403593915, 144.96378282069503"
2026-08-10T20:09:39+10:00,2026-08-10T19:05:27+10:00,7139,Unoccupied,69522,"-37.80686743374612, 144.96401190349147"
2026-08-10T20:09:39+10:00,2026-08-10T19:04:09+10:00,7136,Unoccupied,69516,"-37.80662957663645, 144.96358042105317"
2026-08-10T20:09:39+10:00,2026-08-10T19:38:45+10:00,7136,Unoccupied,69511,"-37.80666762183108, 144.96391769612663"
2026-08-10T20:09:39+10:00,2026-08-10T09:27:10+10:00,7404,Unoccupied,53720,"-37.80739530151898, 144.96011372297875"
2026-08-10T20:09:39+10:00,2026-08-10T17:05:07+10:00,7404,Present,53717,"-37.807573148742904, 144.96019512961107"
2026-08-10T20:09:39+10:00,2026-08-10T13:59:57+10:00,,Present,56335,"-37.81127589091945, 144.95609843175464"
2026-08-10T20:09:39+10:00,2026-08-08T09:24:21+10:00,,Unoccupied,56334,"-37.811331773570856, 144.95612404544198"
2026-08-10T20:09:39+10:00,2026-08-10T19:46:48+10:00,7990,Unoccupied,56356,"-37.810204300311355, 144.95560731765073"
2026-08-10T20:09:39+10:00,2026-07-22T14:30:37+10:00,,Unoccupied,56339,"-37.81105235716069, 144.95599598072099"
2026-08-10T20:09:39+10:00,2025-07-22T18:09:46+10:00,7822,Unoccupied,70655,"-37.82221144193086, 144.9652502469125"
2026-08-10T20:09:39+10:00,2026-08-10T20:03:35+10:00,7822,Present,70653,"-37.82214977905724, 144.96538708388385"
2026-08-10T20:09:39+10:00,2026-08-10T17:25:57+10:00,7823,Present,70622,"-37.8214319931581, 144.9664072722514"
2026-08-10T20:09:39+10:00,2026-08-10T13:58:10+10:00,7823,Present,70623,"-37.821456941321095, 144.9663484444824"
2026-08-10T20:09:39+10:00,2026-08-10T18:02:34+10:00,7823,Present,70624,"-37.82148189033264, 144.96628948417353"
2026-08-10T20:09:39+10:00,2026-08-10T19:56:36+10:00,7872,Unoccupied,72026,"-37.820408531113884, 144.9675720433732"
2026-08-10T20:09:39+10:00,2026-08-10T19:50:04+10:00,7872,Unoccupied,72025,"-37.820430161847526, 144.96759871407028"
2026-08-10T20:09:39+10:00,2026-08-10T19:59:00+10:00,7872,Unoccupied,72022,"-37.82049737444897, 144.96768269838964"
2026-08-10T20:09:39+10:00,2026-08-10T18:35:28+10:00,,Present,72011,"-37.82046955208951, 144.96778519728997"
2026-08-10T20:09:39+10:00,2026-08-10T13:27:30+10:00,7855,Present,71823,"-37.82279639245037, 144.96656852047266"
2026-08-10T20:09:39+10:00,2026-08-10T20:06:40+10:00,,Unoccupied,71821,"-37.82276403670832, 144.96664095031406"
2026-08-10T20:09:39+10:00,2026-08-10T19:12:10+10:00,7801,Present,71230,"-37.82701674878854, 144.95896467210622"
2026-08-10T20:09:39+10:00,2026-08-10T15:53:15+10:00,7810,Present,71218,"-37.82714224481136, 144.95856367227128"
2026-08-10T20:09:39+10:00,2026-08-10T17:49:07+10:00,7810,Present,71215,"-37.82701492342457, 144.95871432311623"
2026-08-10T20:09:39+10:00,2026-08-10T17:02:25+10:00,7811,Present,71219,"-37.827180352461326, 144.9585151532337"
2026-08-10T20:09:39+10:00,2026-08-10T19:40:54+10:00,7850,Present,73117,"-37.82613139546466, 144.95831700535328"
2026-08-10T20:09:39+10:00,2026-08-10T17:34:27+10:00,7850,Present,73118,"-37.826170877352226, 144.95827050413817"
2026-08-10T20:09:39+10:00,2026-08-10T17:59:09+10:00,7850,Present,73119,"-37.82621038546152, 144.9582238988401"
2026-08-10T20:09:39+10:00,2026-08-10T18:27:05+10:00,7604,Present,54724,"-37.81054581375551, 144.9586676326693"
2026-08-10T20:09:39+10:00,2026-08-10T16:15:52+10:00,7604,Present,54723,"-37.81056741213705, 144.9586777277167"
2026-08-10T20:09:39+10:00,2026-08-10T20:03:37+10:00,7604,Present,54726,"-37.810439481309274, 144.95861953170794"
2026-08-10T20:09:39+10:00,2026-08-10T19:19:14+10:00,7693,Present,54739,"-37.81059143524994, 144.95856709795407"
2026-08-10T20:09:39+10:00,2026-08-10T19:31:08+10:00,7693,Present,54714,"-37.81040407652259, 144.95872959114956"
2026-08-10T20:09:39+10:00,2026-08-10T19:47:07+10:00,7693,Present,54715,"-37.810353261206004, 144.95870631046387"
2026-08-10T20:09:39+10:00,2026-08-10T19:57:48+10:00,7693,Present,54718,"-37.81020086201354, 144.9586364036427"
2026-08-10T20:09:39+10:00,2026-08-10T20:05:39+10:00,7693,Present,54740,"-37.810542356979354, 144.95854481582444"
2026-08-10T20:09:39+10:00,2026-08-10T18:53:15+10:00,,Unoccupied,54821,"-37.809790658925614, 144.95820004494016"
2026-08-10T20:09:39+10:00,2026-08-10T19:50:58+10:00,7819,Unoccupied,70946,"-37.825391933167325, 144.9605934763136"
2026-08-10T20:09:39+10:00,2026-08-10T20:04:52+10:00,7818,Unoccupied,70931,"-37.82483151198788, 144.96125271990832"
2026-08-10T20:09:39+10:00,2026-08-10T19:41:28+10:00,7818,Unoccupied,70923,"-37.82454213342038, 144.9615926204324"
2026-08-10T20:09:39+10:00,2026-08-10T15:18:34+10:00,7901,Present,70913,"-37.82413696869382, 144.9620679867066"
2026-08-10T20:09:39+10:00,2026-08-10T19:57:11+10:00,7901,Unoccupied,70912,"-37.82409748232794, 144.96211402808882"
2026-08-10T20:09:39+10:00,2026-08-10T19:43:22+10:00,7897,Unoccupied,70911,"-37.824057793612454, 144.96216037308574"
2026-08-10T20:09:39+10:00,2026-08-10T18:41:48+10:00,7818,Present,70960,"-37.824803479139845, 144.9615600537793"
2026-08-10T20:09:39+10:00,2026-08-10T20:02:18+10:00,7818,Unoccupied,70932,"-37.82486979658074, 144.961207679527"
2026-08-10T20:09:39+10:00,2026-08-10T19:27:43+10:00,7819,Present,70966,"-37.82504094685214, 144.96128153171605"
2026-08-10T20:09:39+10:00,2026-08-10T20:07:01+10:00,7819,Present,70951,"-37.82435926710297, 144.96208307616686"
2026-08-10T20:09:39+10:00,2026-08-10T16:07:32+10:00,7819,Present,70949,"-37.82428049283992, 144.96217633623564"
2026-08-10T20:09:39+10:00,2026-08-10T19:37:11+10:00,,Present,63958,"-37.815513165805065, 144.9590845207224"
2026-08-10T20:09:39+10:00,2026-08-04T16:26:56+10:00,,Present,75949,"-37.82813883946301, 144.96585778948196"
2026-08-10T20:09:39+10:00,2026-08-03T14:01:45+10:00,,Unoccupied,75948,"-37.82808801364579, 144.96587309296558"
2026-08-10T20:09:39+10:00,2026-08-08T01:38:35+10:00,7893,Unoccupied,75976,"-37.82769484578806, 144.96617467736098"
2026-08-10T20:09:39+10:00,2026-08-10T17:48:17+10:00,7893,Present,75918,"-37.826443577839854, 144.96635360206182"
2026-08-10T20:09:39+10:00,2026-08-10T19:53:56+10:00,7893,Unoccupied,75920,"-37.82654875961789, 144.96632208157547"
2026-08-10T20:09:39+10:00,2026-08-10T19:57:41+10:00,7893,Unoccupied,75921,"-37.82660134509978, 144.966306233091"
2026-08-10T20:09:39+10:00,2026-08-10T17:57:25+10:00,7893,Present,75922,"-37.82665390991026, 144.9662903786574"
2026-08-10T20:09:39+10:00,2026-08-10T17:51:11+10:00,7893,Present,75925,"-37.82681167935398, 144.96624300589605"
2026-08-10T20:09:39+10:00,2026-08-10T17:23:53+10:00,7893,Present,75951,"-37.82638990141825, 144.9665688356081"
2026-08-10T20:09:39+10:00,2026-08-10T17:17:46+10:00,7893,Unoccupied,75957,"-37.826705486386146, 144.96647431954648"
2026-08-10T20:09:39+10:00,2026-08-10T17:33:05+10:00,7893,Present,75959,"-37.82681064345125, 144.96644274745654"
2026-08-10T20:09:39+10:00,2026-08-10T16:45:53+10:00,,Present,75961,"-37.82691447843731, 144.9664114093407"
2026-08-10T20:09:39+10:00,2026-08-07T18:07:25+10:00,7893,Present,75944,"-37.82784908634866, 144.96594502972857"
2026-08-10T20:09:39+10:00,2026-08-08T00:01:31+10:00,7893,Unoccupied,75946,"-37.827975631102746, 144.965906929891"
2026-08-10T20:09:39+10:00,2026-03-20T08:25:19+11:00,7866,Unoccupied,70744,"-37.82222566607131, 144.96653637545978"
2026-08-10T20:09:39+10:00,2026-03-18T11:21:58+11:00,7866,Present,70742,"-37.82216500932276, 144.9666700231227"
2026-08-10T20:09:39+10:00,2026-03-18T11:23:23+11:00,7866,Present,70733,"-37.822668603278935, 144.96543898744142"
2026-08-10T20:09:39+10:00,2026-03-23T13:46:04+11:00,,Present,70731,"-37.822614631456275, 144.96555724358433"
2026-08-10T20:09:39+10:00,2026-08-09T18:31:21+10:00,,Present,72810,"-37.82648913711034, 144.95903892960234"
2026-08-10T20:09:39+10:00,2026-08-10T20:05:13+10:00,7825,Unoccupied,72812,"-37.82638202476538, 144.95898986537145"
2026-08-10T20:09:39+10:00,2026-08-10T18:27:35+10:00,7875,Present,72835,"-37.82637772631397, 144.95886854000898"
2026-08-10T20:09:39+10:00,2025-11-29T19:01:07+11:00,7875,Present,72832,"-37.82652993379983, 144.95893911549223"
2026-08-10T20:09:39+10:00,2026-08-10T19:09:38+10:00,7551,Present,65441,"-37.81245402229993, 144.96171795632762"
2026-08-10T20:09:39+10:00,2026-08-10T20:06:03+10:00,7551,Present,65438,"-37.812396421369286, 144.961824398484"
2026-08-10T20:09:39+10:00,2026-08-10T19:02:10+10:00,7551,Present,65439,"-37.812418925337376, 144.96183479106497"
2026-08-10T20:09:39+10:00,2026-08-10T18:03:02+10:00,7953,Present,78332,"-37.82600474981827, 144.96709737965352"
2026-08-10T20:09:39+10:00,2026-08-10T18:04:02+10:00,7590,Unoccupied,55220,"-37.818473397608145, 144.9608364475078"
2026-08-10T20:09:39+10:00,2026-08-10T19:40:53+10:00,7462,Present,53116,"-37.80924174840965, 144.95912544137104"
2026-08-10T20:09:39+10:00,2026-08-10T19:33:06+10:00,7462,Unoccupied,53122,"-37.80892436646631, 144.95897929662"
2026-08-10T20:09:39+10:00,2026-08-10T16:58:53+10:00,7890,Present,75820,"-37.82460075554276, 144.96692647301487"
2026-08-10T20:09:39+10:00,2026-08-10T19:26:49+10:00,7890,Unoccupied,75822,"-37.82471605223723, 144.96689187122655"
2026-08-10T20:09:39+10:00,2026-08-10T16:49:05+10:00,7890,Present,75868,"-37.82496362724261, 144.96700131758834"
2026-08-10T20:09:39+10:00,2026-08-10T17:44:47+10:00,7890,Present,75838,"-37.82558216990949, 144.96662445478825"
2026-08-10T20:09:39+10:00,2026-08-10T16:16:19+10:00,7890,Unoccupied,75836,"-37.82547793418313, 144.96666098028305"
2026-08-10T20:09:39+10:00,2026-08-10T17:12:27+10:00,7890,Present,75833,"-37.82532392317833, 144.96670858234043"
2026-08-10T20:09:39+10:00,2026-08-10T18:07:11+10:00,7890,Present,75872,"-37.825135789738525, 144.96695222754124"
2026-08-10T20:09:39+10:00,2026-08-10T18:26:53+10:00,7890,Present,75873,"-37.825188540972036, 144.96693730851342"
2026-08-10T20:09:39+10:00,2026-08-10T18:46:41+10:00,7890,Present,75876,"-37.8253467951934, 144.9668925449243"
2026-08-10T20:09:39+10:00,2026-08-10T20:07:07+10:00,,Present,75861,"-37.82458319556926, 144.9671144351599"
2026-08-10T20:09:39+10:00,2026-08-10T19:14:13+10:00,,Present,75864,"-37.82474095816424, 144.96706708135997"
2026-08-10T20:09:39+10:00,2026-08-10T17:57:01+10:00,,Present,75865,"-37.82479265029289, 144.9670515603165"
2026-08-10T20:09:39+10:00,2026-08-08T02:13:05+10:00,7896,Unoccupied,76059,"-37.82901782052595, 144.96577441932882"
2026-08-10T20:09:39+10:00,2026-08-07T18:53:08+10:00,7896,Unoccupied,76066,"-37.829359549927005, 144.9656701320128"
2026-08-10T20:09:39+10:00,2026-08-07T22:05:17+10:00,7896,Unoccupied,76057,"-37.82891581631513, 144.96580527717316"
2026-08-10T20:09:39+10:00,2026-08-07T17:27:10+10:00,7896,Unoccupied,76070,"-37.82957721554426, 144.96561398163095"
2026-08-10T20:09:39+10:00,2026-08-07T22:23:46+10:00,7896,Unoccupied,76052,"-37.82865020278885, 144.96588491607986"
2026-08-10T20:09:39+10:00,2026-08-07T22:21:45+10:00,7896,Unoccupied,76054,"-37.82875918318739, 144.96585243139234"
2026-08-10T20:09:39+10:00,2026-08-08T02:25:44+10:00,7896,Unoccupied,76032,"-37.829654980385456, 144.9654014569816"
2026-08-10T20:09:39+10:00,2026-08-08T02:00:10+10:00,7896,Unoccupied,76022,"-37.82911985758824, 144.96556527521133"
2026-08-10T20:09:39+10:00,2026-08-07T23:02:09+10:00,7892,Unoccupied,76028,"-37.829435150485835, 144.96546955519688"
2026-08-10T20:09:39+10:00,2026-08-07T18:53:03+10:00,7892,Unoccupied,76026,"-37.829321781844094, 144.96550401083675"
2026-08-10T20:09:39+10:00,2026-08-09T17:44:38+10:00,,Present,62446,"-37.818697661542636, 144.95573781278426"
2026-08-10T20:09:39+10:00,2026-08-10T18:32:25+10:00,7354,Present,62443,"-37.81864329390538, 144.95592784646567"
2026-08-10T20:09:39+10:00,2026-08-10T20:04:09+10:00,7357,Unoccupied,62439,"-37.81856872456078, 144.95618730290553"
2026-08-10T20:09:39+10:00,2026-08-10T14:24:48+10:00,7659,Present,50122,"-37.814139620901145, 144.9742325651239"
2026-08-10T20:09:39+10:00,2026-08-10T18:24:17+10:00,7659,Present,50124,"-37.81402244047572, 144.97417827826658"
2026-08-10T20:09:39+10:00,2024-04-11T12:55:13+10:00,7307,Present,15347,"-37.809428788640695, 144.96045209053898"
2026-08-10T20:09:39+10:00,2026-08-10T18:54:23+10:00,7307,Present,67849,"-37.8094861298496, 144.96025546293737"
2026-08-10T20:09:39+10:00,2024-04-11T11:21:49+10:00,7306,Present,6546,"-37.80981727127124, 144.95869549578777"
2026-08-10T20:09:39+10:00,2024-04-11T12:48:07+10:00,7306,Present,6545,"-37.809799611679516, 144.9587566314288"
2026-08-10T20:09:39+10:00,2026-08-10T19:25:45+10:00,7307,Present,67871,"-37.80989242477605, 144.95885602811086"
2026-08-10T20:09:39+10:00,2026-08-08T18:36:55+10:00,,Present,67867,"-37.80981813280167, 144.95911198294885"
2026-08-10T20:09:39+10:00,2026-08-10T14:47:22+10:00,,Present,67866,"-37.809799560161686, 144.95917597171945"
2026-08-10T20:09:39+10:00,2026-08-10T20:00:09+10:00,,Unoccupied,67860,"-37.809698677049816, 144.95952355204852"
2026-08-10T20:09:39+10:00,2026-08-10T19:22:46+10:00,7307,Present,67850,"-37.80950536527862, 144.96018944758953"
2026-08-10T20:09:39+10:00,2025-10-19T17:36:14+11:00,7306,Present,67852,"-37.80955125084192, 144.9600314540414"
2026-08-10T20:09:39+10:00,2026-08-10T19:38:19+10:00,7306,Present,67858,"-37.809657584499504, 144.9596651137777"
2026-08-10T20:09:39+10:00,2026-08-10T19:51:00+10:00,7938,Present,23836,"-37.81194395032552, 144.9513076081501"
2026-08-10T20:09:39+10:00,2026-07-24T11:50:48+10:00,7938,Present,23829,"-37.811774698626785, 144.95190508558397"
2026-08-10T20:09:39+10:00,2026-08-09T23:04:38+10:00,7938,Present,23826,"-37.81171126339903, 144.95212969390616"
2026-08-10T20:09:39+10:00,2026-08-09T21:38:24+10:00,7951,Unoccupied,23823,"-37.811654805856804, 144.95232943499593"
2026-08-10T20:09:39+10:00,2026-08-09T15:51:45+10:00,7938,Present,23819,"-37.811578918396734, 144.95259812888014"
2026-08-10T20:09:39+10:00,2026-08-10T19:26:19+10:00,7952,Unoccupied,23810,"-37.81142015212373, 144.95315950280718"
2026-08-10T20:09:39+10:00,2026-08-10T17:47:10+10:00,7951,Present,23840,"-37.81152512651053, 144.9532043899987"
2026-08-10T20:09:39+10:00,2026-08-10T19:58:37+10:00,7938,Unoccupied,23817,"-37.811543389844104, 144.95272374340297"
2026-08-10T20:09:39+10:00,2026-08-08T12:09:27+10:00,7938,Present,23845,"-37.811630853398086, 144.95283057532248"
2026-08-10T20:09:39+10:00,2026-08-10T19:48:57+10:00,7938,Present,23854,"-37.811789398330724, 144.9522699697347"
2026-08-10T20:09:39+10:00,2026-08-10T19:50:43+10:00,7938,Present,23863,"-37.81195046479931, 144.95169985626075"
2026-08-10T20:09:39+10:00,2026-08-10T20:07:05+10:00,7938,Unoccupied,23864,"-37.81196775648053, 144.95163890400735"
2026-08-10T20:09:39+10:00,2026-08-10T19:57:44+10:00,7938,Present,23866,"-37.81203413066601, 144.95140413633501"
2026-08-10T20:09:39+10:00,2026-08-10T18:41:17+10:00,7952,Unoccupied,23811,"-37.8114367667407, 144.95310074057073"
2026-08-10T20:09:39+10:00,2026-08-10T19:04:46+10:00,7871,Present,72521,"-37.824747580138535, 144.96044219675187"
2026-08-10T20:09:39+10:00,2026-08-10T19:30:30+10:00,7868,Present,72534,"-37.82410691069292, 144.9606522989443"
2026-08-10T20:09:39+10:00,2026-08-10T18:29:28+10:00,7868,Present,72533,"-37.82415694190567, 144.96063584378692"
2026-08-10T20:09:39+10:00,2026-08-10T12:00:38+10:00,,Unoccupied,72538,"-37.823898459158706, 144.9607225377049"
2026-08-10T20:09:39+10:00,2026-08-10T19:51:01+10:00,7868,Unoccupied,72515,"-37.82508425177186, 144.96033088732764"
2026-08-10T20:09:39+10:00,2026-08-10T18:25:04+10:00,7871,Present,72518,"-37.82490836855665, 144.96038906565803"
2026-08-10T20:09:39+10:00,2026-08-10T19:42:27+10:00,7871,Unoccupied,72561,"-37.82466561910743, 144.96023970882476"
2026-08-10T20:09:39+10:00,2026-08-10T20:05:22+10:00,7871,Present,72540,"-37.82378349886862, 144.96075932518713"
2026-08-10T20:09:39+10:00,2026-08-10T20:02:41+10:00,7871,Present,72526,"-37.824510889398944, 144.96052014224023"
2026-08-10T20:09:39+10:00,2026-08-10T18:55:14+10:00,7871,Unoccupied,72519,"-37.82485250412843, 144.96040757376466"
2026-08-10T20:09:39+10:00,2026-08-10T19:58:19+10:00,7871,Unoccupied,72516,"-37.82501475025392, 144.9603538436017"
2026-08-10T20:09:39+10:00,2024-09-29T14:01:11+10:00,,Unoccupied,23225,"-37.810420761755964, 144.95265787987347"
2026-08-10T20:09:39+10:00,2026-07-09T08:43:39+10:00,7846,Unoccupied,78152,"-37.82518758415168, 144.97024003833985"
2026-08-10T20:09:39+10:00,2026-07-09T08:35:29+10:00,7846,Unoccupied,78153,"-37.825206143049556, 144.97017601463443"
2026-08-10T20:09:39+10:00,2026-07-09T10:40:56+10:00,7846,Present,78157,"-37.82528104769733, 144.96991906291288"
2026-08-10T20:09:39+10:00,2026-07-09T08:26:37+10:00,7846,Unoccupied,78160,"-37.825337778992186, 144.96972692707675"
2026-08-10T20:09:39+10:00,2026-07-08T20:37:03+10:00,7846,Unoccupied,78162,"-37.82537457622662, 144.9695983728505"
2026-08-10T20:09:39+10:00,2026-07-08T21:20:14+10:00,7846,Unoccupied,78112,"-37.825054498591896, 144.9703383501437"
2026-08-10T20:09:39+10:00,2026-07-09T10:30:45+10:00,7846,Unoccupied,78113,"-37.825062597372515, 144.97031063938354"
2026-08-10T20:09:39+10:00,2026-07-09T10:17:11+10:00,7846,Present,78122,"-37.82513759691021, 144.97005494124517"
2026-08-10T20:09:39+10:00,2026-07-09T10:28:50+10:00,7846,Present,78123,"-37.825145658378204, 144.97002721328147"
2026-08-10T20:09:39+10:00,2026-07-09T08:04:46+10:00,7846,Unoccupied,78125,"-37.82516178037366, 144.9699717561768"
2026-08-10T20:09:39+10:00,2026-07-09T10:37:45+10:00,7846,Present,78126,"-37.825169529455714, 144.96994509491222"
2026-08-10T20:09:39+10:00,2026-07-09T09:23:11+10:00,7846,Present,78127,"-37.825177594069174, 144.96991736902464"
2026-08-10T20:09:39+10:00,2026-07-09T08:54:48+10:00,7846,Unoccupied,78128,"-37.82518597285264, 144.96988858979435"
2026-08-10T20:09:39+10:00,2026-07-09T09:51:11+10:00,7846,Present,78130,"-37.82520231365345, 144.9698326290153"
2026-08-10T20:09:39+10:00,2026-07-09T09:04:16+10:00,7846,Unoccupied,78133,"-37.82522705815116, 144.96974789056947"
2026-08-10T20:09:39+10:00,2026-07-09T09:56:59+10:00,7846,Present,78138,"-37.82526694199633, 144.96961147597102"
2026-08-10T20:09:39+10:00,2026-07-08T20:49:56+10:00,7846,Unoccupied,78161,"-37.825356381543585, 144.9696629350595"
2026-08-10T20:09:39+10:00,2026-07-09T08:50:15+10:00,,Present,78117,"-37.82509507327984, 144.97019984985607"
2026-08-10T20:09:39+10:00,2026-08-10T20:02:11+10:00,7831,Unoccupied,79043,"-37.830082091145385, 144.96651714394858"
2026-08-10T20:09:39+10:00,2026-08-10T16:16:41+10:00,7831,Unoccupied,79055,"-37.83020708344365, 144.96608274909426"
2026-08-10T20:09:39+10:00,2026-08-10T19:02:23+10:00,7831,Present,79040,"-37.83005492989875, 144.9666255483207"
2026-08-10T20:09:39+10:00,2026-08-10T16:37:01+10:00,7831,Unoccupied,79059,"-37.83025112382951, 144.9659342446661"
2026-08-10T20:09:39+10:00,2026-08-10T18:22:56+10:00,,Unoccupied,79034,"-37.83020809676481, 144.96566062230085"
2026-08-10T20:09:39+10:00,2026-08-10T19:21:43+10:00,7831,Unoccupied,79045,"-37.830102577163075, 144.9664455132892"
2026-08-10T20:09:39+10:00,2026-08-10T17:07:51+10:00,,Unoccupied,79065,"-37.83031314036742, 144.96571815689367"
2026-08-10T20:09:39+10:00,2026-08-10T17:12:30+10:00,7831,Present,79051,"-37.83016494926506, 144.96622814748255"
2026-08-10T20:09:39+10:00,2026-08-10T19:13:06+10:00,7831,Present,79048,"-37.83013329652369, 144.96633828195024"
2026-08-10T20:09:39+10:00,2026-08-10T13:29:49+10:00,7833,Unoccupied,78961,"-37.82949766850135, 144.9685412774673"
2026-08-10T20:09:39+10:00,2024-11-18T19:30:08+11:00,,Unoccupied,78998,"-37.829905431498155, 144.96712907990295"
2026-08-10T20:09:39+10:00,2026-08-10T15:46:11+10:00,7833,Unoccupied,78972,"-37.82962557828268, 144.9681147496326"
2026-08-10T20:09:39+10:00,2026-08-10T18:56:53+10:00,7833,Present,78981,"-37.82970447772573, 144.96782879130058"
2026-08-10T20:09:39+10:00,2026-08-10T19:59:16+10:00,7833,Unoccupied,78976,"-37.82965791479007, 144.96798893922772"
2026-08-10T20:09:39+10:00,2026-08-10T13:29:47+10:00,7833,Unoccupied,78959,"-37.829480227627734, 144.9686014968282"
2026-08-10T20:09:39+10:00,2026-08-10T12:47:04+10:00,7828,Present,78872,"-37.82905589423143, 144.97005014041656"
2026-08-10T20:09:39+10:00,2026-08-09T09:12:28+10:00,,Present,78855,"-37.82919493960007, 144.96914720293"
2026-08-10T20:09:39+10:00,2026-08-10T12:38:22+10:00,7828,Present,78861,"-37.828871294625635, 144.97068560233382"
2026-08-10T20:09:39+10:00,2026-08-10T09:33:48+10:00,7828,Present,78831,"-37.828936574554035, 144.97004020477837"
2026-08-10T20:09:39+10:00,2026-08-10T14:51:50+10:00,7828,Present,78870,"-37.82903427212868, 144.97012421684673"
2026-08-10T20:09:39+10:00,2026-08-10T13:45:12+10:00,7828,Present,78830,"-37.8289267994686, 144.97007388811758"
2026-08-10T20:09:39+10:00,2026-08-10T10:59:07+10:00,7828,Present,78836,"-37.82898698371049, 144.96986667063092"
2026-08-10T20:09:39+10:00,2026-08-09T20:17:45+10:00,7828,Present,78893,"-37.82928782489978, 144.96925468939753"
2026-08-10T20:09:39+10:00,2026-08-10T14:03:52+10:00,7828,Present,78867,"-37.82900163748326, 144.9702358416815"
2026-08-10T20:09:39+10:00,2026-08-09T13:31:31+10:00,7828,Present,78833,"-37.82895759193961, 144.96996785437136"
2026-08-10T20:09:39+10:00,2026-08-10T14:06:55+10:00,7828,Present,78859,"-37.82884845854129, 144.9707647681979"
2026-08-10T20:09:39+10:00,2026-08-10T06:57:04+10:00,7828,Present,78835,"-37.8289768462906, 144.96990154954176"
2026-08-10T20:09:39+10:00,2026-08-10T14:48:22+10:00,7828,Present,78876,"-37.82909907654195, 144.96990162043565"
2026-08-10T20:09:39+10:00,2026-08-10T14:40:01+10:00,7828,Present,78880,"-37.829142579835356, 144.9697529642362"
2026-08-10T20:09:39+10:00,2026-08-10T11:35:17+10:00,7828,Unoccupied,78889,"-37.82924222140195, 144.96941117122682"
2026-08-10T20:09:39+10:00,2026-08-10T06:47:45+10:00,7828,Present,78838,"-37.82900109498486, 144.96980384747607"
2026-08-10T20:09:39+10:00,2026-08-10T08:36:58+10:00,7828,Present,78816,"-37.828778138993755, 144.97058308767743"
2026-08-10T20:09:39+10:00,2026-08-10T08:17:19+10:00,7828,Present,78827,"-37.82889445606243, 144.97018523214638"
2026-08-10T20:09:39+10:00,2026-08-10T14:12:25+10:00,7828,Unoccupied,78883,"-37.8291763840915, 144.96963757117413"
2026-08-10T20:09:39+10:00,2026-08-10T13:46:04+10:00,7828,Present,78869,"-37.82902332993568, 144.97016192131449"
2026-08-10T20:09:39+10:00,2026-08-10T08:32:14+10:00,7828,Present,78815,"-37.828767306693386, 144.97062111161148"
2026-08-10T20:09:39+10:00,2026-08-10T14:51:09+10:00,7830,Present,78846,"-37.82908983083121, 144.96949646690535"
2026-08-10T20:09:39+10:00,2026-08-10T08:00:18+10:00,7828,Present,78829,"-37.82891563232636, 144.97011231733075"
2026-08-10T20:09:39+10:00,2026-08-10T14:40:25+10:00,7828,Present,78879,"-37.82913166852639, 144.9697901271443"
2026-08-10T20:09:39+10:00,2026-08-10T11:04:37+10:00,,Present,78857,"-37.828826267037634, 144.97087275417158"
2026-08-10T20:09:39+10:00,2026-08-10T08:31:09+10:00,7828,Present,78822,"-37.82884328885562, 144.9703614504034"
2026-08-10T20:09:39+10:00,2026-08-10T19:31:30+10:00,,Unoccupied,68516,"-37.806856126242174, 144.96065151167647"
2026-08-10T20:09:39+10:00,2026-08-10T17:59:11+10:00,7673,Present,68520,"-37.8069320359666, 144.9603945005108"
2026-08-10T20:09:39+10:00,2024-02-22T18:57:16+11:00,,Unoccupied,13197,"-37.80698049453417, 144.96015274760657"
2026-08-10T20:09:39+10:00,2026-08-10T20:02:19+10:00,7673,Unoccupied,68511,"-37.806757709288206, 144.96098470077197"
2026-08-10T20:09:39+10:00,2026-08-10T19:44:00+10:00,,Unoccupied,68515,"-37.80683712489133, 144.96071585248762"
2026-08-10T20:09:39+10:00,2026-08-10T20:07:36+10:00,7542,Present,66337,"-37.81215234629361, 144.95898563440585"
2026-08-10T20:09:39+10:00,2026-08-10T17:22:34+10:00,7542,Present,66339,"-37.81218733393386, 144.95886386155252"
2026-08-10T20:09:39+10:00,2026-08-10T15:25:56+10:00,7635,Present,52314,"-37.80943729891038, 144.9666820015256"
2026-08-10T20:09:39+10:00,2026-08-10T19:41:19+10:00,7635,Present,52319,"-37.80917546237963, 144.9665609881593"
2026-08-10T20:09:39+10:00,2026-08-10T20:04:44+10:00,7629,Present,51612,"-37.81630439317422, 144.96983462283697"
2026-08-10T20:09:39+10:00,2026-08-10T19:36:18+10:00,7580,Unoccupied,67620,"-37.80756716520409, 144.96643090950877"
2026-08-10T20:09:39+10:00,2026-08-10T07:43:21+10:00,7848,Unoccupied,75243,"-37.827999853864625, 144.955954718194"
2026-08-10T20:09:39+10:00,2026-08-10T16:40:10+10:00,7848,Unoccupied,75242,"-37.8279604951688, 144.95600165172021"
2026-08-10T20:09:39+10:00,2026-08-10T19:32:28+10:00,7848,Unoccupied,75233,"-37.827625740168216, 144.95639450141977"
2026-08-10T20:09:39+10:00,2026-08-10T16:01:38+10:00,7848,Unoccupied,75232,"-37.827586212875985, 144.95644104924372"
2026-08-10T20:09:39+10:00,2026-08-10T05:12:51+10:00,7848,Unoccupied,75228,"-37.82742938016392, 144.956626193591"
2026-08-10T20:09:39+10:00,2026-08-10T19:50:51+10:00,7848,Unoccupied,75225,"-37.827309871497135, 144.9567669905373"
2026-08-10T20:09:39+10:00,2026-08-10T17:57:09+10:00,7848,Present,75222,"-37.82719160744217, 144.95690679349522"
2026-08-10T20:09:39+10:00,2026-08-10T19:51:12+10:00,7848,Unoccupied,75253,"-37.82693724985701, 144.9573685757117"
2026-08-10T20:09:39+10:00,2026-08-10T01:56:42+10:00,7848,Unoccupied,75258,"-37.827147583969165, 144.95712107816615"
2026-08-10T20:09:39+10:00,2026-08-10T19:34:36+10:00,7848,Unoccupied,75266,"-37.82744894885017, 144.95676594640878"
2026-08-10T20:09:39+10:00,2026-08-10T16:22:18+10:00,7848,Present,75269,"-37.827567177206504, 144.95662630805623"
2026-08-10T20:09:39+10:00,2026-08-10T17:45:27+10:00,7848,Present,75270,"-37.827606760400386, 144.95657953601392"
2026-08-10T20:09:39+10:00,2026-08-10T15:40:50+10:00,7848,Unoccupied,75284,"-37.82813419726487, 144.95595892270745"
2026-08-10T20:09:39+10:00,2026-08-10T18:34:53+10:00,,Unoccupied,75274,"-37.82776539173473, 144.95639319291578"
2026-08-10T20:09:39+10:00,2026-08-10T18:21:04+10:00,7848,Present,75215,"-37.826938448824876, 144.95720613806407"
2026-08-10T20:09:39+10:00,2026-08-10T19:27:15+10:00,7384,Present,53615,"-37.808673264328235, 144.9607073683369"
2026-08-10T20:09:39+10:00,2026-08-10T18:57:10+10:00,7384,Present,53630,"-37.80867413678902, 144.9604979766114"
2026-08-10T20:09:39+10:00,2026-08-10T15:49:34+10:00,7384,Unoccupied,53614,"-37.80872408385247, 144.96073114536517"
2026-08-10T20:09:39+10:00,2026-08-10T19:30:11+10:00,7461,Present,53624,"-37.80897878423458, 144.96063829111546"
2026-08-10T20:09:39+10:00,2026-08-10T19:50:32+10:00,7461,Present,53622,"-37.809080347533246, 144.96068500956454"
2026-08-10T20:09:39+10:00,2026-08-10T18:37:58+10:00,7461,Present,53617,"-37.808572816809175, 144.96066054722723"
2026-08-10T20:09:39+10:00,2026-08-10T20:02:46+10:00,7310,Unoccupied,68029,"-37.81033159943681, 144.95688767672408"
2026-08-10T20:09:39+10:00,2026-08-10T19:41:18+10:00,7310,Present,68028,"-37.81031177110676, 144.95695677515417"
2026-08-10T20:09:39+10:00,2026-08-10T19:58:46+10:00,7310,Unoccupied,68027,"-37.81029053164275, 144.95703096385705"
2026-08-10T20:09:39+10:00,2026-08-10T05:13:53+10:00,7310,Unoccupied,68026,"-37.81027148523928, 144.95709736235452"
2026-08-10T20:09:39+10:00,2026-08-10T19:56:33+10:00,7311,Present,68048,"-37.81026382806165, 144.95757763103308"
2026-08-10T20:09:39+10:00,2026-08-10T15:13:33+10:00,7310,Present,68018,"-37.8101432355287, 144.95754517996733"
2026-08-10T20:09:39+10:00,2026-08-10T19:03:05+10:00,7310,Present,68020,"-37.81018300093149, 144.95740631750837"
2026-08-10T20:09:39+10:00,2026-07-09T10:50:24+10:00,7650,Present,71521,"-37.82228453454348, 144.96989591190692"
2026-08-10T20:09:39+10:00,2026-07-09T10:12:55+10:00,7650,Present,71518,"-37.82243714748575, 144.96996547793566"
2026-08-10T20:09:39+10:00,2026-07-09T10:51:49+10:00,7650,Present,71515,"-37.822589837661006, 144.9700347395645"
2026-08-10T20:09:39+10:00,2026-07-09T09:59:18+10:00,7650,Present,71514,"-37.82264070606006, 144.97005784278895"
2026-08-10T20:09:39+10:00,2026-07-09T10:47:25+10:00,7650,Present,71513,"-37.82269156170737, 144.97008083896907"
2026-08-10T20:09:39+10:00,2026-07-09T09:54:03+10:00,7650,Present,71511,"-37.822793333292104, 144.97012699114765"
2026-08-10T20:09:39+10:00,2026-07-09T10:15:39+10:00,7650,Unoccupied,71512,"-37.822742458129746, 144.97010387582407"
2026-08-10T20:09:39+10:00,2026-03-03T09:44:49+11:00,7886,Unoccupied,76822,"-37.82441359432801, 144.97038218262855"
2026-08-10T20:09:39+10:00,2026-07-09T07:31:56+10:00,7886,Present,76821,"-37.824461806399974, 144.97040448577332"
2026-08-10T20:09:39+10:00,2026-08-08T23:26:31+10:00,,Present,77637,"-37.829236744395715, 144.97107347590065"
2026-08-10T20:09:39+10:00,2026-07-06T17:12:53+10:00,7885,Unoccupied,77011,"-37.825699688516565, 144.97105816479547"
2026-08-10T20:09:39+10:00,2026-07-08T21:03:27+10:00,7885,Unoccupied,77013,"-37.82558972626612, 144.97102234999534"
2026-08-10T20:09:39+10:00,2026-07-09T10:22:32+10:00,7885,Unoccupied,77014,"-37.82553478655204, 144.97100441915387"
2026-08-10T20:09:39+10:00,2026-08-10T12:47:43+10:00,7887,Present,77438,"-37.82704006640708, 144.9713228928003"
2026-08-10T20:09:39+10:00,2026-08-10T12:16:57+10:00,7887,Unoccupied,77430,"-37.827471030135655, 144.97132061073427"
2026-08-10T20:09:39+10:00,2026-08-09T23:25:42+10:00,7887,Unoccupied,77414,"-37.828330680683095, 144.971243539447"
2026-08-10T20:09:39+10:00,2026-07-08T21:16:11+10:00,7885,Unoccupied,77015,"-37.82547977207088, 144.97098674796626"
2026-08-10T20:09:39+10:00,2026-08-10T08:47:15+10:00,7887,Unoccupied,77421,"-37.827955840508054, 144.9712790000549"
2026-08-10T20:09:39+10:00,2026-07-09T08:37:52+10:00,7885,Unoccupied,77039,"-37.82529067770159, 144.97078361189008"
2026-08-10T20:09:39+10:00,2026-07-09T08:24:11+10:00,7885,Present,77037,"-37.825393579561535, 144.97082430855636"
2026-08-10T20:09:39+10:00,2026-07-09T10:16:22+10:00,7885,Unoccupied,77033,"-37.825601022012066, 144.9708995760779"
2026-08-10T20:09:39+10:00,2026-08-10T16:45:37+10:00,,Present,68033,"-37.81041045724841, 144.95661226131315"
2026-08-10T20:09:39+10:00,2026-08-01T15:27:47+10:00,,Present,68031,"-37.81036852032673, 144.9567583990145"
2026-08-10T20:09:39+10:00,2026-08-10T19:31:53+10:00,,Unoccupied,68032,"-37.81038660839859, 144.95669527568742"
2026-08-10T20:09:39+10:00,2026-08-10T20:02:15+10:00,7606,Unoccupied,54454,"-37.81362014660411, 144.95993727927373"
2026-08-10T20:09:39+10:00,2025-10-07T14:58:38+11:00,7704,Unoccupied,69811,"-37.80598335957815, 144.9588456282533"
2026-08-10T20:09:39+10:00,2026-08-10T18:05:17+10:00,7107,Unoccupied,31346,"-37.8051855519788, 144.9680396600829"
2026-08-10T20:09:39+10:00,2026-08-10T16:24:33+10:00,7107,Unoccupied,31325,"-37.80500711415759, 144.96809373024325"
2026-08-10T20:09:39+10:00,2026-08-10T17:41:27+10:00,7107,Unoccupied,31321,"-37.80503675161914, 144.9683636885309"
2026-08-10T20:09:39+10:00,2026-08-10T19:23:21+10:00,7107,Unoccupied,31320,"-37.80504396528997, 144.9684300661334"
2026-08-10T20:09:39+10:00,2026-08-10T19:02:57+10:00,7097,Present,31127,"-37.80507606171462, 144.96703922007558"
2026-08-10T20:09:39+10:00,2026-08-10T19:49:53+10:00,7097,Present,31118,"-37.804848948926534, 144.9666644855219"
2026-08-10T20:09:39+10:00,2026-08-10T19:57:25+10:00,7097,Unoccupied,31113,"-37.804898207501964, 144.96711424664903"
2026-08-10T20:09:39+10:00,2026-08-10T19:05:09+10:00,7097,Unoccupied,31123,"-37.80510586409972, 144.967313861091"
2026-08-10T20:09:39+10:00,2026-08-10T17:54:25+10:00,,Unoccupied,31345,"-37.80519209550195, 144.9680985474206"
2026-08-10T20:09:39+10:00,2026-08-10T18:48:52+10:00,7104,Present,19117,"-37.80470325554684, 144.96530624679167"
2026-08-10T20:09:39+10:00,2026-08-10T19:58:27+10:00,7110,Unoccupied,19111,"-37.80476411889592, 144.96586166862903"
2026-08-10T20:09:39+10:00,2026-08-10T19:34:50+10:00,7104,Present,19133,"-37.80490422398388, 144.9654218267457"
2026-08-10T20:09:39+10:00,2026-08-10T19:24:57+10:00,,Present,34242,"-37.80471379002451, 144.96367770282797"
2026-08-10T20:09:39+10:00,2026-08-10T19:41:08+10:00,7110,Present,19114,"-37.80472419065215, 144.9655059196901"
2026-08-10T20:09:39+10:00,2026-08-10T11:27:37+10:00,7104,Present,19119,"-37.80468440186673, 144.96512603124984"
2026-08-10T20:09:39+10:00,2026-08-10T18:14:54+10:00,7104,Present,19130,"-37.80492591625649, 144.96561899333497"
2026-08-10T20:09:39+10:00,2026-08-10T19:03:09+10:00,7104,Present,19131,"-37.80491842230876, 144.9655508769996"
2026-08-10T20:09:39+10:00,2026-08-10T19:00:13+10:00,,Unoccupied,19121,"-37.80467021805305, 144.96499667467594"
2026-08-10T20:09:39+10:00,2026-08-10T20:05:51+10:00,7095,Present,34234,"-37.804783227282684, 144.96432673274742"
2026-08-10T20:09:39+10:00,2026-08-10T19:29:01+10:00,7121,Unoccupied,26212,"-37.80383780436271, 144.96347713018798"
2026-08-10T20:09:39+10:00,2026-08-10T18:34:07+10:00,,Unoccupied,26210,"-37.80395352122211, 144.96345741262928"
2026-08-10T20:09:39+10:00,2026-08-10T18:46:22+10:00,7121,Present,26240,"-37.80348742381372, 144.96335948707855"
2026-08-10T20:09:39+10:00,2026-08-10T17:00:57+10:00,7121,Unoccupied,26238,"-37.803601671554816, 144.96333990192784"
2026-08-10T20:09:39+10:00,2026-08-10T20:03:35+10:00,7086,Present,30421,"-37.80244897004508, 144.9640472768354"
2026-08-10T20:09:39+10:00,2026-08-10T19:58:29+10:00,7086,Unoccupied,30420,"-37.80245636676505, 144.964114766618"
2026-08-10T20:09:39+10:00,2026-08-09T22:30:51+10:00,7086,Present,30419,"-37.802463763377986, 144.9641822547373"
2026-08-10T20:09:39+10:00,2026-08-09T14:58:06+10:00,7086,Unoccupied,30417,"-37.80248316952273, 144.96435933951247"
2026-08-10T20:09:39+10:00,2026-05-30T13:43:42+10:00,7086,Unoccupied,30425,"-37.80262359187379, 144.96478409427112"
2026-08-10T20:09:39+10:00,2026-08-10T19:03:25+10:00,7086,Present,30438,"-37.80255987640754, 144.9641769512882"
2026-08-10T20:09:39+10:00,2026-08-10T19:40:04+10:00,7086,Present,30439,"-37.80255638126223, 144.9641442195517"
2026-08-10T20:09:39+10:00,2026-08-10T18:25:20+10:00,7086,Present,30441,"-37.802549500299705, 144.96407979117907"
2026-08-10T20:09:39+10:00,2026-08-10T18:22:27+10:00,7086,Present,30446,"-37.80253105380815, 144.9639070640223"
2026-08-10T20:09:39+10:00,2026-08-10T19:04:15+10:00,7086,Present,30430,"-37.80259342737115, 144.96449582938234"
2026-08-10T20:09:39+10:00,2026-08-10T19:22:22+10:00,7086,Present,30436,"-37.80257028603288, 144.9642747394438"
2026-08-10T20:09:39+10:00,2026-08-07T18:01:14+10:00,,Present,30458,"-37.80263783973186, 144.9640370762749"
2026-08-10T20:09:39+10:00,2026-08-10T18:51:11+10:00,7119,Present,37139,"-37.80087130648079, 144.96398524035084"
2026-08-10T20:09:39+10:00,2026-08-10T19:55:22+10:00,7119,Present,37141,"-37.80075077382758, 144.96400578572036"
2026-08-10T20:09:39+10:00,2026-08-10T19:44:07+10:00,7119,Present,37143,"-37.800641376138756, 144.96402423739897"
2026-08-10T20:09:39+10:00,2026-08-10T17:20:54+10:00,7117,Present,37131,"-37.80125463541009, 144.96391975518043"
2026-08-10T20:09:39+10:00,2026-08-10T20:05:25+10:00,7064,Unoccupied,36840,"-37.80464196329656, 144.9661674186558"
2026-08-10T20:09:39+10:00,2026-08-10T17:03:38+10:00,7064,Present,36842,"-37.804534820445184, 144.96618565270217"
2026-08-10T20:09:39+10:00,2026-08-10T19:39:49+10:00,7064,Present,36844,"-37.804427826289285, 144.96620385694231"
2026-08-10T20:09:39+10:00,2026-08-10T19:56:15+10:00,7064,Present,36855,"-37.80379889113261, 144.9663108704516"
2026-08-10T20:09:39+10:00,2026-07-03T23:28:59+10:00,7064,Unoccupied,36856,"-37.80374753926369, 144.96631960671402"
2026-08-10T20:09:39+10:00,2026-08-10T19:33:10+10:00,7066,Present,36745,"-37.802692411826854, 144.96649870240913"
2026-08-10T20:09:39+10:00,2026-08-10T19:39:03+10:00,7072,Present,36734,"-37.80131361588286, 144.96692361135337"
2026-08-10T20:09:39+10:00,2026-08-10T19:51:10+10:00,7072,Present,36733,"-37.80136287125367, 144.96691515177173"
2026-08-10T20:09:39+10:00,2026-08-10T18:49:12+10:00,7072,Present,36731,"-37.80146527617163, 144.96689791098004"
2026-08-10T20:09:39+10:00,2026-08-04T20:08:57+10:00,7072,Present,36729,"-37.801573205057736, 144.96687970533497"
2026-08-10T20:09:39+10:00,2026-08-10T16:26:40+10:00,7072,Present,36728,"-37.801627368526226, 144.9668703338267"
2026-08-10T20:09:39+10:00,2026-08-10T11:43:19+10:00,7072,Present,36727,"-37.8016815134187, 144.9668608776184"
2026-08-10T20:09:39+10:00,2026-08-10T17:44:37+10:00,7072,Present,36726,"-37.801735847417945, 144.9668513889984"
2026-08-10T20:09:39+10:00,2026-08-10T19:57:46+10:00,,Unoccupied,36721,"-37.80202317617227, 144.96680247882875"
2026-08-10T20:09:39+10:00,2026-08-10T18:29:51+10:00,7072,Present,36752,"-37.80185611792601, 144.96664611541868"
2026-08-10T20:09:39+10:00,2026-08-10T19:41:02+10:00,7075,Present,36723,"-37.80189759694928, 144.96682352749573"
2026-08-10T20:09:39+10:00,2026-08-10T19:40:49+10:00,7948,Unoccupied,67429,"-37.81299313214295, 144.95180691803887"
2026-08-10T20:09:39+10:00,2026-08-10T19:47:57+10:00,7503,Unoccupied,67217,"-37.81126203604447, 144.95788515167453"
2026-08-10T20:09:39+10:00,2026-08-10T20:06:58+10:00,7503,Unoccupied,67230,"-37.8113866179018, 144.95793871548597"
2026-08-10T20:09:39+10:00,2026-08-10T12:24:58+10:00,7391,Present,53328,"-37.811657689553385, 144.96186389774667"
2026-08-10T20:09:39+10:00,2026-08-10T12:40:09+10:00,7403,Unoccupied,53324,"-37.81187086930558, 144.961962318115"
2026-08-10T20:09:39+10:00,2026-08-10T10:03:09+10:00,7403,Unoccupied,53321,"-37.81203075384377, 144.96203613317573"
2026-08-10T20:09:39+10:00,2026-08-10T20:06:46+10:00,,Present,36030,"-37.80634933675228, 144.96285529579077"
2026-08-10T20:09:39+10:00,2026-03-07T15:00:56+11:00,7122,Unoccupied,36036,"-37.806009452758914, 144.96291608504634"
2026-08-10T20:09:39+10:00,2026-08-10T19:36:27+10:00,7043,Present,31938,"-37.806409779872084, 144.96443992321048"
2026-08-10T20:09:39+10:00,2026-08-10T19:16:36+10:00,7043,Present,31939,"-37.80630812396853, 144.96445784631248"
2026-08-10T20:09:39+10:00,2026-08-10T19:06:21+10:00,7043,Present,31940,"-37.806282314834846, 144.96446243755088"
2026-08-10T20:09:39+10:00,2026-08-10T18:10:39+10:00,7043,Present,31942,"-37.80623190096722, 144.9644713494895"
2026-08-10T20:09:39+10:00,2026-08-10T18:25:51+10:00,7043,Present,31944,"-37.80615528768121, 144.96448494698353"
2026-08-10T20:09:39+10:00,2026-08-10T20:04:52+10:00,7043,Unoccupied,31947,"-37.80607811023808, 144.9644985955822"
2026-08-10T20:09:39+10:00,2026-08-10T19:34:05+10:00,7043,Present,31977,"-37.805759867207556, 144.96455490416116"
2026-08-10T20:09:39+10:00,2026-08-10T20:03:22+10:00,7043,Unoccupied,31955,"-37.80562559394581, 144.96457867087327"
2026-08-10T20:09:39+10:00,2026-08-10T19:25:09+10:00,7043,Unoccupied,31956,"-37.805598827976354, 144.96458340905133"
2026-08-10T20:09:39+10:00,2026-08-10T18:48:07+10:00,7043,Present,31981,"-37.805451603283714, 144.96460940880274"
2026-08-10T20:09:39+10:00,2026-08-10T17:25:00+10:00,7043,Present,31987,"-37.80530877476605, 144.9646352922564"
2026-08-10T20:09:39+10:00,2026-08-10T19:45:17+10:00,7043,Unoccupied,31967,"-37.805233559030206, 144.9646480472922"
2026-08-10T20:09:39+10:00,2026-08-10T20:00:09+10:00,7043,Present,31968,"-37.80520946951067, 144.96465231324063"
2026-08-10T20:09:39+10:00,2026-08-10T19:28:01+10:00,7043,Unoccupied,31969,"-37.805184488312115, 144.96465673772087"
2026-08-10T20:09:39+10:00,2026-08-10T18:14:23+10:00,7035,Present,31911,"-37.80636086771931, 144.96457206022262"
2026-08-10T20:09:39+10:00,2026-08-10T17:25:40+10:00,7043,Present,31915,"-37.80616588046701, 144.9646062119876"
2026-08-10T20:09:39+10:00,2026-08-10T19:30:05+10:00,7043,Unoccupied,31921,"-37.80570511544333, 144.96468856869245"
2026-08-10T20:09:39+10:00,2026-08-10T20:01:14+10:00,7043,Unoccupied,31923,"-37.805577952089365, 144.9647108565755"
2026-08-10T20:09:39+10:00,2026-08-10T19:07:01+10:00,7043,Present,31925,"-37.80546327426344, 144.9647308786519"
2026-08-10T20:09:39+10:00,2026-08-10T19:59:12+10:00,7043,Unoccupied,31928,"-37.80524558902344, 144.96476828596124"
2026-08-10T20:09:39+10:00,2026-08-10T18:47:15+10:00,7043,Unoccupied,31932,"-37.80502688087441, 144.9648059057173"
2026-08-10T20:09:39+10:00,2026-08-10T19:50:25+10:00,7035,Present,31988,"-37.80592306834179, 144.9644093835903"
2026-08-10T20:09:39+10:00,2026-08-10T19:58:29+10:00,7043,Unoccupied,31962,"-37.806190136791, 144.96436221313473"
2026-08-10T20:09:39+10:00,2026-08-10T18:14:07+10:00,7043,Present,31927,"-37.805313926600704, 144.9647565344223"
2026-08-10T20:09:39+10:00,2026-08-10T19:44:42+10:00,7043,Present,31916,"-37.8061122726009, 144.96461558458748"
2026-08-10T20:09:39+10:00,2026-08-10T17:08:26+10:00,7043,Present,31975,"-37.805808016213376, 144.9645463766641"
2026-08-10T20:09:39+10:00,2026-08-10T18:01:11+10:00,7043,Present,31974,"-37.80583191525659, 144.96454215248554"
2026-08-10T20:09:39+10:00,2026-08-10T19:04:19+10:00,7043,Unoccupied,31984,"-37.80537905963537, 144.96462282892549"
2026-08-10T20:09:39+10:00,2026-08-10T19:10:25+10:00,7043,Unoccupied,31983,"-37.80540299385039, 144.96461829444718"
2026-08-10T20:09:39+10:00,2026-08-10T18:23:14+10:00,7023,Unoccupied,30876,"-37.8045200728063, 144.9602480006114"
2026-08-10T20:09:39+10:00,2026-08-10T14:03:00+10:00,7023,Unoccupied,30877,"-37.80449588287644, 144.96025218319377"
2026-08-10T20:09:39+10:00,2025-04-30T13:26:19+10:00,7039,Unoccupied,30812,"-37.80598826270517, 144.96011205947138"
2026-08-10T20:09:39+10:00,2026-08-07T20:30:38+10:00,7025,Unoccupied,22822,"-37.80529707715521, 144.96174383929008"
2026-08-10T20:09:39+10:00,2026-08-08T16:05:22+10:00,7025,Unoccupied,22824,"-37.80518366581855, 144.96176375488653"
2026-08-10T20:09:39+10:00,2026-08-10T11:49:26+10:00,7025,Unoccupied,22825,"-37.8051305338645, 144.96177305549986"
2026-08-10T20:09:39+10:00,2023-08-10T10:49:15+10:00,7025,Present,22828,"-37.8048613248529, 144.96182089619322"
2026-08-10T20:09:39+10:00,2026-07-31T20:46:47+10:00,7025,Unoccupied,22892,"-37.80510098497176, 144.96154278656627"
2026-08-10T20:09:39+10:00,2026-08-10T10:10:25+10:00,7025,Unoccupied,22856,"-37.80541430616339, 144.96160454841248"
2026-08-10T20:09:39+10:00,2026-08-08T20:38:55+10:00,7025,Unoccupied,22859,"-37.805344703058196, 144.96161676651485"
2026-08-10T20:09:39+10:00,2026-08-10T13:42:32+10:00,7025,Unoccupied,22854,"-37.80546070868897, 144.96159640300513"
2026-08-10T20:09:39+10:00,2026-08-06T17:45:17+10:00,7025,Unoccupied,22860,"-37.80532194859049, 144.96162076390056"
2026-08-10T20:09:39+10:00,2026-08-07T12:07:57+10:00,7025,Unoccupied,22881,"-37.804637333667145, 144.9617411027258"
2026-08-10T20:09:39+10:00,2025-09-26T20:03:25+10:00,,Unoccupied,22862,"-37.805213775098636, 144.96163974945392"
2026-08-10T20:09:39+10:00,2026-02-13T17:19:47+11:00,7025,Present,22872,"-37.80488985174565, 144.96169661037794"
2026-08-10T20:09:39+10:00,2026-02-17T14:44:02+11:00,7025,Unoccupied,22876,"-37.8047901313206, 144.96171411331622"
2026-08-10T20:09:39+10:00,2026-02-18T09:54:50+11:00,7025,Present,22874,"-37.8048401024667, 144.961705342315"
2026-08-10T20:09:39+10:00,2026-07-23T15:13:44+10:00,,Unoccupied,22867,"-37.80505086342494, 144.9616683440912"
2026-08-10T20:09:39+10:00,2026-08-09T16:32:31+10:00,7025,Unoccupied,22869,"-37.80499225022241, 144.96167860636774"
2026-08-10T20:09:39+10:00,2025-08-08T14:34:44+10:00,7025,Unoccupied,22816,"-37.80573121176331, 144.96166681374478"
2026-08-10T20:09:39+10:00,2026-08-10T17:52:05+10:00,7025,Unoccupied,22819,"-37.805570636961725, 144.96169540181546"
2026-08-10T20:09:39+10:00,2026-08-10T17:55:41+10:00,7025,Unoccupied,22821,"-37.805353385843844, 144.9617339311788"
2026-08-10T20:09:39+10:00,2023-08-14T08:50:04+10:00,7025,Unoccupied,22895,"-37.80493703528678, 144.9615714574154"
2026-08-10T20:09:39+10:00,2026-08-10T19:36:38+10:00,7076,Unoccupied,22345,"-37.806362079329006, 144.96584162315787"
2026-08-10T20:09:39+10:00,2026-08-10T19:44:32+10:00,7090,Unoccupied,22351,"-37.80597752040859, 144.96590740947426"
2026-08-10T20:09:39+10:00,2026-08-10T19:55:56+10:00,7076,Unoccupied,22358,"-37.80553388719851, 144.96598392990063"
2026-08-10T20:09:39+10:00,2026-08-10T19:59:14+10:00,7076,Unoccupied,22332,"-37.805446714239565, 144.96623961596043"
2026-08-10T20:09:39+10:00,2026-08-10T17:22:48+10:00,7076,Present,22326,"-37.805815612597556, 144.9661756391656"
2026-08-10T20:09:39+10:00,2026-08-10T16:48:43+10:00,7076,Present,22317,"-37.80628844687699, 144.96609349417764"
2026-08-10T20:09:39+10:00,2026-08-10T18:06:38+10:00,,Unoccupied,22313,"-37.806503343579536, 144.96605615377246"
2026-08-10T20:09:39+10:00,2026-08-10T18:30:52+10:00,,Present,22314,"-37.80644207969492, 144.96606678233968"
2026-08-10T20:09:39+10:00,2026-08-10T19:37:16+10:00,7090,Present,22352,"-37.80589603767238, 144.96592148516777"
2026-08-10T20:09:39+10:00,2026-08-10T19:48:52+10:00,7076,Unoccupied,22331,"-37.805558555235734, 144.9662203026023"
2026-08-10T20:09:39+10:00,2026-08-10T13:11:56+10:00,7076,Present,22330,"-37.805608556301124, 144.96621162204818"
2026-08-10T20:09:39+10:00,2026-08-10T19:45:09+10:00,7076,Unoccupied,22329,"-37.80566047188418, 144.96620259039165"
2026-08-10T20:09:39+10:00,2026-08-10T18:22:14+10:00,7076,Present,22328,"-37.80571210758782, 144.96619362350773"
2026-08-10T20:09:39+10:00,2026-08-10T18:53:43+10:00,7076,Present,22322,"-37.80601878985087, 144.96614033993342"
2026-08-10T20:09:39+10:00,2026-08-10T16:16:25+10:00,7076,Present,22318,"-37.80623453198583, 144.966102850457"
2026-08-10T20:09:39+10:00,2026-08-10T19:18:19+10:00,7076,Present,22340,"-37.80663254494162, 144.9657948689782"
2026-08-10T20:09:39+10:00,2026-08-10T19:12:39+10:00,7076,Present,22339,"-37.8066861010263, 144.96578561071038"
2026-08-10T20:09:39+10:00,2026-08-10T19:23:37+10:00,7068,Present,21017,"-37.797831645827145, 144.96752209185308"
2026-08-10T20:09:39+10:00,2026-08-10T19:18:11+10:00,7068,Present,21019,"-37.79772331853397, 144.9675423180239"
2026-08-10T20:09:39+10:00,2026-08-10T18:30:51+10:00,7070,Present,21040,"-37.79741217761237, 144.96738676450965"
2026-08-10T20:09:39+10:00,2026-08-10T19:26:01+10:00,,Present,21034,"-37.79773434582409, 144.96735584429908"
2026-08-10T20:09:39+10:00,2026-08-10T18:52:11+10:00,7070,Present,21025,"-37.798337145555955, 144.967252920354"
2026-08-10T20:09:39+10:00,2026-08-10T17:59:00+10:00,7092,Unoccupied,29315,"-37.802980233009926, 144.96889466172144"
2026-08-10T20:09:39+10:00,2026-08-10T17:06:21+10:00,7092,Present,29310,"-37.80301879778354, 144.96924616339726"
2026-08-10T20:09:39+10:00,2026-07-10T14:30:33+10:00,7092,Unoccupied,29311,"-37.80301170224227, 144.96918148686154"
2026-08-10T20:09:39+10:00,2026-08-10T19:58:48+10:00,7092,Present,29327,"-37.80309866290294, 144.96909187253107"
2026-08-10T20:09:39+10:00,2026-08-10T18:29:53+10:00,7092,Present,29331,"-37.80308136750551, 144.968934510444"
2026-08-10T20:09:39+10:00,2026-08-10T20:00:57+10:00,7092,Present,29335,"-37.80306759230807, 144.9688091794938"
2026-08-10T20:09:39+10:00,2026-08-10T18:50:40+10:00,7092,Present,29337,"-37.80305728523665, 144.96871540657781"
2026-08-10T20:09:39+10:00,2026-08-10T19:28:03+10:00,7092,Present,29338,"-37.80305386412134, 144.96868428067881"
2026-08-10T20:09:39+10:00,2026-08-10T20:07:01+10:00,7092,Present,29339,"-37.803050366629215, 144.96865237853856"
2026-08-10T20:09:39+10:00,2026-08-10T18:15:38+10:00,7092,Present,29341,"-37.80304361777251, 144.96859108530617"
2026-08-10T20:09:39+10:00,2026-08-10T19:13:27+10:00,7092,Present,29343,"-37.80303353026768, 144.96849928449203"
2026-08-10T20:09:39+10:00,2026-08-10T18:26:01+10:00,7092,Present,29345,"-37.803026776573375, 144.9684378355908"
2026-08-10T20:09:39+10:00,2026-08-10T19:03:38+10:00,7092,Present,29348,"-37.80301660654867, 144.96834539557486"
2026-08-10T20:09:39+10:00,2026-08-10T16:59:22+10:00,7092,Unoccupied,29362,"-37.8031425348603, 144.96864862606816"
2026-08-10T20:09:39+10:00,2026-08-10T20:00:36+10:00,7092,Unoccupied,29360,"-37.80315927267748, 144.96880048937822"
2026-08-10T20:09:39+10:00,2026-08-10T17:11:33+10:00,7092,Unoccupied,29355,"-37.80320383197703, 144.9692000529447"
2026-08-10T20:09:39+10:00,2026-08-10T20:06:18+10:00,7092,Present,29320,"-37.802938379067754, 144.9685182055788"
2026-08-10T20:09:39+10:00,2026-08-10T11:51:42+10:00,7069,Present,34922,"-37.79967494311805, 144.96720422847278"
2026-08-10T20:09:39+10:00,2025-11-18T07:58:34+11:00,7069,Unoccupied,34921,"-37.79972384499844, 144.96719605258937"
2026-08-10T20:09:39+10:00,2026-08-10T19:46:13+10:00,7069,Present,34919,"-37.79986743693151, 144.96717108367625"
2026-08-10T20:09:39+10:00,2026-08-10T19:12:44+10:00,7069,Present,34943,"-37.80026905646872, 144.96692257800754"
2026-08-10T20:09:39+10:00,2026-08-10T17:33:41+10:00,7069,Present,34944,"-37.80021239869676, 144.96693258611464"
2026-08-10T20:09:39+10:00,2026-08-10T10:18:15+10:00,7069,Present,34950,"-37.799872420189715, 144.96699235775282"
2026-08-10T20:09:39+10:00,2026-08-10T20:04:15+10:00,7069,Present,34951,"-37.79981580756959, 144.967002292809"
2026-08-10T20:09:39+10:00,2026-08-10T19:24:32+10:00,7071,Present,34913,"-37.80027456622335, 144.967101050433"
2026-08-10T20:09:39+10:00,2026-08-10T20:00:13+10:00,7071,Present,34941,"-37.80038435890452, 144.96690223575578"
2026-08-10T20:09:39+10:00,2026-08-10T18:46:20+10:00,7071,Present,34962,"-37.7991870470854, 144.9671109718734"
2026-08-10T20:09:39+10:00,2026-08-10T09:52:34+10:00,7069,Present,34952,"-37.799752639767206, 144.9670133868055"
2026-08-10T20:09:39+10:00,2026-08-10T17:41:09+10:00,7071,Present,34931,"-37.799060652302245, 144.9673096776558"
2026-08-10T20:09:39+10:00,2023-11-01T17:51:28+11:00,7089,Present,16747,"-37.802851692468245, 144.96684067841218"
2026-08-10T20:09:39+10:00,2023-11-01T18:49:14+11:00,7089,Present,16745,"-37.80285847413141, 144.96690236819168"
2026-08-10T20:09:39+10:00,2023-11-01T18:39:25+11:00,7089,Present,16744,"-37.802861950274846, 144.96693353068628"
2026-08-10T20:09:39+10:00,2026-08-10T19:39:36+10:00,7089,Present,16740,"-37.80287927507492, 144.96709187862803"
2026-08-10T20:09:39+10:00,2026-08-10T19:38:02+10:00,7089,Present,16739,"-37.802882660120524, 144.9671225623825"
2026-08-10T20:09:39+10:00,2026-08-10T18:30:46+10:00,7089,Present,16719,"-37.80278835329412, 144.96715098166305"
2026-08-10T20:09:39+10:00,2026-08-10T16:59:06+10:00,7089,Present,16718,"-37.8027954890221, 144.96721631486707"
2026-08-10T20:09:39+10:00,2026-08-10T19:05:23+10:00,7089,Present,16758,"-37.80296431585229, 144.96701573459148"
2026-08-10T20:09:39+10:00,2026-08-10T18:30:16+10:00,7089,Unoccupied,16753,"-37.80299891066717, 144.96733248578244"
2026-08-10T20:09:39+10:00,2026-08-10T18:24:43+10:00,7089,Present,16754,"-37.80298915975926, 144.96724419114662"
2026-08-10T20:09:39+10:00,2026-08-10T18:43:41+10:00,7029,Present,36343,"-37.8024100551947, 144.96513755613773"
2026-08-10T20:09:39+10:00,2026-08-10T18:04:33+10:00,7029,Present,36349,"-37.80223578097558, 144.96516746630158"
2026-08-10T20:09:39+10:00,2026-08-10T18:21:41+10:00,7029,Present,36350,"-37.80221033867468, 144.96517183318764"
2026-08-10T20:09:39+10:00,2026-08-10T18:47:38+10:00,7029,Present,36351,"-37.80218489638325, 144.9651762000703"
2026-08-10T20:09:39+10:00,2026-08-10T18:41:12+10:00,7029,Present,36353,"-37.802134009997836, 144.9651849349357"
2026-08-10T20:09:39+10:00,2026-08-10T19:34:18+10:00,7028,Unoccupied,29612,"-37.80159874367918, 144.96539823489468"
2026-08-10T20:09:39+10:00,2026-08-10T20:03:22+10:00,7028,Present,29618,"-37.80115115238996, 144.96547643545378"
2026-08-10T20:09:39+10:00,2026-08-10T19:36:26+10:00,7067,Present,29623,"-37.800804009183366, 144.96552702234894"
2026-08-10T20:09:39+10:00,2026-08-10T19:34:13+10:00,7028,Unoccupied,29683,"-37.801317727242974, 144.96521144951114"
2026-08-10T20:09:39+10:00,2024-12-06T14:19:36+11:00,7029,Unoccupied,36324,"-37.80239786581231, 144.96526361139013"
2026-08-10T20:09:39+10:00,2026-08-10T19:06:07+10:00,7029,Present,36322,"-37.80250367256616, 144.9652451730745"
2026-08-10T20:09:39+10:00,2026-08-10T19:45:54+10:00,7028,Present,29627,"-37.80169846167661, 144.96526102207034"
2026-08-10T20:09:39+10:00,2026-08-10T17:55:15+10:00,7028,Present,29628,"-37.801674358161875, 144.96526515904708"
2026-08-10T20:09:39+10:00,2026-08-10T19:57:44+10:00,7028,Present,29629,"-37.80165025464683, 144.96526929602075"
2026-08-10T20:09:39+10:00,2026-08-09T20:36:58+10:00,7028,Present,29634,"-37.80150724878969, 144.96529342770657"
2026-08-10T20:09:39+10:00,2026-08-10T19:56:01+10:00,7028,Unoccupied,29636,"-37.80145995141795, 144.96530165408385"
2026-08-10T20:09:39+10:00,2026-08-10T20:04:12+10:00,7028,Present,29650,"-37.80104775296965, 144.9653727081131"
2026-08-10T20:09:39+10:00,2026-08-10T19:33:25+10:00,7028,Unoccupied,29642,"-37.80129162607956, 144.96533084692015"
2026-08-10T20:09:39+10:00,2025-09-18T11:45:38+10:00,7029,Unoccupied,36332,"-37.8031324960024, 144.96501949012873"
2026-08-10T20:09:39+10:00,2026-08-10T15:54:36+10:00,7029,Unoccupied,36335,"-37.802986569680726, 144.96504191379125"
2026-08-10T20:09:39+10:00,2026-08-10T16:19:19+10:00,7029,Present,36338,"-37.802912357227896, 144.96505484590918"
2026-08-10T20:09:39+10:00,2026-08-10T18:32:36+10:00,7029,Present,36339,"-37.80288580334907, 144.96505947395025"
2026-08-10T20:09:39+10:00,2026-08-10T17:57:42+10:00,7029,Present,36340,"-37.80286132717794, 144.96506373796052"
2026-08-10T20:09:39+10:00,2026-08-10T18:33:01+10:00,7029,Present,36315,"-37.802885853156894, 144.96517831746297"
2026-08-10T20:09:39+10:00,2026-08-10T16:54:22+10:00,7443,Present,29710,"-37.804484254516225, 144.9649010664138"
2026-08-10T20:09:39+10:00,2026-01-15T22:26:42+11:00,7029,Unoccupied,36367,"-37.80311778151683, 144.96489882881042"
2026-08-10T20:09:39+10:00,2026-08-10T19:18:21+10:00,7029,Present,36369,"-37.802922708251, 144.96493255052823"
2026-08-10T20:09:39+10:00,2026-08-10T17:44:05+10:00,7443,Present,29711,"-37.804418661892, 144.96491238094328"
2026-08-10T20:09:39+10:00,2025-09-06T09:43:15+10:00,7001,Unoccupied,35760,"-37.802118246365424, 144.96603861645104"
2026-08-10T20:09:39+10:00,2025-10-19T01:04:35+11:00,7001,Unoccupied,35758,"-37.80213196023773, 144.96616555105126"
2026-08-10T20:09:39+10:00,2026-08-10T18:09:37+10:00,7001,Present,35755,"-37.80215412193628, 144.96637067828914"
2026-08-10T20:09:39+10:00,2026-08-10T19:25:59+10:00,7001,Present,35766,"-37.80207153557204, 144.9656078072007"
2026-08-10T20:09:39+10:00,2026-08-10T15:18:58+10:00,7001,Present,35763,"-37.80209447858515, 144.96581924280258"
2026-08-10T20:09:39+10:00,2026-08-10T19:56:16+10:00,7001,Present,35742,"-37.80200367995069, 144.96581874656295"
2026-08-10T20:09:39+10:00,2026-08-10T19:22:28+10:00,7001,Present,35738,"-37.8020170904756, 144.9659440438095"
2026-08-10T20:09:39+10:00,2026-08-10T18:37:57+10:00,7001,Present,35737,"-37.80202050451196, 144.96597539390575"
2026-08-10T20:09:39+10:00,2026-08-10T19:39:09+10:00,7001,Present,35736,"-37.80202391598415, 144.96600699255688"
2026-08-10T20:09:39+10:00,2026-08-10T18:23:25+10:00,7001,Present,35735,"-37.802027270903736, 144.96603863085704"
2026-08-10T20:09:39+10:00,2026-08-10T19:22:18+10:00,7001,Present,35734,"-37.80203075373869, 144.96607086650732"
2026-08-10T20:09:39+10:00,2026-08-10T19:00:17+10:00,7001,Present,35731,"-37.80204134268254, 144.96616960764982"
2026-08-10T20:09:39+10:00,2026-08-10T18:16:09+10:00,7001,Present,35754,"-37.80216216344209, 144.9664451118577"
2026-08-10T20:09:39+10:00,2026-08-10T19:20:11+10:00,,Present,35722,"-37.8018783642216, 144.96554432454923"
2026-08-10T20:09:39+10:00,2026-08-10T18:41:35+10:00,7001,Present,35732,"-37.80203773208879, 144.96613703182305"
2026-08-10T20:09:39+10:00,2026-08-10T19:01:37+10:00,7047,Present,37334,"-37.80057449726925, 144.9649534789699"
2026-08-10T20:09:39+10:00,2026-08-10T19:57:51+10:00,7047,Present,37332,"-37.80058940588634, 144.96508830094822"
2026-08-10T20:09:39+10:00,2026-08-02T14:23:51+10:00,,Present,37319,"-37.800449796660175, 144.96469060465523"
2026-08-10T20:09:39+10:00,2026-08-10T19:47:59+10:00,7047,Present,37316,"-37.80047183344957, 144.9648931347605"
2026-08-10T20:09:39+10:00,2026-08-10T19:42:44+10:00,7047,Present,37315,"-37.80047917380182, 144.9649606629436"
2026-08-10T20:09:39+10:00,2026-08-10T19:58:56+10:00,7047,Present,37318,"-37.80045714733173, 144.96475807850578"
2026-08-10T20:09:39+10:00,2026-08-10T20:02:13+10:00,7108,Present,16227,"-37.80172116488238, 144.96985054187272"
2026-08-10T20:09:39+10:00,2026-08-10T20:02:05+10:00,7108,Unoccupied,16226,"-37.801774624329994, 144.96984120484822"
2026-08-10T20:09:39+10:00,2026-08-10T18:26:21+10:00,7111,Unoccupied,16252,"-37.80180793417186, 144.96968587015414"
2026-08-10T20:09:39+10:00,2026-08-10T18:15:35+10:00,7112,Present,16256,"-37.801594280199325, 144.96972308722115"
2026-08-10T20:09:39+10:00,2026-08-10T15:35:37+10:00,7111,Unoccupied,16249,"-37.8019980489164, 144.96965272823007"
2026-08-10T20:09:39+10:00,2026-08-10T18:17:00+10:00,7111,Unoccupied,16253,"-37.8017548363638, 144.96969511548434"
2026-08-10T20:09:39+10:00,2026-08-10T18:50:22+10:00,7199,Present,16258,"-37.80148717244892, 144.96974175506188"
2026-08-10T20:09:39+10:00,2026-08-10T18:37:25+10:00,7108,Unoccupied,16210,"-37.80264050745526, 144.96969069494713"
2026-08-10T20:09:39+10:00,2026-08-10T19:24:02+10:00,7108,Unoccupied,16213,"-37.80245097221732, 144.96972442787566"
2026-08-10T20:09:39+10:00,2026-08-10T18:52:37+10:00,7096,Present,22413,"-37.80626903007822, 144.9651885895774"
2026-08-10T20:09:39+10:00,2026-08-10T20:00:52+10:00,,Unoccupied,22418,"-37.80662182907649, 144.96512690057898"
2026-08-10T20:09:39+10:00,2025-09-12T18:53:15+10:00,7113,Unoccupied,33843,"-37.80405322663201, 144.969296552581"
2026-08-10T20:09:39+10:00,2026-08-10T20:07:01+10:00,7113,Present,33852,"-37.80358014442413, 144.96937831275392"
2026-08-10T20:09:39+10:00,2026-08-10T19:31:55+10:00,7113,Unoccupied,33848,"-37.80379438043633, 144.96934128961738"
2026-08-10T20:09:39+10:00,2025-05-01T13:22:05+10:00,,Unoccupied,33812,"-37.80461366343086, 144.96936735564577"
2026-08-10T20:09:39+10:00,2026-08-10T19:47:32+10:00,7113,Present,33834,"-37.80455256816904, 144.96921846151577"
2026-08-10T20:09:39+10:00,2026-08-10T19:59:10+10:00,7113,Present,33832,"-37.80465968200343, 144.96920049970885"
2026-08-10T20:09:39+10:00,2026-08-10T16:09:53+10:00,7048,Present,36632,"-37.80069103152324, 144.9660207034212"
2026-08-10T20:09:39+10:00,2026-08-10T19:59:32+10:00,7048,Present,36631,"-37.80069800925317, 144.96608488522972"
2026-08-10T20:09:39+10:00,2026-08-09T14:06:08+10:00,,Present,36628,"-37.800720041805974, 144.96628730816303"
2026-08-10T20:09:39+10:00,2026-08-10T17:05:51+10:00,7048,Present,36617,"-37.800580894589224, 144.96589521315198"
2026-08-10T20:09:39+10:00,2026-08-10T20:05:41+10:00,,Unoccupied,19282,"-37.79944267361299, 144.96553190492781"
2026-08-10T20:09:39+10:00,2026-08-10T18:44:59+10:00,,Present,19283,"-37.7993484267583, 144.9655480758243"
2026-08-10T20:09:39+10:00,2026-08-10T19:37:00+10:00,,Present,19294,"-37.79874967733038, 144.96564953710583"
2026-08-10T20:09:39+10:00,2026-08-10T20:05:52+10:00,7034,Present,19263,"-37.798781666883784, 144.9657566540459"
2026-08-10T20:09:39+10:00,2026-08-10T17:19:16+10:00,7034,Present,19259,"-37.79890067130814, 144.96573672698264"
2026-08-10T20:09:39+10:00,2026-08-10T16:40:25+10:00,7034,Present,19258,"-37.798923900258316, 144.96573279263313"
2026-08-10T20:09:39+10:00,2026-07-03T09:48:07+10:00,7034,Unoccupied,19256,"-37.79897003654112, 144.96572486900988"
2026-08-10T20:09:39+10:00,2026-08-10T19:37:12+10:00,7034,Present,19252,"-37.79908872291989, 144.96570418090056"
2026-08-10T20:09:39+10:00,2026-07-10T17:31:34+10:00,7034,Present,19250,"-37.79913435754744, 144.9656962238906"
2026-08-10T20:09:39+10:00,2026-08-10T19:55:43+10:00,7034,Present,19243,"-37.799350034602966, 144.96565939613467"
2026-08-10T20:09:39+10:00,2026-01-21T22:47:06+11:00,7034,Unoccupied,19240,"-37.799417492862766, 144.9656477046861"
2026-08-10T20:09:39+10:00,2026-08-10T17:42:36+10:00,7034,Present,19239,"-37.79943895557497, 144.96564400070895"
2026-08-10T20:09:39+10:00,2026-08-10T17:50:42+10:00,7034,Present,19236,"-37.79953168505479, 144.96562803262066"
2026-08-10T20:09:39+10:00,2026-08-10T17:54:09+10:00,7034,Present,19230,"-37.79968872842785, 144.9656009963765"
2026-08-10T20:09:39+10:00,2026-08-10T18:27:12+10:00,7034,Present,19213,"-37.800137547278155, 144.96552385895035"
2026-08-10T20:09:39+10:00,2026-08-10T17:59:23+10:00,7034,Unoccupied,19212,"-37.80016340575269, 144.9655194098403"
2026-08-10T20:09:39+10:00,2026-08-09T20:08:13+10:00,7034,Unoccupied,19249,"-37.79917975475733, 144.96568834468152"
2026-08-10T20:09:39+10:00,2026-08-10T18:32:33+10:00,7046,Present,19279,"-37.799605578089725, 144.96550392457942"
2026-08-10T20:09:39+10:00,2026-08-10T18:40:45+10:00,7037,Present,19275,"-37.79982699879551, 144.96546581657242"
2026-08-10T20:09:39+10:00,2026-08-10T17:08:33+10:00,7046,Present,19269,"-37.80015907373822, 144.9654086060553"
2026-08-10T20:09:39+10:00,2026-08-10T17:57:02+10:00,7034,Present,19222,"-37.799858784086865, 144.96557167369087"
2026-08-10T20:09:39+10:00,2026-08-10T17:24:27+10:00,7034,Present,19218,"-37.799984148406296, 144.96555067824755"
2026-08-10T20:09:39+10:00,2026-08-10T17:20:56+10:00,7034,Present,19242,"-37.79937285628052, 144.96565546481776"
2026-08-10T20:09:39+10:00,2026-08-10T17:45:41+10:00,7034,Present,19238,"-37.79946102594841, 144.96564022265417"
2026-08-10T20:09:39+10:00,2026-08-10T18:02:33+10:00,7034,Present,19270,"-37.80010372577808, 144.96541810690002"
2026-08-10T20:09:39+10:00,2026-08-10T17:13:02+10:00,7034,Present,19223,"-37.79983378731355, 144.9655759558471"
2026-08-10T20:09:39+10:00,2026-08-10T17:40:59+10:00,7034,Present,19225,"-37.79978276362364, 144.96558470057508"
2026-08-10T20:09:39+10:00,2026-08-10T17:44:09+10:00,7034,Unoccupied,19247,"-37.79922616744308, 144.96568031673647"
2026-08-10T20:09:39+10:00,2026-08-10T19:56:46+10:00,,Unoccupied,60216,"-37.81696824933009, 144.9687908771935"
2026-08-10T20:09:39+10:00,2026-08-10T19:50:19+10:00,7493,Present,67123,"-37.81074108278982, 144.95967970566687"
2026-08-10T20:09:39+10:00,2026-08-10T19:14:39+10:00,7493,Present,67148,"-37.810807626437594, 144.959934103399"
2026-08-10T20:09:39+10:00,2026-08-10T20:05:38+10:00,7493,Unoccupied,67149,"-37.810825429064835, 144.9598705846969"
2026-08-10T20:09:39+10:00,2026-08-09T22:09:59+10:00,7493,Present,67146,"-37.8107703626203, 144.960061969643"
2026-08-10T20:09:39+10:00,2026-08-10T19:49:12+10:00,,Unoccupied,66959,"-37.80916626812589, 144.96554427632708"
2026-08-10T20:09:39+10:00,2026-08-10T17:59:06+10:00,7502,Present,66957,"-37.809134126891536, 144.965644540021"
2026-08-10T20:09:39+10:00,2026-08-10T19:57:00+10:00,7497,Unoccupied,66835,"-37.80868691636881, 144.96667528343318"
2026-08-10T20:09:39+10:00,2026-08-10T19:56:58+10:00,7339,Present,63922,"-37.81544299341368, 144.9587601137209"
2026-08-10T20:09:39+10:00,2026-08-10T18:37:26+10:00,7338,Present,63914,"-37.815296542503454, 144.95927450895238"
2026-08-10T20:09:39+10:00,2026-08-10T18:53:08+10:00,7338,Unoccupied,63911,"-37.81524347106382, 144.9594590597185"
2026-08-10T20:09:39+10:00,2026-08-10T17:43:27+10:00,7338,Present,63910,"-37.815224246658914, 144.95952568425594"
2026-08-10T20:09:39+10:00,2026-08-10T18:29:00+10:00,7102,Unoccupied,31031,"-37.80437814325372, 144.96067593387286"
2026-08-10T20:09:39+10:00,2026-08-10T19:01:11+10:00,7103,Unoccupied,31028,"-37.80440080489228, 144.96087832390043"
2026-08-10T20:09:39+10:00,2026-08-10T18:56:26+10:00,7103,Present,31026,"-37.80441591174145, 144.9610132465192"
2026-08-10T20:09:39+10:00,2026-08-10T18:32:26+10:00,7103,Unoccupied,31018,"-37.80420363409726, 144.9607891847469"
2026-08-10T20:09:39+10:00,2026-08-10T17:38:48+10:00,7101,Unoccupied,31016,"-37.804219294079225, 144.96092904897438"
2026-08-10T20:09:39+10:00,2026-08-10T17:41:20+10:00,7101,Unoccupied,31013,"-37.80424327483021, 144.96114324586569"
2026-08-10T20:09:39+10:00,2026-08-10T18:03:28+10:00,7101,Unoccupied,31012,"-37.80425145717713, 144.96121633124596"
2026-08-10T20:09:39+10:00,2026-08-10T19:11:33+10:00,7101,Unoccupied,31011,"-37.80425971095339, 144.96129005640285"
2026-08-10T20:09:39+10:00,2026-08-10T19:31:48+10:00,7109,Present,31835,"-37.804574894410784, 144.96245471951272"
2026-08-10T20:09:39+10:00,2026-08-10T19:50:48+10:00,7169,Unoccupied,31820,"-37.80436785954542, 144.96227719169133"
2026-08-10T20:09:39+10:00,2026-08-10T18:21:53+10:00,7109,Present,31815,"-37.80441013640481, 144.96266628477656"
2026-08-10T20:09:39+10:00,2026-08-10T16:44:20+10:00,7169,Present,31822,"-37.80435261595218, 144.96213765269624"
2026-08-10T20:09:39+10:00,2026-08-10T15:15:57+10:00,7169,Unoccupied,31811,"-37.804439879763805, 144.9629408079668"
2026-08-10T20:09:39+10:00,2024-10-24T09:36:50+11:00,7002,Present,14332,"-37.80307185544459, 144.95966334548513"
2026-08-10T20:09:39+10:00,2026-08-10T18:59:58+10:00,,Unoccupied,30794,"-37.802235130985096, 144.95938999599352"
2026-08-10T20:09:39+10:00,2026-08-10T17:53:25+10:00,7057,Unoccupied,30639,"-37.80359861292365, 144.96041137430083"
2026-08-10T20:09:39+10:00,2026-08-10T17:52:10+10:00,7057,Unoccupied,30642,"-37.80352903507486, 144.96042382239835"
2026-08-10T20:09:39+10:00,2026-08-10T18:04:43+10:00,7057,Unoccupied,30645,"-37.80345722786765, 144.96043666915745"
2026-08-10T20:09:39+10:00,2026-08-10T19:21:09+10:00,7057,Present,30654,"-37.80319204149477, 144.96048418803696"
2026-08-10T20:09:39+10:00,2026-08-10T20:01:12+10:00,7057,Unoccupied,30655,"-37.80316795736468, 144.960488496501"
2026-08-10T20:09:39+10:00,2026-08-10T14:52:47+10:00,7057,Unoccupied,30658,"-37.80309570319059, 144.96050142296036"
2026-08-10T20:09:39+10:00,2026-08-10T19:34:02+10:00,7057,Unoccupied,30660,"-37.80304753404637, 144.9605100409713"
2026-08-10T20:09:39+10:00,2026-05-09T15:03:53+10:00,7057,Present,30664,"-37.80292292398623, 144.96053242850866"
2026-08-10T20:09:39+10:00,2026-08-10T16:24:16+10:00,7057,Present,30666,"-37.80280578088981, 144.96055329154143"
2026-08-10T20:09:39+10:00,2026-08-10T19:16:45+10:00,7056,Unoccupied,30619,"-37.803485533061014, 144.96054971803858"
2026-08-10T20:09:39+10:00,2026-08-10T18:29:34+10:00,7057,Unoccupied,30624,"-37.8032049011765, 144.96060016656406"
2026-08-10T20:09:39+10:00,2026-08-10T19:57:03+10:00,7057,Unoccupied,30625,"-37.80315377077208, 144.96060936035062"
2026-08-10T20:09:39+10:00,2026-08-10T18:13:46+10:00,7057,Unoccupied,30627,"-37.80303652902652, 144.9606304274052"
2026-08-10T20:09:39+10:00,2026-08-10T20:04:32+10:00,7057,Unoccupied,30690,"-37.80299781831023, 144.96040196506948"
2026-08-10T20:09:39+10:00,2026-08-10T13:17:07+10:00,7057,Unoccupied,30694,"-37.80270059819114, 144.96045460471285"
2026-08-10T20:09:39+10:00,2026-02-03T14:43:12+11:00,7057,Present,30628,"-37.802976799327254, 144.96064117007205"
2026-08-10T20:09:39+10:00,2026-08-10T18:56:48+10:00,7448,Present,68370,"-37.808770725018015, 144.9583371625604"
2026-08-10T20:09:39+10:00,2026-08-10T19:59:42+10:00,7448,Unoccupied,68374,"-37.80880491162422, 144.95821929688063"
2026-08-10T20:09:39+10:00,2026-08-10T19:02:45+10:00,7448,Present,68394,"-37.808779726043966, 144.9586453003152"
2026-08-10T20:09:39+10:00,2026-08-10T18:42:53+10:00,7448,Present,68371,"-37.80877954195293, 144.95830675513193"
2026-08-10T20:09:39+10:00,2026-08-10T20:02:17+10:00,7448,Unoccupied,68387,"-37.80857770214267, 144.95934455222599"
2026-08-10T20:09:39+10:00,2026-08-10T19:52:20+10:00,7448,Present,68329,"-37.80868115312841, 144.9583084805518"
2026-08-10T20:09:39+10:00,2026-08-10T20:01:51+10:00,7448,Unoccupied,68366,"-37.80872796806821, 144.958485009407"
2026-08-10T20:09:39+10:00,2026-08-10T20:06:48+10:00,7448,Present,68384,"-37.808520094872904, 144.95954463791742"
2026-08-10T20:09:39+10:00,2025-09-23T17:02:02+10:00,,Unoccupied,68355,"-37.80857614206039, 144.95900866705398"
2026-08-10T20:09:39+10:00,2025-06-29T04:45:22+10:00,,Unoccupied,68352,"-37.80855023596949, 144.95909799269697"
2026-08-10T20:09:39+10:00,2026-08-10T19:41:29+10:00,7449,Present,68398,"-37.80886090679955, 144.95836571697708"
2026-08-10T20:09:39+10:00,2026-08-10T20:02:10+10:00,7448,Unoccupied,68325,"-37.80860467425374, 144.95857195210567"
2026-08-10T20:09:39+10:00,2025-11-17T11:31:02+11:00,7448,Unoccupied,68395,"-37.80879963063162, 144.9585759415925"
2026-08-10T20:09:39+10:00,2026-08-10T19:59:59+10:00,7448,Unoccupied,68326,"-37.80862218724927, 144.9585115623711"
2026-08-10T20:09:39+10:00,2025-07-31T15:31:49+10:00,,Unoccupied,68351,"-37.808541422407956, 144.95912839992548"
2026-08-10T20:09:39+10:00,2026-08-10T17:51:05+10:00,7448,Present,68385,"-37.80853928947609, 144.95947791715287"
2026-08-10T20:09:39+10:00,2026-03-11T22:25:56+11:00,7448,Unoccupied,68365,"-37.80871941352815, 144.95851431851983"
2026-08-10T20:09:39+10:00,2026-08-10T19:44:36+10:00,7448,Present,68368,"-37.808745387122045, 144.95842532854292"
2026-08-10T20:09:39+10:00,2026-08-10T20:01:43+10:00,7449,Present,68399,"-37.808883428545435, 144.95828556228867"
2026-08-10T20:09:39+10:00,2026-08-10T19:52:21+10:00,7448,Unoccupied,68323,"-37.808547364328554, 144.95876782767647"
2026-08-10T20:09:39+10:00,2026-08-10T19:33:37+10:00,7448,Present,68319,"-37.8084247106864, 144.9591893466752"
2026-08-10T20:09:39+10:00,2026-08-10T20:06:25+10:00,7448,Present,68321,"-37.80846060311352, 144.95906436760504"
2026-08-10T20:09:39+10:00,2026-08-10T20:02:33+10:00,7012,Present,17227,"-37.80300759984827, 144.9590398036296"
2026-08-10T20:09:39+10:00,2026-07-22T12:52:15+10:00,7012,Present,17226,"-37.803058364680496, 144.959063253061"
2026-08-10T20:09:39+10:00,2026-08-10T19:46:57+10:00,7012,Unoccupied,17220,"-37.8034030007671, 144.95922133344652"
2026-08-10T20:09:39+10:00,2026-08-10T19:04:04+10:00,7012,Unoccupied,17216,"-37.80361593489292, 144.9593195938565"
2026-08-10T20:09:39+10:00,2026-08-10T18:19:37+10:00,7012,Unoccupied,17213,"-37.803768224752716, 144.95938982564257"
2026-08-10T20:09:39+10:00,2026-08-10T19:31:59+10:00,7012,Unoccupied,17211,"-37.80386975144211, 144.9594366643533"
2026-08-10T20:09:39+10:00,2026-08-10T17:05:06+10:00,,Unoccupied,17262,"-37.802947171743966, 144.9588606699353"
2026-08-10T20:09:39+10:00,2026-08-10T17:59:24+10:00,7012,Unoccupied,17224,"-37.803159873898366, 144.95911017125746"
2026-08-10T20:09:39+10:00,2026-03-28T11:04:13+11:00,7012,Unoccupied,17261,"-37.80300639031675, 144.95888804873724"
2026-08-10T20:09:39+10:00,2026-08-10T16:04:31+10:00,7012,Unoccupied,17212,"-37.80381898833453, 144.95941324470542"
2026-08-10T20:09:39+10:00,2026-08-10T20:03:19+10:00,7012,Unoccupied,17253,"-37.80342210413084, 144.95907974875595"
2026-08-10T20:09:39+10:00,2026-07-20T09:54:41+10:00,7012,Unoccupied,17237,"-37.80250568678452, 144.95880778777615"
2026-08-10T20:09:39+10:00,2026-08-10T11:03:39+10:00,7012,Unoccupied,17234,"-37.80266221070045, 144.95888007696996"
2026-08-10T20:09:39+10:00,2026-07-30T18:27:33+10:00,7012,Present,17235,"-37.80260719745434, 144.9588547160413"
2026-08-10T20:09:39+10:00,2026-08-10T16:19:53+10:00,7010,Unoccupied,17251,"-37.803547507291945, 144.95913762233414"
2026-08-10T20:09:39+10:00,2026-08-10T20:06:17+10:00,7010,Present,17245,"-37.803860735992785, 144.95928213879827"
2026-08-10T20:09:39+10:00,2026-08-10T14:52:51+10:00,7062,Present,32012,"-37.80327503125833, 144.9631824417975"
2026-08-10T20:09:39+10:00,2025-08-06T11:26:50+10:00,7062,Unoccupied,32020,"-37.80321005473908, 144.96258943539297"
2026-08-10T20:09:39+10:00,2026-08-10T20:04:27+10:00,7062,Present,32021,"-37.8032024056307, 144.96251855036556"
2026-08-10T20:09:39+10:00,2026-08-10T19:25:10+10:00,7062,Present,32019,"-37.80321752153158, 144.962658678399"
2026-08-10T20:09:39+10:00,2026-08-10T17:22:59+10:00,7062,Unoccupied,32022,"-37.803194757370974, 144.96244766594674"
2026-08-10T20:09:39+10:00,2026-03-14T20:03:49+11:00,,Unoccupied,35530,"-37.801734698069865, 144.9634939885731"
2026-08-10T20:09:39+10:00,2026-08-10T19:05:17+10:00,7061,Unoccupied,35531,"-37.801727554693926, 144.96342861096736"
2026-08-10T20:09:39+10:00,2026-08-10T06:41:24+10:00,7061,Unoccupied,35535,"-37.80169221975267, 144.9631046785899"
2026-08-10T20:09:39+10:00,2026-06-03T16:31:15+10:00,7061,Unoccupied,35533,"-37.80170690464729, 144.96323925032635"
2026-08-10T20:09:39+10:00,2026-08-10T16:11:13+10:00,7061,Present,35536,"-37.801679228386305, 144.96298558480544"
2026-08-10T20:09:39+10:00,2026-08-10T17:22:09+10:00,7061,Unoccupied,35541,"-37.80163687541855, 144.96259735556322"
2026-08-10T20:09:39+10:00,2026-08-10T10:38:14+10:00,7061,Unoccupied,35515,"-37.801606027890884, 144.96305680327066"
2026-08-10T20:09:39+10:00,2026-08-09T22:51:45+10:00,7061,Unoccupied,35534,"-37.80169975465647, 144.9631738201232"
2026-08-10T20:09:39+10:00,2026-08-10T18:04:26+10:00,7061,Unoccupied,35537,"-37.80167192787026, 144.96291870109377"
2026-08-10T20:09:39+10:00,2026-08-10T17:40:01+10:00,7061,Unoccupied,35518,"-37.801583267059584, 144.96285446747626"
2026-08-10T20:09:39+10:00,2026-08-09T11:08:55+10:00,7061,Unoccupied,35517,"-37.80159085388824, 144.96292192442343"
2026-08-10T20:09:39+10:00,2026-08-10T13:43:26+10:00,,Present,35523,"-37.80154583914222, 144.96252181215056"
2026-08-10T20:09:39+10:00,2026-08-10T19:38:49+10:00,7045,Present,30348,"-37.798411243607035, 144.96483415358549"
2026-08-10T20:09:39+10:00,2026-08-10T13:25:54+10:00,7045,Present,30343,"-37.79843097769739, 144.96501800868805"
2026-08-10T20:09:39+10:00,2026-08-10T19:49:56+10:00,7045,Present,30339,"-37.79844867493101, 144.9651764774028"
2026-08-10T20:09:39+10:00,2026-08-10T17:53:50+10:00,7045,Present,30337,"-37.79845882380711, 144.9652711873585"
2026-08-10T20:09:39+10:00,2026-08-10T18:07:03+10:00,7045,Present,30363,"-37.798545525316115, 144.96523825423725"
2026-08-10T20:09:39+10:00,2025-05-05T19:30:57+10:00,7045,Unoccupied,30362,"-37.79855349840894, 144.96531038766554"
2026-08-10T20:09:39+10:00,2026-08-10T19:04:21+10:00,7045,Present,30365,"-37.798526766735364, 144.96506923793447"
2026-08-10T20:09:39+10:00,2026-08-10T17:35:24+10:00,7045,Present,30354,"-37.798391397923226, 144.96464837233947"
2026-08-10T20:09:39+10:00,2026-08-10T17:36:15+10:00,7045,Present,30355,"-37.79838809137273, 144.96461950074263"
2026-08-10T20:09:39+10:00,2026-08-10T20:05:02+10:00,,Unoccupied,61822,"-37.81437430555558, 144.97008212001896"
2026-08-10T20:09:39+10:00,2026-02-14T03:37:10+11:00,,Present,61231,"-37.81730369517773, 144.96420756826834"
2026-08-10T20:09:39+10:00,2026-08-10T19:36:29+10:00,7494,Present,67032,"-37.810075306292035, 144.9619533780653"
2026-08-10T20:09:39+10:00,2026-08-10T20:01:19+10:00,7495,Present,67052,"-37.81002440513207, 144.96260961920785"
2026-08-10T20:09:39+10:00,2025-08-14T18:21:27+10:00,7494,Present,67050,"-37.80998224279378, 144.96276328434533"
2026-08-10T20:09:39+10:00,2026-08-10T14:58:45+10:00,7589,Unoccupied,32317,"-37.80191254815331, 144.95828465097804"
2026-08-10T20:09:39+10:00,2026-08-10T17:06:06+10:00,7589,Unoccupied,32324,"-37.80188394903739, 144.9580209661142"
2026-08-10T20:09:39+10:00,2026-08-10T09:35:13+10:00,7009,Present,16824,"-37.80093851411691, 144.9587039783417"
2026-08-10T20:09:39+10:00,2026-07-17T20:50:12+10:00,7009,Unoccupied,16828,"-37.800710108481745, 144.95874439548885"
2026-08-10T20:09:39+10:00,2026-08-10T17:14:47+10:00,7017,Present,16837,"-37.80019463546989, 144.9588350257036"
2026-08-10T20:09:39+10:00,2026-05-16T08:01:49+10:00,7017,Present,16845,"-37.80144562126738, 144.95847559594347"
2026-08-10T20:09:39+10:00,2026-08-10T19:52:50+10:00,7009,Present,16851,"-37.80111643228982, 144.9585338227376"
2026-08-10T20:09:39+10:00,2026-08-10T18:14:28+10:00,7017,Present,16869,"-37.80010708184982, 144.95871237011244"
2026-08-10T20:09:39+10:00,2026-08-10T20:03:52+10:00,7017,Unoccupied,16841,"-37.80168874988898, 144.95843273340182"
2026-08-10T20:09:39+10:00,2026-08-10T17:04:20+10:00,7009,Unoccupied,16852,"-37.80106558901801, 144.95854282094865"
2026-08-10T20:09:39+10:00,2026-08-10T16:34:02+10:00,7009,Unoccupied,16854,"-37.800958436933655, 144.95856175674982"
2026-08-10T20:09:39+10:00,2026-08-10T18:10:56+10:00,7083,Present,32225,"-37.80197780361662, 144.9588997734482"
2026-08-10T20:09:39+10:00,2026-08-10T19:19:03+10:00,,Unoccupied,32215,"-37.80188594211141, 144.9588976365289"
2026-08-10T20:09:39+10:00,2026-08-10T19:54:26+10:00,7176,Unoccupied,32245,"-37.80206182098101, 144.95882607045098"
2026-08-10T20:09:39+10:00,2026-08-10T20:04:33+10:00,7020,Present,36576,"-37.802866728087054, 144.9620513019675"
2026-08-10T20:09:39+10:00,2026-08-10T18:54:22+10:00,7020,Present,36578,"-37.80281949747554, 144.9620595423352"
2026-08-10T20:09:39+10:00,2026-08-10T18:59:58+10:00,7020,Unoccupied,36583,"-37.802678131864766, 144.9620839444693"
2026-08-10T20:09:39+10:00,2026-08-10T17:27:54+10:00,7020,Present,36586,"-37.80260800700076, 144.9620959664048"
2026-08-10T20:09:39+10:00,2026-08-10T18:32:37+10:00,7020,Unoccupied,36588,"-37.80255953449709, 144.96210427252686"
2026-08-10T20:09:39+10:00,2026-08-10T19:43:55+10:00,7020,Unoccupied,36589,"-37.802536120872205, 144.9621083268704"
2026-08-10T20:09:39+10:00,2026-08-10T17:07:08+10:00,,Unoccupied,36598,"-37.8029373342646, 144.96192093661807"
2026-08-10T20:09:39+10:00,2026-08-10T19:31:35+10:00,7020,Unoccupied,36566,"-37.80283334975903, 144.96193893079902"
2026-08-10T20:09:39+10:00,2026-08-10T19:30:33+10:00,7020,Unoccupied,36568,"-37.802723241109454, 144.96195797872065"
2026-08-10T20:09:39+10:00,2026-08-10T19:42:14+10:00,7020,Unoccupied,36517,"-37.80267548377189, 144.9622013799558"
2026-08-10T20:09:39+10:00,2026-08-10T14:58:16+10:00,,Unoccupied,36570,"-37.80261636788562, 144.9619764709551"
2026-08-10T20:09:39+10:00,2026-08-10T18:39:16+10:00,7020,Unoccupied,36512,"-37.80293438119697, 144.96215602395597"
2026-08-10T20:09:39+10:00,2025-11-14T11:33:05+11:00,7020,Unoccupied,36511,"-37.80298657371244, 144.96214688126236"
2026-08-10T20:09:39+10:00,2026-08-10T18:52:56+10:00,7020,Unoccupied,36594,"-37.80321440491496, 144.9618733622238"
2026-08-10T20:09:39+10:00,2026-08-10T16:38:30+10:00,7007,Unoccupied,36595,"-37.80315776019254, 144.9618827776406"
2026-08-10T20:09:39+10:00,2026-08-10T19:31:09+10:00,7020,Unoccupied,36553,"-37.80330730751851, 144.9620899830021"
2026-08-10T20:09:39+10:00,2026-08-10T18:50:08+10:00,7020,Present,36522,"-37.80365934384483, 144.96202903255102"
2026-08-10T20:09:39+10:00,2026-08-10T20:04:04+10:00,7020,Unoccupied,36521,"-37.8037285464405, 144.96201697594464"
2026-08-10T20:09:39+10:00,2026-08-10T19:44:24+10:00,7020,Unoccupied,36590,"-37.803554761674164, 144.9618145307963"
2026-08-10T20:09:39+10:00,2026-08-10T18:42:19+10:00,7020,Unoccupied,36548,"-37.803465954813944, 144.96194611092113"
2026-08-10T20:09:39+10:00,2026-08-10T10:29:56+10:00,7020,Unoccupied,36542,"-37.80360543939855, 144.9619223195582"
2026-08-10T20:09:39+10:00,2026-08-10T16:43:29+10:00,7020,Unoccupied,36540,"-37.80368230992931, 144.96190811954887"
2026-08-10T20:09:39+10:00,2026-08-06T01:48:09+10:00,7020,Present,36535,"-37.80380796883566, 144.9618864173622"
2026-08-10T20:09:39+10:00,2026-08-10T20:00:26+10:00,7020,Unoccupied,36593,"-37.80326997921831, 144.9618633385703"
2026-08-10T20:09:39+10:00,2026-08-10T17:44:42+10:00,7007,Unoccupied,36596,"-37.80309948604939, 144.96189286196636"
2026-08-10T20:09:39+10:00,2026-08-10T16:48:10+10:00,7020,Present,36523,"-37.80423219171548, 144.96181233692053"
2026-08-10T20:09:39+10:00,2026-08-10T17:42:42+10:00,7020,Unoccupied,36525,"-37.80418346283321, 144.9618211020049"
2026-08-10T20:09:39+10:00,2026-08-10T18:44:33+10:00,7020,Unoccupied,36558,"-37.80398858583064, 144.96173764597017"
2026-08-10T20:09:39+10:00,2026-08-10T18:02:01+10:00,7084,Present,32150,"-37.80220388536944, 144.9609413122746"
2026-08-10T20:09:39+10:00,2026-08-06T12:18:10+10:00,7084,Unoccupied,32136,"-37.80225694960572, 144.96143897943875"
2026-08-10T20:09:39+10:00,2026-08-10T08:35:34+10:00,7084,Unoccupied,32135,"-37.80226006073542, 144.9614680996815"
2026-08-10T20:09:39+10:00,2026-08-10T16:49:56+10:00,7084,Present,32134,"-37.8022631793128, 144.96149735983414"
2026-08-10T20:09:39+10:00,2026-08-10T14:55:02+10:00,7084,Unoccupied,32130,"-37.80227877074053, 144.9616436606134"
2026-08-10T20:09:39+10:00,2026-08-10T18:06:03+10:00,7084,Unoccupied,32127,"-37.802291298811625, 144.96176121654543"
2026-08-10T20:09:39+10:00,2026-08-10T19:34:26+10:00,7084,Unoccupied,32128,"-37.80228501756872, 144.96170220131376"
2026-08-10T20:09:39+10:00,2026-08-10T16:02:52+10:00,7084,Unoccupied,32146,"-37.80221639117436, 144.9610584579298"
2026-08-10T20:09:39+10:00,2026-08-10T17:44:31+10:00,7084,Present,32119,"-37.80213539095219, 144.96119494000084"
2026-08-10T20:09:39+10:00,2026-08-10T20:05:21+10:00,7084,Present,32117,"-37.802150889839695, 144.96133668008304"
2026-08-10T20:09:39+10:00,2026-08-10T19:30:22+10:00,7084,Unoccupied,32116,"-37.802158639435405, 144.96140754985862"
2026-08-10T20:09:39+10:00,2026-08-04T09:06:03+10:00,7084,Unoccupied,32115,"-37.802166388988866, 144.9614784202182"
2026-08-10T20:09:39+10:00,2026-08-10T14:43:57+10:00,7084,Unoccupied,32114,"-37.802174260531416, 144.9615504801493"
2026-08-10T20:09:39+10:00,2026-08-10T18:26:48+10:00,7177,Present,36458,"-37.80184451437349, 144.9622288145747"
2026-08-10T20:09:39+10:00,2026-08-10T16:41:00+10:00,7177,Unoccupied,36459,"-37.80181896002881, 144.96223319393778"
2026-08-10T20:09:39+10:00,2026-08-10T16:04:28+10:00,7177,Unoccupied,36428,"-37.80173004192007, 144.9623656148608"
2026-08-10T20:09:39+10:00,2026-08-10T16:38:46+10:00,7177,Unoccupied,36423,"-37.802005308266125, 144.9623190903383"
2026-08-10T20:09:39+10:00,2024-04-21T05:15:00+10:00,7733,Unoccupied,9608,"-37.803720972893885, 144.94941015492924"
2026-08-10T20:09:39+10:00,2026-08-10T20:07:16+10:00,,Unoccupied,64138,"-37.81664256570643, 144.95517689751392"
2026-08-10T20:09:39+10:00,2026-08-10T18:55:09+10:00,7335,Present,64141,"-37.816709230189886, 144.95494653568142"
2026-08-10T20:09:39+10:00,2026-08-10T19:26:14+10:00,7335,Present,64142,"-37.81672993696438, 144.9548728426089"
2026-08-10T20:09:39+10:00,2026-06-06T02:39:49+10:00,7520,Unoccupied,26137,"-37.804518139459695, 144.95896611257675"
2026-08-10T20:09:39+10:00,2026-06-05T22:51:07+10:00,7394,Unoccupied,26131,"-37.804838670890845, 144.95911363728544"
2026-08-10T20:09:39+10:00,2026-06-05T21:53:41+10:00,7394,Unoccupied,26130,"-37.80488944812839, 144.95913701063756"
2026-08-10T20:09:39+10:00,2025-08-18T20:04:11+10:00,7394,Unoccupied,26126,"-37.805092556606446, 144.95923050265372"
2026-08-10T20:09:39+10:00,2026-06-05T22:47:19+10:00,7394,Unoccupied,26161,"-37.80483412810533, 144.95859245376764"
2026-08-10T20:09:39+10:00,2026-06-05T23:37:24+10:00,7394,Unoccupied,26158,"-37.80498642863833, 144.95866258354408"
2026-08-10T20:09:39+10:00,2026-06-06T00:01:21+10:00,7394,Unoccupied,26148,"-37.8054323984944, 144.95886794962874"
2026-08-10T20:09:39+10:00,2026-05-31T23:55:05+10:00,7394,Unoccupied,26145,"-37.805584723926756, 144.9589380932759"
2026-08-10T20:09:39+10:00,2026-06-06T00:25:02+10:00,7394,Unoccupied,26163,"-37.80473262462822, 144.95854572805322"
2026-08-10T20:09:39+10:00,2026-06-06T02:33:34+10:00,7520,Unoccupied,26139,"-37.80441666667568, 144.95891938833347"
2026-08-10T20:09:39+10:00,2026-06-06T02:43:57+10:00,7393,Unoccupied,20113,"-37.8033916947574, 144.95840931178782"
2026-08-10T20:09:39+10:00,2026-06-06T03:37:48+10:00,7392,Unoccupied,20125,"-37.80275301558106, 144.9581142752071"
2026-08-10T20:09:39+10:00,2026-06-06T05:54:53+10:00,7393,Unoccupied,20126,"-37.80269803508483, 144.95808887036873"
2026-08-10T20:09:39+10:00,2026-06-06T05:07:05+10:00,7393,Unoccupied,20127,"-37.80264727933109, 144.95806542389425"
2026-08-10T20:09:39+10:00,2026-06-06T04:16:33+10:00,7393,Unoccupied,20130,"-37.80249713147856, 144.95799605870062"
2026-08-10T20:09:39+10:00,2026-06-05T19:25:19+10:00,7393,Unoccupied,20140,"-37.803612543334495, 144.95803116210428"
2026-08-10T20:09:39+10:00,2026-06-05T23:12:20+10:00,7393,Unoccupied,20142,"-37.80351306344309, 144.95798548547992"
2026-08-10T20:09:39+10:00,2026-06-05T23:12:18+10:00,7393,Unoccupied,20143,"-37.8034622715538, 144.9579621642256"
2026-08-10T20:09:39+10:00,2026-06-05T15:21:16+10:00,7393,Unoccupied,20145,"-37.80336068730266, 144.95791552180614"
2026-08-10T20:09:39+10:00,2026-06-05T22:12:45+10:00,7393,Unoccupied,20146,"-37.803309895401, 144.95789220065342"
2026-08-10T20:09:39+10:00,2026-06-05T23:01:27+10:00,,Unoccupied,20147,"-37.80323623928083, 144.95785838097623"
2026-08-10T20:09:39+10:00,2026-06-05T20:13:46+10:00,7393,Unoccupied,20151,"-37.80305593493004, 144.95777559415097"
2026-08-10T20:09:39+10:00,2026-06-05T23:58:49+10:00,7393,Unoccupied,20158,"-37.802699611001884, 144.95761198946238"
2026-08-10T20:09:39+10:00,2026-06-05T20:49:49+10:00,7393,Unoccupied,20159,"-37.80264902246754, 144.95758876022484"
2026-08-10T20:09:39+10:00,2026-06-05T22:49:07+10:00,7393,Unoccupied,20166,"-37.80229367813064, 144.95742560602662"
2026-08-10T20:09:39+10:00,2026-06-06T05:37:01+10:00,7392,Unoccupied,20123,"-37.80287141973558, 144.95816898759756"
2026-08-10T20:09:39+10:00,2026-08-08T19:26:05+10:00,,Present,51160,"-37.81162336604581, 144.97044206146683"
2026-08-10T20:09:39+10:00,2026-08-10T19:58:36+10:00,,Unoccupied,51159,"-37.811572319788304, 144.9704188221088"
2026-08-10T20:09:39+10:00,2026-08-10T19:41:47+10:00,7534,Present,63234,"-37.81683583130096, 144.95812579039028"
2026-08-10T20:09:39+10:00,2026-08-08T23:47:03+10:00,7023,Present,30840,"-37.805930678089034, 144.96000476544245"
2026-08-10T20:09:39+10:00,2026-08-10T20:04:10+10:00,,Present,64111,"-37.816483482350726, 144.95505857439656"
2026-08-10T20:09:39+10:00,2026-08-10T17:38:28+10:00,,Present,58113,"-37.817664865545765, 144.9536373737447"
2026-08-10T20:09:39+10:00,2026-08-10T16:10:27+10:00,7297,Unoccupied,89960,"-37.80798888132897, 144.97260294235966"
2026-08-10T20:09:39+10:00,2026-08-10T13:01:49+10:00,7297,Unoccupied,89963,"-37.80796378527324, 144.97237746334707"
2026-08-10T20:09:39+10:00,2026-08-10T15:03:50+10:00,7297,Unoccupied,89959,"-37.807997204833654, 144.97267769307695"
2026-08-10T20:09:39+10:00,2026-08-10T16:10:20+10:00,7297,Present,89966,"-37.80793869137359, 144.9721519856447"
2026-08-10T20:09:39+10:00,2026-08-10T19:45:42+10:00,7081,Present,16122,"-37.80678911144982, 144.97326362851786"
2026-08-10T20:09:39+10:00,2023-04-19T22:14:14+10:00,7996,Unoccupied,11249,"-37.80737102045209, 144.95453050249057"
2026-08-10T20:09:39+10:00,2025-09-22T12:12:01+10:00,7988,Present,11240,"-37.80654137517795, 144.95390024471706"
2026-08-10T20:09:39+10:00,2025-10-10T07:49:23+11:00,7993,Present,11258,"-37.806774296596345, 144.95425815747708"
2026-08-10T20:09:39+10:00,2025-09-22T11:39:20+10:00,7985,Present,13122,"-37.80838855015024, 144.9526247399169"
2026-08-10T20:09:39+10:00,2025-09-23T08:08:50+10:00,7985,Unoccupied,13131,"-37.80831346930356, 144.95329097892608"
2026-08-10T20:09:39+10:00,2025-09-23T08:08:59+10:00,7985,Present,13138,"-37.80845818209042, 144.95279058473665"
2026-08-10T20:09:39+10:00,2025-08-25T14:40:23+10:00,7922,Unoccupied,10801,"-37.80612324845109, 144.95522194054348"
2026-08-10T20:09:39+10:00,2025-01-01T00:49:14+11:00,7923,Unoccupied,10841,"-37.80676725808856, 144.9549882490738"
2026-08-10T20:09:39+10:00,2025-02-07T01:15:23+11:00,7923,Unoccupied,10842,"-37.80674154504395, 144.95499298266222"
2026-08-10T20:09:39+10:00,2025-06-01T12:02:53+10:00,7923,Present,10848,"-37.806567714725865, 144.95502498347548"
2026-08-10T20:09:39+10:00,2025-06-01T12:56:52+10:00,7923,Present,10852,"-37.80644310022154, 144.95504792387362"
2026-08-10T20:09:39+10:00,2025-02-07T07:53:01+11:00,7923,Unoccupied,10853,"-37.80641813276885, 144.9550525198712"
2026-08-10T20:09:39+10:00,2025-07-07T12:40:13+10:00,7923,Unoccupied,10857,"-37.80629449067722, 144.9550752811303"
2026-08-10T20:09:39+10:00,2025-08-25T13:01:18+10:00,7923,Present,10858,"-37.80626977653235, 144.95507983148852"
2026-08-10T20:09:39+10:00,2025-07-07T12:36:24+10:00,7923,Present,10862,"-37.806089497249346, 144.95511301780323"
2026-08-10T20:09:39+10:00,2026-08-10T14:06:49+10:00,7918,Unoccupied,23275,"-37.81093040128884, 144.95084261786988"
2026-08-10T20:09:39+10:00,2026-08-10T18:34:17+10:00,7918,Present,23277,"-37.810946695796076, 144.9507836657117"
2026-08-10T20:09:39+10:00,2026-08-10T19:50:08+10:00,7918,Unoccupied,23278,"-37.81095495633938, 144.95075415591452"
2026-08-10T20:09:39+10:00,2026-08-10T19:33:04+10:00,7918,Present,23258,"-37.81073491484203, 144.95153773367457"
2026-08-10T20:09:39+10:00,2026-08-10T17:03:32+10:00,7918,Present,23253,"-37.81069381691482, 144.95168444535005"
2026-08-10T20:09:39+10:00,2026-08-10T19:52:52+10:00,7934,Unoccupied,23266,"-37.81080210862882, 144.9512986693361"
2026-08-10T20:09:39+10:00,2026-08-10T19:37:36+10:00,7918,Unoccupied,23259,"-37.81074302628226, 144.95150882714887"
2026-08-10T20:09:39+10:00,2026-08-10T19:16:28+10:00,7918,Unoccupied,23218,"-37.81057265702333, 144.95177424385864"
2026-08-10T20:09:39+10:00,2026-08-10T19:34:34+10:00,7918,Unoccupied,23292,"-37.81084194079127, 144.95149999723222"
2026-08-10T20:09:39+10:00,2026-08-10T20:01:53+10:00,7918,Present,23290,"-37.81078455818395, 144.95170258578432"
2026-08-10T20:09:39+10:00,2026-08-10T15:54:28+10:00,,Unoccupied,23209,"-37.8103607646392, 144.95253688667748"
2026-08-10T20:09:39+10:00,2026-08-10T19:15:24+10:00,,Present,23208,"-37.81034160815017, 144.95260599372895"
2026-08-10T20:09:39+10:00,2026-08-10T16:18:04+10:00,7918,Present,23286,"-37.81065811874076, 144.9521483527589"
2026-08-10T20:09:39+10:00,2026-08-10T17:45:05+10:00,7918,Present,23284,"-37.81061438739842, 144.9523031703754"
2026-08-10T20:09:39+10:00,2026-08-10T18:48:47+10:00,7918,Present,23234,"-37.81052388157106, 144.95228986173285"
2026-08-10T20:09:39+10:00,2026-08-10T19:34:22+10:00,7918,Present,23247,"-37.8106253436347, 144.95192831353833"
2026-08-10T20:09:39+10:00,2026-08-10T18:41:28+10:00,7918,Present,23233,"-37.81051613014672, 144.95231748367138"
2026-08-10T20:09:39+10:00,2026-08-10T19:51:32+10:00,7918,Unoccupied,23231,"-37.81050062815903, 144.95237272753235"
2026-08-10T20:09:39+10:00,2026-08-10T19:04:27+10:00,7918,Present,23251,"-37.81065658401611, 144.95181696967478"
2026-08-10T20:09:39+10:00,2026-08-10T19:21:16+10:00,7918,Present,23248,"-37.81063314970602, 144.95190047743563"
2026-08-10T20:09:39+10:00,2026-08-10T19:23:32+10:00,7918,Present,23249,"-37.81064096174997, 144.95187264190753"
2026-08-10T20:09:39+10:00,2026-08-10T19:33:11+10:00,7918,Unoccupied,23240,"-37.81057065940648, 144.9521231654751"
2026-08-10T20:09:39+10:00,2026-08-10T19:34:15+10:00,7918,Unoccupied,23236,"-37.810539442858826, 144.9522344020735"
2026-08-10T20:09:39+10:00,2026-08-10T17:42:51+10:00,7918,Present,23227,"-37.81044482885371, 144.95256857713463"
2026-08-10T20:09:39+10:00,2026-08-10T17:30:03+10:00,7459,Unoccupied,61329,"-37.8182163616712, 144.96106306478598"
2026-08-10T20:09:39+10:00,2026-08-10T19:30:04+10:00,,Present,53510,"-37.809923500085986, 144.961277360539"
2026-08-10T20:09:39+10:00,2026-08-10T19:39:01+10:00,7938,Unoccupied,23848,"-37.81168548146658, 144.9526372689587"
2026-08-10T20:09:39+10:00,2023-06-08T08:06:02+10:00,7924,Unoccupied,11119,"-37.80598027823211, 144.95211893529398"
2026-08-10T20:09:39+10:00,2023-06-05T17:35:13+10:00,7924,Unoccupied,11126,"-37.80616937311926, 144.95208498958098"
2026-08-10T20:09:39+10:00,2023-05-28T02:40:41+10:00,7924,Unoccupied,11127,"-37.80619256411232, 144.95208082674884"
2026-08-10T20:09:39+10:00,2026-08-10T13:58:31+10:00,7086,Present,30415,"-37.802497964038785, 144.9644943186621"
2026-08-10T20:09:39+10:00,2026-08-10T17:26:38+10:00,7029,Unoccupied,36310,"-37.80315615615977, 144.9651321513735"
2026-08-10T20:09:39+10:00,2026-08-10T14:35:37+10:00,7029,Unoccupied,36311,"-37.803100973208934, 144.96514157680292"
2026-08-10T20:09:39+10:00,2023-11-14T12:08:17+11:00,,Present,10321,"-37.80102389007945, 144.96248935253828"
2026-08-10T20:09:39+10:00,2023-11-16T15:26:56+11:00,7015,Present,10323,"-37.801126099025595, 144.96247162246544"
2026-08-10T20:09:39+10:00,2023-11-16T09:32:31+11:00,7015,Present,10324,"-37.801177851516826, 144.96246264242455"
2026-08-10T20:09:39+10:00,2026-08-10T18:10:26+10:00,7253,Unoccupied,86415,"-37.81018552605183, 144.97567785062242"
2026-08-10T20:09:39+10:00,2026-08-10T18:24:45+10:00,7253,Unoccupied,86449,"-37.81039757723676, 144.97535659838871"
2026-08-10T20:09:39+10:00,2026-08-10T18:34:28+10:00,7253,Present,86450,"-37.81034399921628, 144.97536559600223"
2026-08-10T20:09:39+10:00,2026-08-10T18:20:54+10:00,7253,Unoccupied,86416,"-37.810152999469054, 144.97568322914884"
2026-08-10T20:09:39+10:00,2026-08-10T18:40:24+10:00,7253,Present,86420,"-37.81002289314208, 144.97570474382923"
2026-08-10T20:09:39+10:00,2026-08-10T17:28:03+10:00,7258,Present,85879,"-37.810268588041765, 144.97812865269617"
2026-08-10T20:09:39+10:00,2026-08-10T18:41:48+10:00,7258,Present,85874,"-37.810548981410804, 144.97808229600486"
2026-08-10T20:09:39+10:00,2026-08-10T15:40:12+10:00,7258,Present,85865,"-37.81123741150493, 144.97796865110706"
2026-08-10T20:09:39+10:00,2026-08-10T20:00:24+10:00,7258,Unoccupied,85860,"-37.81150940574795, 144.97792302875567"
2026-08-10T20:09:39+10:00,2026-08-10T18:37:22+10:00,7258,Present,85863,"-37.81134620875845, 144.97795040208945"
2026-08-10T20:09:39+10:00,2025-11-03T10:49:52+11:00,7258,Unoccupied,85845,"-37.810384331211694, 144.97834974940275"
2026-08-10T20:09:39+10:00,2026-08-10T16:05:41+10:00,7258,Unoccupied,85838,"-37.81074261225488, 144.97828946386306"
2026-08-10T20:09:39+10:00,2026-08-10T17:37:15+10:00,7258,Present,85846,"-37.81033314389748, 144.97835836368938"
2026-08-10T20:09:39+10:00,2026-08-10T17:10:17+10:00,7258,Unoccupied,85841,"-37.810589060226384, 144.9783152964002"
2026-08-10T20:09:39+10:00,2026-08-10T15:25:16+10:00,7258,Unoccupied,85834,"-37.81094677918128, 144.97825510937906"
2026-08-10T20:09:39+10:00,2026-08-10T18:36:30+10:00,7258,Present,85843,"-37.81048670896901, 144.97833252266344"
2026-08-10T20:09:39+10:00,2026-08-10T19:40:50+10:00,7258,Present,85877,"-37.810388185037326, 144.97810887936248"
2026-08-10T20:09:39+10:00,2026-08-10T18:47:34+10:00,7258,Present,85880,"-37.810217225733304, 144.9781371780843"
2026-08-10T20:09:39+10:00,2026-08-10T18:59:05+10:00,7402,Present,50816,"-37.81457508332559, 144.9718048322021"
2026-08-10T20:09:39+10:00,2026-08-10T18:43:53+10:00,7401,Present,50849,"-37.81467934569682, 144.97168311086494"
2026-08-10T20:09:39+10:00,2026-08-10T18:50:48+10:00,7401,Present,50850,"-37.81462863578952, 144.97165950326007"
2026-08-10T20:09:39+10:00,2024-04-23T19:00:11+10:00,7402,Present,50851,"-37.81455359181117, 144.97162526489717"
2026-08-10T20:09:39+10:00,2026-08-04T07:30:56+10:00,7487,Unoccupied,56823,"-37.81811848146147, 144.9563958555991"
2026-08-10T20:09:39+10:00,2026-08-10T18:08:00+10:00,,Unoccupied,86023,"-37.811941929513765, 144.97671375351933"
2026-08-10T20:09:39+10:00,2026-08-10T16:25:51+10:00,7281,Unoccupied,86010,"-37.81204324557444, 144.97764471970402"
2026-08-10T20:09:39+10:00,2026-08-10T16:53:35+10:00,7280,Unoccupied,86042,"-37.81176718988252, 144.9750983743124"
2026-08-10T20:09:39+10:00,2026-08-10T18:20:21+10:00,7280,Unoccupied,86027,"-37.81191057446969, 144.97642489817108"
2026-08-10T20:09:39+10:00,2026-08-10T17:15:30+10:00,7280,Unoccupied,86035,"-37.811847531083004, 144.9758455826177"
2026-08-10T20:09:39+10:00,2026-06-13T16:25:24+10:00,7280,Present,86038,"-37.81182447409775, 144.97563353533332"
2026-08-10T20:09:39+10:00,2026-08-10T18:56:18+10:00,7280,Unoccupied,86025,"-37.81192570588726, 144.97656464057454"
2026-08-10T20:09:39+10:00,2026-08-10T18:01:09+10:00,7280,Unoccupied,86058,"-37.81205745826814, 144.97672234723717"
2026-08-10T20:09:39+10:00,2026-08-10T20:05:45+10:00,7280,Unoccupied,86074,"-37.811936376957256, 144.97561571918135"
2026-08-10T20:09:39+10:00,2026-08-10T17:18:26+10:00,7280,Unoccupied,86065,"-37.812005766805214, 144.97624765405462"
2026-08-10T20:09:39+10:00,2026-08-10T18:22:13+10:00,7280,Present,86068,"-37.8119830047601, 144.97604299004234"
2026-08-10T20:09:39+10:00,2026-08-10T15:23:52+10:00,7280,Present,86062,"-37.812028715072756, 144.9764600950939"
2026-08-10T20:09:39+10:00,2026-08-10T19:25:35+10:00,7280,Unoccupied,86059,"-37.81205014911235, 144.97665827635515"
2026-08-10T20:09:39+10:00,2026-08-10T17:19:55+10:00,7280,Unoccupied,86066,"-37.81199836214489, 144.97618232857667"
2026-08-10T20:09:39+10:00,2026-08-10T18:08:48+10:00,7280,Present,86078,"-37.81190422193974, 144.97532416705812"
2026-08-10T20:09:39+10:00,2026-08-10T17:24:58+10:00,7280,Unoccupied,86064,"-37.81201309072601, 144.9763151872953"
2026-08-10T20:09:39+10:00,2026-08-10T12:50:02+10:00,7280,Unoccupied,86053,"-37.8120958583705, 144.9770745964709"
2026-08-10T20:09:39+10:00,2026-08-10T17:24:24+10:00,7280,Unoccupied,86071,"-37.81195957368979, 144.97582851471435"
2026-08-10T20:09:39+10:00,2026-08-10T18:01:28+10:00,,Present,86018,"-37.81197675403857, 144.97703467347355"
2026-08-10T20:09:39+10:00,2026-08-10T19:07:00+10:00,7280,Unoccupied,86026,"-37.811918144180254, 144.97649484330793"
2026-08-10T20:09:39+10:00,2026-08-10T19:07:48+10:00,7280,Present,86039,"-37.811816090458784, 144.9755564812778"
2026-08-10T20:09:39+10:00,2026-08-10T18:45:53+10:00,,Unoccupied,86375,"-37.81084848773592, 144.97582171038198"
2026-08-10T20:09:39+10:00,2026-08-10T17:53:05+10:00,7247,Unoccupied,86336,"-37.810696906135284, 144.97612458236011"
2026-08-10T20:09:39+10:00,2026-08-10T17:09:54+10:00,7247,Unoccupied,86330,"-37.81073914502572, 144.97651405627215"
2026-08-10T20:09:39+10:00,2026-08-10T17:21:17+10:00,7247,Unoccupied,86327,"-37.81076179525985, 144.9767227296523"
2026-08-10T20:09:39+10:00,2026-08-10T13:33:10+10:00,7247,Unoccupied,86329,"-37.81074632416713, 144.97658002294338"
2026-08-10T20:09:39+10:00,2026-08-10T15:35:29+10:00,7247,Unoccupied,86328,"-37.810753563684244, 144.97664685262583"
2026-08-10T20:09:39+10:00,2026-08-10T19:27:15+10:00,7247,Unoccupied,86310,"-37.81088255253271, 144.97783589884094"
2026-08-10T20:09:39+10:00,2026-08-10T13:34:43+10:00,7247,Unoccupied,86311,"-37.810875936288014, 144.97777490603988"
2026-08-10T20:09:39+10:00,2026-08-10T16:45:28+10:00,7247,Unoccupied,86334,"-37.81071103600508, 144.97625483711602"
2026-08-10T20:09:39+10:00,2026-08-10T13:02:02+10:00,7247,Unoccupied,86314,"-37.81085555784057, 144.97758688844226"
2026-08-10T20:09:39+10:00,2026-08-10T20:00:10+10:00,,Unoccupied,86349,"-37.81105003083805, 144.977663631644"
2026-08-10T20:09:39+10:00,2026-08-10T18:03:48+10:00,7269,Unoccupied,86215,"-37.811496683062, 144.97549466267492"
2026-08-10T20:09:39+10:00,2026-08-10T18:14:11+10:00,7269,Unoccupied,86224,"-37.81102969475372, 144.97557532585546"
2026-08-10T20:09:39+10:00,2026-08-10T17:56:43+10:00,7269,Present,86223,"-37.81108614991888, 144.97556557464026"
2026-08-10T20:09:39+10:00,2026-08-10T16:29:53+10:00,7269,Present,86222,"-37.81114230948539, 144.97555587352417"
2026-08-10T20:09:39+10:00,2026-08-10T18:51:13+10:00,7269,Present,86220,"-37.81125143529398, 144.9755370293558"
2026-08-10T20:09:39+10:00,2026-08-10T13:00:35+10:00,,Present,86237,"-37.81147229837951, 144.97539658477012"
2026-08-10T20:09:39+10:00,2026-08-09T16:39:01+10:00,7030,Unoccupied,87781,"-37.81463159817649, 144.98271464819362"
2026-08-10T20:09:39+10:00,2026-08-09T19:57:03+10:00,7030,Unoccupied,87782,"-37.81458134662349, 144.98272325584662"
2026-08-10T20:09:39+10:00,2026-08-09T19:45:20+10:00,7030,Unoccupied,87789,"-37.81421891657284, 144.98278540449215"
2026-08-10T20:09:39+10:00,2026-08-10T19:19:45+10:00,7030,Unoccupied,87792,"-37.814063575157334, 144.98281208151866"
2026-08-10T20:09:39+10:00,2026-08-10T15:59:45+10:00,7030,Unoccupied,87793,"-37.81401212767456, 144.98282095415396"
2026-08-10T20:09:39+10:00,2026-08-10T18:07:15+10:00,7030,Unoccupied,87779,"-37.814735754833876, 144.98269673717078"
2026-08-10T20:09:39+10:00,2026-08-10T19:31:06+10:00,7030,Unoccupied,87773,"-37.81504519948656, 144.9826436998707"
2026-08-10T20:09:39+10:00,2026-08-10T15:02:53+10:00,7030,Unoccupied,87772,"-37.81509710741602, 144.9826348354086"
2026-08-10T20:09:39+10:00,2026-08-10T19:18:06+10:00,7030,Present,87766,"-37.81540711679997, 144.98258175058874"
2026-08-10T20:09:39+10:00,2026-08-10T18:07:00+10:00,7030,Present,87765,"-37.81545864733447, 144.98257289243057"
2026-08-10T20:09:39+10:00,2026-08-10T17:43:34+10:00,,Present,87313,"-37.811279853810504, 144.98352236951425"
2026-08-10T20:09:39+10:00,2026-08-10T18:44:48+10:00,,Unoccupied,87311,"-37.8113848015911, 144.98350481848428"
2026-08-10T20:09:39+10:00,2026-08-10T19:59:26+10:00,7243,Unoccupied,87322,"-37.8107802456345, 144.98360491584899"
2026-08-10T20:09:39+10:00,2026-07-29T13:04:00+10:00,7250,Present,87356,"-37.811044593293914, 144.98332011166713"
2026-08-10T20:09:39+10:00,2026-08-10T18:55:50+10:00,7250,Present,87352,"-37.811251798500095, 144.98328601597146"
2026-08-10T20:09:39+10:00,2026-08-08T17:40:09+10:00,,Present,87362,"-37.81073629655734, 144.9833708330368"
2026-08-10T20:09:39+10:00,2024-11-03T23:00:09+11:00,7276,Unoccupied,25116,"-37.81189716183563, 144.98317706601352"
2026-08-10T20:09:39+10:00,2024-11-03T22:13:51+11:00,7276,Unoccupied,25114,"-37.81199943977911, 144.98316007146738"
2026-08-10T20:09:39+10:00,2024-11-03T21:02:43+11:00,7276,Unoccupied,25108,"-37.81231071975523, 144.98310827216727"
2026-08-10T20:09:39+10:00,2025-10-23T14:13:50+11:00,7276,Unoccupied,25107,"-37.81236252909642, 144.98309982823707"
2026-08-10T20:09:39+10:00,2026-08-10T16:31:05+10:00,7276,Unoccupied,87577,"-37.81257027579838, 144.9830656005944"
2026-08-10T20:09:39+10:00,2026-08-10T17:54:13+10:00,7276,Present,87538,"-37.81177071571713, 144.9834367514169"
2026-08-10T20:09:39+10:00,2026-08-10T18:12:02+10:00,7251,Present,13418,"-37.80973946552681, 144.98109548922844"
2026-08-10T20:09:39+10:00,2026-08-10T18:54:52+10:00,7251,Present,13422,"-37.80963050059155, 144.98111364401103"
2026-08-10T20:09:39+10:00,2026-08-10T19:23:11+10:00,7251,Unoccupied,13412,"-37.80990741005837, 144.98106768252347"
2026-08-10T20:09:39+10:00,2026-08-10T16:29:41+10:00,7251,Unoccupied,13417,"-37.80977653886764, 144.9810893514442"
2026-08-10T20:09:39+10:00,2026-08-10T17:24:27+10:00,7251,Present,13419,"-37.8097162391332, 144.98109933406556"
2026-08-10T20:09:39+10:00,2026-08-10T20:04:47+10:00,7251,Unoccupied,13423,"-37.80960370929868, 144.98111815620484"
2026-08-10T20:09:39+10:00,2026-08-10T18:11:27+10:00,7251,Unoccupied,13421,"-37.809669794288226, 144.98110702950655"
2026-08-10T20:09:39+10:00,2026-08-10T14:08:21+10:00,7026,Unoccupied,87568,"-37.81303274027711, 144.98298791063402"
2026-08-10T20:09:39+10:00,2026-08-10T16:01:24+10:00,7026,Unoccupied,87567,"-37.813084401659935, 144.98297926102595"
2026-08-10T20:09:39+10:00,2026-08-10T15:42:32+10:00,7026,Unoccupied,87565,"-37.81318814136763, 144.9829615384658"
2026-08-10T20:09:39+10:00,2026-08-10T17:52:23+10:00,7026,Unoccupied,87564,"-37.81323915515529, 144.98295281778047"
2026-08-10T20:09:39+10:00,2026-08-10T17:51:59+10:00,7026,Unoccupied,87563,"-37.81329045746279, 144.98294407277865"
2026-08-10T20:09:39+10:00,2026-08-10T17:50:02+10:00,7026,Unoccupied,87561,"-37.813394059847525, 144.98292636162552"
2026-08-10T20:09:39+10:00,2025-04-28T23:22:37+10:00,7479,Unoccupied,56625,"-37.81972470958111, 144.95713757986294"
2026-08-10T20:09:39+10:00,2026-08-10T20:00:41+10:00,7479,Present,56624,"-37.8197729040899, 144.95716028645603"
2026-08-10T20:09:39+10:00,2026-08-10T18:09:30+10:00,,Unoccupied,62211,"-37.81703166066364, 144.96096887234006"
2026-08-10T20:09:39+10:00,2025-12-12T13:34:23+11:00,,Present,71135,"-37.82648565233065, 144.95958559373256"
2026-08-10T20:09:39+10:00,2026-08-10T15:17:24+10:00,7476,Unoccupied,56719,"-37.81865149561024, 144.9568911084284"
2026-08-10T20:09:39+10:00,2026-03-10T13:52:52+11:00,7239,Present,7859,"-37.80999599879788, 144.97912187437876"
2026-08-10T20:09:39+10:00,2026-03-10T13:41:11+11:00,7239,Present,7855,"-37.80996631562772, 144.97885336493513"
2026-08-10T20:09:39+10:00,2026-03-10T13:16:17+11:00,7239,Unoccupied,7860,"-37.81000339226189, 144.97918885791626"
2026-08-10T20:09:39+10:00,2026-08-10T14:07:20+10:00,,Present,53611,"-37.808914314635, 144.96082023616498"
2026-08-10T20:09:39+10:00,2026-08-10T13:55:56+10:00,,Present,53613,"-37.80877443184433, 144.96075466549576"
2026-08-10T20:09:39+10:00,2025-10-22T06:31:50+11:00,7060,Unoccupied,67735,"-37.80899317572968, 144.96154926040583"
2026-08-10T20:09:39+10:00,2026-08-10T08:43:14+10:00,,Unoccupied,57116,"-37.814824764893146, 144.95513817345318"
2026-08-10T20:09:39+10:00,2026-08-10T19:40:34+10:00,,Unoccupied,57117,"-37.814774000244796, 144.95511478885794"
2026-08-10T20:09:39+10:00,2026-02-28T07:20:55+11:00,,Present,64830,"-37.815229904128344, 144.9558153111874"
2026-08-10T20:09:39+10:00,2026-08-08T09:53:59+10:00,7308,Unoccupied,67738,"-37.809079415706435, 144.96124944374574"
2025-01-15T09:44:37+11:00,2025-01-15T09:21:10+11:00,,Present,61835,"-37.81424148169654, 144.97109066970916"
2025-05-08T15:44:34+10:00,2025-04-14T10:32:21+10:00,,Present,69979,"-37.82256066811671, 144.95253120774296"
2025-05-16T12:44:34+10:00,2025-03-25T15:51:04+11:00,,Unoccupied,61147,"-37.81700892305928, 144.96522141737893"
2025-02-13T16:44:36+11:00,2025-01-29T11:45:01+11:00,,Present,56622,"-37.819874287371505, 144.95720707765776"
2024-12-30T11:44:37+11:00,2024-08-21T10:34:50+10:00,7394,Present,9338,"-37.80457312730523, 144.95899052123454"
2024-12-30T11:44:37+11:00,2024-08-21T10:34:08+10:00,7394,Unoccupied,9341,"-37.804791726138646, 144.95909104692146"
2024-12-30T11:44:37+11:00,2024-08-21T10:37:20+10:00,7520,Unoccupied,9358,"-37.805089616110834, 144.95870953227987"
2024-12-30T11:44:37+11:00,2023-09-13T07:37:24+10:00,7520,Unoccupied,9357,"-37.805040957078404, 144.95868712534042"
2025-01-10T13:44:36+11:00,2024-08-18T13:01:19+10:00,7392,Unoccupied,9372,"-37.8033414895023, 144.95838681632023"
2025-01-21T14:42:37+11:00,2025-01-21T13:19:06+11:00,7053,Present,10282,"-37.794993762404346, 144.97209994853773"
2025-01-22T14:44:37+11:00,2024-10-02T08:58:33+10:00,7549,Present,66022,"-37.8101677069083, 144.96557568924243"
2025-01-22T14:44:37+11:00,2024-10-02T09:36:17+10:00,7549,Present,66024,"-37.81020639361004, 144.96544349972828"
2025-01-22T14:44:37+11:00,2024-10-11T16:43:59+11:00,7550,Unoccupied,66034,"-37.81040230075237, 144.96477289718422"
2025-01-22T14:44:37+11:00,2024-10-02T08:54:24+10:00,7549,Present,66067,"-37.81028218639029, 144.96537084871932"
2025-01-22T14:44:37+11:00,2024-05-03T14:23:17+10:00,,Unoccupied,22773,"-37.82340795747085, 144.9668141300637"
2025-01-22T14:44:37+11:00,2024-10-11T14:34:19+11:00,7549,Present,66057,"-37.81008577190786, 144.96603938825643"
2025-01-22T14:44:37+11:00,2024-10-11T15:15:11+11:00,7539,Unoccupied,66236,"-37.81189789522004, 144.95973698122117"
2024-12-05T10:44:37+11:00,2024-11-28T13:06:51+11:00,7084,Unoccupied,8741,"-37.8022649761665, 144.96149743252016"
2024-12-05T10:44:37+11:00,2024-11-27T17:31:45+11:00,7084,Unoccupied,8747,"-37.80229720947396, 144.96179210870582"
2025-01-22T14:44:37+11:00,2024-10-11T16:44:02+11:00,7550,Unoccupied,66011,"-37.809958781756386, 144.9662913211307"
2025-01-22T14:44:37+11:00,2024-10-02T09:19:47+10:00,7549,Present,66017,"-37.810072372731454, 144.9659027709308"
2025-01-09T16:44:36+11:00,2024-03-22T21:06:00+11:00,7800,Present,24507,"-37.79745524941144, 144.95761259978124"
2025-01-09T16:44:36+11:00,2024-03-31T11:44:47+11:00,7800,Present,24509,"-37.79733033174037, 144.95762865154998"
2025-01-10T13:44:36+11:00,2024-08-21T14:43:19+10:00,7392,Unoccupied,9371,"-37.803392245198836, 144.95841026319147"
2025-01-21T14:42:37+11:00,2025-01-21T07:40:01+11:00,7053,Unoccupied,10279,"-37.79506794595409, 144.97277440018868"
2025-03-26T14:44:37+11:00,2025-03-26T14:21:27+11:00,7297,Present,18077,"-37.808006379145304, 144.97275295153628"
2025-03-26T14:44:37+11:00,2025-03-26T06:48:33+11:00,7297,Present,18167,"-37.80794728201681, 144.97222616163592"
2025-01-10T13:44:36+11:00,2024-08-21T14:06:16+10:00,7392,Unoccupied,9377,"-37.80307925691528, 144.9582656822943"
2025-01-10T13:44:36+11:00,2024-08-21T12:21:15+10:00,7392,Unoccupied,9378,"-37.803028516643494, 144.95824222807"
2025-01-10T13:44:36+11:00,2024-12-16T20:26:37+11:00,7392,Unoccupied,9385,"-37.80254631917579, 144.95801948528828"
2025-01-10T13:44:36+11:00,2024-08-22T06:30:09+10:00,7392,Unoccupied,9383,"-37.802647830225396, 144.95806637584144"
2024-12-30T11:44:37+11:00,2024-08-21T14:04:29+10:00,7520,Unoccupied,9355,"-37.80493940709657, 144.95864036316067"
2025-01-09T16:44:36+11:00,2024-03-31T12:19:05+11:00,7800,Present,24506,"-37.7975061237471, 144.9576060625771"
2025-05-08T15:44:34+10:00,2025-04-14T10:01:23+10:00,7218,Present,57943,"-37.82011429509811, 144.95451180212012"
2025-05-08T15:44:34+10:00,2023-10-26T09:25:42+11:00,,Unoccupied,5691,"-37.81409629462509, 144.9563297765231"
2025-05-16T12:44:34+10:00,2025-05-01T11:09:52+10:00,,Present,61148,"-37.81702553819633, 144.96516473711768"
2025-05-08T15:44:34+10:00,2025-04-18T07:36:34+10:00,7218,Present,57939,"-37.820322263929086, 144.9546071199171"
2025-05-08T15:44:34+10:00,2025-04-14T11:29:31+10:00,7219,Present,69945,"-37.822523929297894, 144.9521005255906"
2025-05-08T15:44:34+10:00,2025-04-14T09:03:29+10:00,7219,Present,69944,"-37.82251358088368, 144.95213374857926"
2025-05-08T15:44:34+10:00,2025-04-14T12:53:52+10:00,7219,Present,69965,"-37.82230254427385, 144.9534210170546"
2025-05-08T15:44:34+10:00,2025-04-14T11:45:44+10:00,7219,Present,69968,"-37.822359539262656, 144.9532235093248"
2025-05-08T15:44:34+10:00,2025-04-14T12:32:10+10:00,7643,Present,57916,"-37.82032671735453, 144.95485898659769"
2025-05-08T15:44:34+10:00,2025-04-14T12:56:45+10:00,7218,Present,57936,"-37.82047607788187, 144.95467759457046"
2025-06-23T15:44:34+10:00,2025-02-07T11:58:43+11:00,7923,Present,10845,"-37.806642456045324, 144.95501315634544"
2025-06-23T15:44:34+10:00,2025-06-01T12:45:41+10:00,7923,Present,10860,"-37.80614034694966, 144.95510289712604"
2025-07-07T11:44:34+10:00,2025-07-01T09:43:41+10:00,7930,Present,9736,"-37.81034854531248, 144.94969754553495"
2025-04-09T09:44:37+10:00,2024-04-26T01:56:07+10:00,7081,Unoccupied,8397,"-37.80679009928165, 144.97326183494033"
2025-01-21T14:42:37+11:00,2025-01-20T18:00:34+11:00,7049,Present,24426,"-37.795172433212144, 144.97205152453165"
2024-12-05T10:44:37+11:00,2024-10-20T00:31:32+11:00,7084,Unoccupied,8748,"-37.80230041287619, 144.96182135461714"
2024-12-05T10:44:37+11:00,2024-11-28T13:40:31+11:00,7084,Unoccupied,8753,"-37.80223656015707, 144.9612340509617"
2025-04-09T09:44:37+10:00,2025-04-05T10:56:52+11:00,7081,Unoccupied,8393,"-37.806995795423745, 144.97322651483523"
2024-12-05T10:44:37+11:00,2024-11-28T14:17:09+11:00,7084,Unoccupied,8732,"-37.80221028139775, 144.96099980337007"
2024-12-05T10:44:37+11:00,2024-11-28T13:31:41+11:00,7084,Unoccupied,8744,"-37.802280763677544, 144.9616436342106"
2025-06-10T09:44:34+10:00,2025-06-03T14:37:21+10:00,7674,Unoccupied,51839,"-37.814215967467725, 144.9687480308728"
2025-06-10T09:44:34+10:00,2025-06-05T09:26:32+10:00,7634,Unoccupied,52133,"-37.811257510163344, 144.96738963174488"
2025-06-10T09:44:34+10:00,2025-06-03T14:38:00+10:00,7634,Present,52124,"-37.81161963978917, 144.96755496911868"
2025-06-10T09:44:34+10:00,2025-06-03T15:24:18+10:00,7634,Present,52134,"-37.811234210738704, 144.96737901057347"
2025-06-10T09:44:34+10:00,2025-06-03T14:37:19+10:00,7674,Present,51857,"-37.81430890820657, 144.96866643920868"
2025-06-10T09:44:34+10:00,2024-02-07T12:18:31+11:00,,Unoccupied,24829,"-37.81562276049732, 144.95443871288336"
2025-06-13T09:44:34+10:00,2025-06-12T13:38:04+10:00,7988,Unoccupied,11245,"-37.80679852044474, 144.95401878515966"
2025-06-13T09:44:34+10:00,2025-06-12T17:07:29+10:00,7988,Unoccupied,11238,"-37.80643745187663, 144.95385246610408"
2025-06-10T09:44:34+10:00,2025-06-03T15:33:35+10:00,7633,Present,52149,"-37.81127806929965, 144.9672745517347"
2025-06-10T09:44:34+10:00,2025-06-03T14:26:47+10:00,7674,Present,51836,"-37.81428852546001, 144.96878064075162"
2025-06-10T09:44:34+10:00,2025-06-03T14:36:11+10:00,7674,Unoccupied,51832,"-37.81438396365972, 144.9688235832121"
2025-06-10T09:44:34+10:00,2025-06-05T08:15:00+10:00,7634,Present,52128,"-37.81140176302106, 144.96745547385362"
2025-06-10T09:44:34+10:00,2025-06-03T14:57:47+10:00,7634,Present,52147,"-37.811385111806615, 144.96732387800176"
2025-06-10T09:44:34+10:00,2025-06-05T09:30:03+10:00,7625,Present,52029,"-37.812167247481085, 144.96768291550617"
2025-06-10T09:44:34+10:00,2025-06-03T13:46:50+10:00,,Present,51860,"-37.81415684250254, 144.96859582591492"
2025-06-10T09:44:34+10:00,2025-06-03T14:28:20+10:00,7628,Unoccupied,51853,"-37.81451515095033, 144.9687622235785"
2025-07-07T11:44:34+10:00,2025-07-01T10:05:09+10:00,7930,Unoccupied,9731,"-37.81058876771162, 144.94906689819655"
2025-07-07T11:44:34+10:00,2025-07-07T09:09:24+10:00,7936,Present,11420,"-37.81219439594773, 144.95042086812788"
2025-06-04T09:44:34+10:00,2025-06-04T09:39:56+10:00,7986,Unoccupied,11143,"-37.808234440901415, 144.95467720003413"
2025-06-10T09:44:34+10:00,2025-06-03T14:33:16+10:00,7674,Present,51838,"-37.814239729182205, 144.96875871007944"
2025-06-10T09:44:34+10:00,2025-06-03T15:11:56+10:00,7634,Unoccupied,52123,"-37.81164582094358, 144.96756685628353"
2025-06-10T09:44:34+10:00,2025-06-03T14:25:38+10:00,7674,Present,51840,"-37.81419221484805, 144.96873735485678"
2025-06-10T09:44:34+10:00,2025-05-27T12:10:19+10:00,7345,Unoccupied,63635,"-37.81302595562978, 144.967521420346"
2025-05-16T13:44:34+10:00,2025-05-05T09:58:33+10:00,7377,Present,57742,"-37.82028732496598, 144.95571666821013"
2025-03-26T14:44:37+11:00,2025-03-26T14:42:16+11:00,7297,Unoccupied,18165,"-37.807931319428725, 144.97208400915315"
2024-12-11T15:44:36+11:00,2024-06-21T08:03:59+10:00,7018,Present,26281,"-37.802007044484625, 144.9623187882548"
2025-06-04T09:44:34+10:00,2025-06-04T09:20:00+10:00,7993,Present,11248,"-37.807315007041765, 144.95450470333054"
2025-06-04T09:44:34+10:00,2025-06-03T21:41:18+10:00,7986,Unoccupied,11139,"-37.80833177468179, 144.95472159085543"
2025-06-04T09:44:34+10:00,2025-06-03T20:49:44+10:00,7993,Unoccupied,11251,"-37.807476206526054, 144.9545784573843"
2025-06-13T09:44:34+10:00,2025-06-12T15:54:37+10:00,7988,Unoccupied,11244,"-37.806747245410634, 144.95399485501753"
2025-06-26T12:44:34+10:00,2025-06-16T13:52:15+10:00,7610,Present,54538,"-37.81222589965874, 144.95943332598375"
2025-06-26T12:44:34+10:00,2025-06-16T13:43:03+10:00,7610,Present,54537,"-37.81227457355011, 144.95945563779804"
2025-05-08T15:44:34+10:00,2025-01-22T17:40:11+11:00,7218,Unoccupied,57942,"-37.8201668549864, 144.95453587450794"
2025-05-08T15:44:34+10:00,2025-04-14T06:19:54+10:00,,Present,69941,"-37.8224857872471, 144.95222778302724"
2024-12-11T15:44:36+11:00,2024-12-06T12:22:20+11:00,7018,Unoccupied,26280,"-37.80195349886469, 144.9623282461336"
2025-01-21T14:42:37+11:00,2025-01-21T12:34:00+11:00,7053,Present,10285,"-37.79495360391401, 144.97173134630543"
2025-01-21T14:42:37+11:00,2025-01-19T11:49:13+11:00,7053,Present,24420,"-37.795050730658254, 144.97261487811386"
2025-01-21T14:42:37+11:00,2025-01-21T11:58:15+11:00,7049,Present,24422,"-37.79523903245119, 144.9726738449603"
2025-01-21T14:42:37+11:00,2025-01-13T12:45:56+11:00,7049,Unoccupied,24424,"-37.79519993412775, 144.97230879673006"
2025-01-22T14:44:37+11:00,2024-10-02T09:29:39+10:00,7549,Present,66014,"-37.810014876582414, 144.96609877407627"
2025-01-22T14:44:37+11:00,2024-05-03T14:14:25+10:00,,Unoccupied,22775,"-37.82338223087829, 144.9666817472417"
2025-01-22T14:44:37+11:00,2024-10-11T16:26:17+11:00,7549,Present,66068,"-37.81029947853821, 144.96531061970745"
2025-01-22T14:44:37+11:00,2024-10-02T09:13:53+10:00,7549,Unoccupied,66018,"-37.81009020944728, 144.9658421615201"
2025-06-26T12:44:34+10:00,2025-06-16T12:58:58+10:00,7610,Present,54541,"-37.812155027723215, 144.95940103957327"
2025-09-19T16:45:39+10:00,2024-03-31T15:57:08+11:00,,Present,10319,"-37.800825494583194, 144.96252249137837"
2025-10-27T11:15:39+11:00,2025-10-14T18:30:00+11:00,7253,Present,17432,"-37.809990366556505, 144.97571012234073"
2025-10-27T11:15:39+11:00,2025-10-14T19:19:12+11:00,7253,Present,17440,"-37.810250461302246, 144.97566700276644"
2025-10-27T11:15:39+11:00,2025-10-20T17:52:34+11:00,7259,Present,23021,"-37.811233168790565, 144.97796811241463"
2025-10-27T11:15:39+11:00,2025-10-20T17:15:16+11:00,7259,Present,23017,"-37.8115050917861, 144.97792234492047"
2025-10-27T11:15:39+11:00,2025-10-20T17:17:18+11:00,7259,Present,23016,"-37.81128748896069, 144.9779589640181"
2025-10-27T11:15:39+11:00,2022-11-30T10:10:24+11:00,7258,Unoccupied,23027,"-37.810537517616076, 144.97832033044642"
2025-10-27T11:15:39+11:00,2025-10-20T18:53:13+11:00,7258,Present,23033,"-37.810230427024415, 144.97837239923848"
2025-10-27T11:15:39+11:00,2025-10-20T19:57:12+11:00,7258,Unoccupied,22949,"-37.810948345587676, 144.97825469788137"
2025-10-27T11:15:39+11:00,2025-10-20T17:25:15+11:00,7258,Present,23028,"-37.81048633683179, 144.9783290087034"
2025-10-27T11:15:39+11:00,2025-10-20T17:36:55+11:00,7258,Present,23023,"-37.810840069426604, 144.97827273967437"
2025-10-27T11:15:39+11:00,2025-10-14T20:12:45+11:00,7253,Present,17433,"-37.81002289314208, 144.97570474382923"
2025-10-27T11:15:39+11:00,2025-10-20T18:01:08+11:00,7258,Unoccupied,22940,"-37.81049657233905, 144.97809090733188"
2025-10-29T11:15:39+11:00,2024-06-27T18:33:26+10:00,,Unoccupied,60957,"-37.815616760930396, 144.9699622682448"
2025-10-30T13:45:40+11:00,2025-10-20T19:14:03+11:00,7280,Present,5922,"-37.81177445065448, 144.9751651591871"
2025-10-30T13:45:40+11:00,2025-10-20T18:51:58+11:00,7280,Present,5948,"-37.81191028278058, 144.9764222694892"
2025-10-30T13:45:40+11:00,2025-10-20T18:46:57+11:00,7278,Unoccupied,5928,"-37.81191206878382, 144.97539496284242"
2025-10-30T13:45:40+11:00,2025-10-20T17:52:08+11:00,7278,Present,5945,"-37.81207246933754, 144.97685733187535"
2025-10-30T13:45:40+11:00,2025-10-20T17:32:23+11:00,7278,Present,5964,"-37.812118245456055, 144.97727994272412"
2025-10-30T13:45:40+11:00,2025-10-20T16:55:56+11:00,7278,Present,5932,"-37.811944023566255, 144.9756849950074"
2025-10-30T13:45:40+11:00,2025-10-20T17:44:57+11:00,7278,Present,5944,"-37.81206501049819, 144.9767890144979"
2025-10-30T13:45:40+11:00,2025-10-20T17:45:06+11:00,7278,Present,5938,"-37.812005766805214, 144.97624765405462"
2025-10-30T13:45:40+11:00,2025-10-20T20:25:21+11:00,7278,Present,5934,"-37.81197519369269, 144.9759723369881"
2025-10-30T13:45:40+11:00,2025-10-20T18:17:25+11:00,7278,Present,5939,"-37.81201309072601, 144.9763151872953"
2025-10-30T13:45:40+11:00,2025-03-11T14:12:24+11:00,7247,Unoccupied,17459,"-37.81071857953126, 144.97632719234036"
2025-10-30T13:45:40+11:00,2025-10-30T12:33:16+11:00,7247,Present,17453,"-37.81067634340933, 144.97593939468675"
2025-10-30T13:45:40+11:00,2025-10-30T13:31:12+11:00,7247,Present,17465,"-37.810762405879316, 144.9767310953801"
2025-10-30T13:45:40+11:00,2025-10-30T13:41:33+11:00,7247,Unoccupied,17464,"-37.81075417553171, 144.97665521951174"
2025-10-30T13:45:40+11:00,2025-10-30T12:40:19+11:00,7247,Unoccupied,17473,"-37.81086362453706, 144.97766052138235"
2025-10-30T13:45:40+11:00,2025-10-30T13:10:50+11:00,7247,Unoccupied,17476,"-37.810883566294734, 144.9778441861417"
2025-10-30T13:45:40+11:00,2025-10-30T12:49:22+11:00,7247,Present,17475,"-37.81087694645909, 144.97778321955064"
2025-10-30T13:45:40+11:00,2022-09-13T14:38:23+10:00,7247,Unoccupied,17512,"-37.81092801328627, 144.97654350520963"
2025-10-30T13:45:40+11:00,2025-10-28T14:17:25+11:00,7247,Unoccupied,17517,"-37.81096486029742, 144.97688247485257"
2025-10-30T13:45:40+11:00,2025-10-20T17:43:44+11:00,7280,Present,5949,"-37.811918144180254, 144.97649484330793"
2025-10-30T13:45:40+11:00,2025-06-05T09:18:16+10:00,,Unoccupied,5960,"-37.81214838990354, 144.9775554474196"
2025-10-30T13:45:40+11:00,2025-10-30T13:38:53+11:00,7247,Present,17455,"-37.810690502415206, 144.97606861650132"
2025-10-30T13:45:40+11:00,2025-10-30T09:50:15+11:00,7247,Present,17460,"-37.810725587048466, 144.97639176128706"
2025-10-30T13:45:40+11:00,2025-10-30T13:36:57+11:00,7247,Present,17458,"-37.81071163255924, 144.97626320381835"
2025-10-30T13:45:40+11:00,2025-10-30T12:41:05+11:00,7247,Present,17471,"-37.81084937986229, 144.97752933315957"
2025-10-30T13:45:40+11:00,2025-10-30T12:02:32+11:00,7247,Present,17510,"-37.8109132011662, 144.9764084657962"
2025-10-30T13:45:40+11:00,2025-10-30T11:46:28+11:00,7247,Present,17516,"-37.81095731879638, 144.97681213327434"
2025-10-30T13:45:40+11:00,2025-10-20T17:56:55+11:00,7269,Present,17503,"-37.811067886719044, 144.97545979163297"
2025-12-04T13:45:39+11:00,2025-11-13T17:49:02+11:00,7243,Present,20635,"-37.8107802456345, 144.98360491584899"
2025-12-04T13:45:39+11:00,2025-11-13T17:30:54+11:00,7243,Present,20637,"-37.81066947651698, 144.9836232361322"
2025-12-04T13:45:39+11:00,2025-11-13T18:03:42+11:00,7250,Unoccupied,25131,"-37.810785564484966, 144.983362727202"
2025-12-04T13:45:39+11:00,2025-11-13T18:10:54+11:00,7250,Present,25129,"-37.810889451739584, 144.9833456302623"
2025-12-04T13:45:39+11:00,2025-11-13T18:04:07+11:00,7250,Unoccupied,25128,"-37.81094147219501, 144.9833370872692"
2025-12-04T13:45:39+11:00,2025-11-13T17:16:10+11:00,7250,Present,25122,"-37.811251798500095, 144.98328601597146"
2025-12-04T13:45:39+11:00,2025-11-13T16:55:25+11:00,7250,Unoccupied,25077,"-37.814321856229725, 144.98276778517476"
2025-12-04T13:45:39+11:00,2025-11-13T16:41:47+11:00,7250,Unoccupied,25075,"-37.81421891657284, 144.98278540449215"
2025-12-04T13:45:39+11:00,2025-11-13T16:39:34+11:00,7250,Unoccupied,25073,"-37.81411556139862, 144.98280316670127"
2025-12-04T13:45:39+11:00,2025-11-13T17:29:32+11:00,7250,Unoccupied,25070,"-37.814735754833876, 144.98269673717078"
2025-12-04T13:45:39+11:00,2024-11-03T23:04:00+11:00,7250,Unoccupied,25069,"-37.814787265731965, 144.98268791524254"
2025-12-04T13:45:39+11:00,2025-11-13T16:00:02+11:00,7250,Unoccupied,25068,"-37.814839857086824, 144.98267889331953"
2025-12-04T13:45:39+11:00,2025-11-13T13:58:22+11:00,7250,Unoccupied,25067,"-37.81489155405967, 144.9826700483063"
2025-12-04T13:45:39+11:00,2025-11-13T17:44:10+11:00,7250,Unoccupied,25066,"-37.814942583635045, 144.9826613011867"
2025-12-04T13:45:39+11:00,2025-11-13T16:38:51+11:00,7250,Unoccupied,25065,"-37.81499391964768, 144.98265248529412"
2025-12-04T13:45:39+11:00,2025-11-13T14:21:06+11:00,7250,Unoccupied,25064,"-37.81504519948656, 144.9826436998707"
2025-12-04T13:45:39+11:00,2025-11-13T17:49:57+11:00,7250,Unoccupied,25061,"-37.81520098705904, 144.98261701026485"
2025-12-04T13:45:39+11:00,2024-11-03T21:17:11+11:00,7250,Present,25060,"-37.81525249648016, 144.9826082303527"
2025-12-04T13:45:39+11:00,2025-11-13T14:11:44+11:00,7250,Unoccupied,25059,"-37.81530361097951, 144.98259945779967"
2025-12-04T13:45:39+11:00,2025-11-13T16:11:38+11:00,7250,Unoccupied,25055,"-37.815510581746764, 144.98256403465405"
2025-12-18T12:15:39+11:00,2025-12-18T12:08:30+11:00,7251,Unoccupied,16411,"-37.80956615740753, 144.98112343591654"
2025-12-18T12:15:39+11:00,2025-12-18T01:24:45+11:00,7251,Present,16417,"-37.80982163232393, 144.98108109435145"
2025-12-18T12:15:39+11:00,2025-12-18T10:58:15+11:00,7251,Present,16408,"-37.80937415030871, 144.98115513323194"
2025-12-18T12:15:39+11:00,2025-12-18T11:26:11+11:00,7251,Unoccupied,16421,"-37.809927937944025, 144.98106352944617"
2025-12-18T12:15:39+11:00,2025-12-18T12:08:39+11:00,7252,Present,17376,"-37.809614761763015, 144.98094151549367"
2025-12-18T12:15:39+11:00,2025-12-18T11:54:50+11:00,7251,Present,16418,"-37.80979840579508, 144.98108493186783"
2025-12-18T12:15:39+11:00,2025-12-18T11:33:46+11:00,7252,Present,17378,"-37.809846723724554, 144.9809029872756"
2025-12-18T12:15:39+11:00,2025-12-18T12:10:52+11:00,7251,Unoccupied,16412,"-37.80973855278721, 144.98109482168059"
2025-12-18T12:15:39+11:00,2025-12-18T07:13:11+11:00,7251,Present,16403,"-37.80932813670145, 144.98116270511537"
2025-12-18T12:15:39+11:00,2025-12-18T08:42:16+11:00,7251,Present,16410,"-37.8095965262713, 144.98111841791226"
2025-12-18T12:15:39+11:00,2025-11-24T14:19:08+11:00,7260,Present,20641,"-37.80929885625456, 144.97833036087303"
2025-12-18T12:15:39+11:00,2025-10-20T09:08:22+11:00,7260,Unoccupied,20638,"-37.80951140679669, 144.9782947399139"
2025-12-18T12:15:39+11:00,2025-08-07T09:59:06+10:00,7260,Present,20639,"-37.80946049970673, 144.9783032708449"
2025-12-18T12:15:39+11:00,2025-12-18T11:53:44+11:00,7250,Present,25112,"-37.812103502395146, 144.98314277893326"
2025-12-18T12:15:39+11:00,2025-12-18T11:37:55+11:00,7250,Present,25104,"-37.812517546671515, 144.9830742821829"
2025-12-18T12:15:39+11:00,2025-12-18T11:33:05+11:00,7250,Present,25099,"-37.81287651913308, 144.9830141737039"
2025-12-18T12:15:39+11:00,2025-12-18T10:38:00+11:00,7250,Present,25097,"-37.812981340802864, 144.98299655677704"
2025-12-18T12:15:39+11:00,2025-12-18T12:12:15+11:00,7250,Present,25096,"-37.81303274027711, 144.98298791063402"
2025-12-18T12:15:39+11:00,2025-12-18T12:09:10+11:00,7250,Unoccupied,25093,"-37.81318814136763, 144.9829615384658"
2025-12-18T12:15:39+11:00,2025-12-18T12:04:23+11:00,7250,Present,25088,"-37.81344618156171, 144.98291748624297"
2025-12-18T12:15:39+11:00,2025-12-18T10:52:54+11:00,7250,Present,25084,"-37.81365181381193, 144.98288233192096"
2025-12-18T12:15:39+11:00,2025-12-18T08:50:10+11:00,7252,Present,17380,"-37.80935429011029, 144.98098383081503"
2026-01-15T11:45:39+11:00,2025-10-15T12:45:16+11:00,7302,Present,17846,"-37.8175383122974, 144.98199015417129"
2026-01-15T11:45:39+11:00,2026-01-14T21:46:11+11:00,7302,Unoccupied,17832,"-37.81776328170266, 144.98195143362153"
2026-01-15T11:45:39+11:00,2025-10-11T13:31:12+11:00,7302,Unoccupied,17825,"-37.81731334069316, 144.98202867869423"
2026-01-15T11:45:39+11:00,2026-01-08T10:42:26+11:00,7302,Unoccupied,17842,"-37.818325659030904, 144.98185479447943"
2026-01-15T11:45:39+11:00,2025-10-15T12:09:48+11:00,7302,Unoccupied,18112,"-37.817144597422455, 144.98205771689135"
2026-01-15T11:45:39+11:00,2024-11-03T18:43:20+11:00,7302,Unoccupied,17844,"-37.81843814954633, 144.98183506987596"
2026-01-15T11:45:39+11:00,2025-10-15T12:53:53+11:00,7302,Unoccupied,17841,"-37.81826944185879, 144.98186468619872"
2026-01-15T11:45:39+11:00,2025-10-15T12:45:45+11:00,7302,Present,17833,"-37.817819533251466, 144.98194186601359"
2026-01-15T11:45:39+11:00,2026-01-15T06:43:32+11:00,7302,Present,17840,"-37.81821322514499, 144.98187457982505"
2026-01-15T11:45:39+11:00,2025-10-15T12:31:21+11:00,7302,Unoccupied,17831,"-37.81770703057332, 144.98196105955498"
2026-01-15T11:45:39+11:00,2026-01-15T07:21:26+11:00,7241,Present,7501,"-37.809648156021325, 144.97721845137073"
2026-01-15T11:45:39+11:00,2026-01-15T10:42:08+11:00,7236,Unoccupied,7490,"-37.80985527319844, 144.97788324019035"
2026-01-15T11:45:39+11:00,2026-01-15T09:51:08+11:00,7236,Unoccupied,7851,"-37.80969891034127, 144.97644555131023"
2026-01-15T11:45:39+11:00,2026-01-15T11:12:50+11:00,7236,Present,7486,"-37.8098016990201, 144.97739062791806"
2026-01-15T11:45:39+11:00,2026-01-15T11:00:45+11:00,7236,Present,7488,"-37.80984059050527, 144.9777482286793"
2026-01-15T11:45:39+11:00,2026-01-14T23:02:11+11:00,7236,Unoccupied,7843,"-37.80976498972029, 144.97705310099425"
2026-01-15T11:45:39+11:00,2026-01-13T18:59:27+11:00,7236,Unoccupied,7847,"-37.8097356213851, 144.97678307815983"
2026-01-15T11:45:39+11:00,2026-01-15T09:44:58+11:00,7236,Present,7849,"-37.80971359541424, 144.97658056282089"
2026-01-15T11:45:39+11:00,2026-01-15T10:39:25+11:00,7236,Present,7852,"-37.809691568217204, 144.97637804588027"
2026-01-15T11:45:39+11:00,2024-11-03T16:26:56+11:00,7246,Unoccupied,17549,"-37.811014528547986, 144.98813661100445"
2026-01-15T11:45:39+11:00,2024-11-03T16:36:59+11:00,7246,Unoccupied,17558,"-37.81094794874767, 144.98752914125174"
2026-01-15T11:45:39+11:00,2024-11-03T20:04:42+11:00,7246,Unoccupied,17566,"-37.81088877341393, 144.98698915767085"
2026-01-15T11:45:39+11:00,2024-11-03T14:30:21+11:00,7246,Unoccupied,17546,"-37.811036273881754, 144.9883345943984"
2026-01-15T11:45:39+11:00,2024-11-03T12:56:21+11:00,7246,Unoccupied,17564,"-37.810903540407466, 144.98712415497835"
2026-01-15T11:45:39+11:00,2024-11-03T23:23:43+11:00,7246,Present,17555,"-37.81097019596591, 144.98773161975703"
2026-01-15T11:45:39+11:00,2024-11-02T15:21:07+11:00,7246,Present,17557,"-37.810955372159256, 144.9875966342649"
2026-01-15T11:45:39+11:00,2024-11-03T16:46:33+11:00,7246,Unoccupied,17560,"-37.81093309055969, 144.98739414514165"
2026-01-15T11:45:39+11:00,2024-11-02T13:41:10+11:00,7246,Unoccupied,17554,"-37.81097757344973, 144.98779911629026"
2026-01-15T11:45:39+11:00,2024-11-03T19:40:33+11:00,7246,Unoccupied,17547,"-37.811029360279086, 144.98827159941473"
2026-02-16T12:15:39+11:00,2024-11-03T11:21:07+11:00,7270,Present,24600,"-37.811462437669306, 144.9861450848486"
2026-02-16T12:15:39+11:00,2024-11-03T20:48:19+11:00,7270,Unoccupied,24594,"-37.811140968206836, 144.98619944973967"
2026-02-16T12:15:39+11:00,2024-11-03T19:57:20+11:00,7270,Unoccupied,24592,"-37.81103381200096, 144.98621757201624"
2026-02-16T12:15:39+11:00,2024-11-03T19:57:32+11:00,7270,Present,24591,"-37.81098023369967, 144.98622663255236"
2026-02-16T12:15:39+11:00,2024-11-03T16:05:57+11:00,7271,Unoccupied,18150,"-37.81164874469097, 144.98854250198843"
2026-02-16T12:15:39+11:00,2024-11-03T18:05:38+11:00,7271,Unoccupied,18144,"-37.81135986551536, 144.9885920882794"
2026-02-16T12:15:39+11:00,2024-11-03T19:03:01+11:00,7271,Unoccupied,18147,"-37.81147508015315, 144.98857224189527"
2026-02-16T12:15:39+11:00,2024-11-03T21:50:08+11:00,7270,Present,24593,"-37.81108738987946, 144.98620851030546"
2026-02-16T12:15:39+11:00,2024-11-03T19:07:31+11:00,7270,Present,24590,"-37.810930979354524, 144.98623496221023"
2026-02-27T08:45:39+11:00,2024-11-03T18:00:44+11:00,7255,Unoccupied,17920,"-37.811833927892636, 144.98640344216193"
2026-02-27T08:45:39+11:00,2024-11-03T18:18:34+11:00,7255,Unoccupied,17934,"-37.8119382919043, 144.9873482757386"
2026-02-27T08:45:39+11:00,2024-11-03T18:09:32+11:00,7255,Unoccupied,18154,"-37.81181927663579, 144.9862708332184"
2026-02-27T08:45:39+11:00,2024-11-03T15:07:44+11:00,7255,Unoccupied,17938,"-37.81196810849191, 144.98761822873726"
2026-02-27T08:45:39+11:00,2024-11-03T19:21:44+11:00,7255,Unoccupied,17921,"-37.81184138251615, 144.9864709298841"
2026-02-27T08:45:39+11:00,2024-11-03T18:21:30+11:00,7255,Unoccupied,17929,"-37.81190101996481, 144.9870108345574"
2026-02-27T08:45:39+11:00,2024-11-03T23:34:59+11:00,7255,Unoccupied,17923,"-37.81185629211796, 144.9866059065343"
2026-02-27T08:45:39+11:00,2024-11-03T18:11:33+11:00,7255,Unoccupied,17933,"-37.81193083731894, 144.98728078724952"
2026-02-27T08:45:39+11:00,2024-11-03T18:25:44+11:00,7255,Unoccupied,17925,"-37.81187120154709, 144.9867408821104"
2026-02-27T08:45:39+11:00,2024-11-03T18:22:32+11:00,7255,Unoccupied,17936,"-37.81195320004957, 144.98748325221953"
2026-02-27T08:45:39+11:00,2024-11-03T18:32:32+11:00,7255,Unoccupied,17939,"-37.81197556288564, 144.98768571732742"
2026-03-31T15:15:40+11:00,2023-04-22T16:44:59+10:00,7556,Present,5736,"-37.81068739943069, 144.96771082732118"
2026-04-08T15:15:39+10:00,2025-09-03T17:25:20+10:00,7301,Unoccupied,17282,"-37.8162944532351, 144.9772612918356"
2026-04-08T15:15:39+10:00,2025-09-03T18:27:41+10:00,7301,Present,17285,"-37.816323431722935, 144.9774758239897"
2026-04-08T15:15:39+10:00,2025-06-16T19:18:56+10:00,7301,Present,17280,"-37.81635013661469, 144.97767307039106"
2026-04-08T15:15:39+10:00,2025-09-03T15:11:20+10:00,7301,Present,17290,"-37.81636881759522, 144.97781032987416"
2026-04-20T08:45:39+10:00,2024-10-11T08:54:36+11:00,7010,Present,8901,"-37.805040594246165, 144.9598249788204"
2026-06-03T14:45:39+10:00,2024-10-11T09:53:01+11:00,7010,Present,8890,"-37.80483438857518, 144.95988325071232"
2026-06-03T14:45:39+10:00,2024-03-22T20:48:01+11:00,7231,Present,15026,"-37.821065145968376, 144.9442510973915"
2026-06-03T14:45:39+10:00,2024-03-22T21:16:27+11:00,7213,Present,18524,"-37.82086060421838, 144.9442537418388"
2026-06-03T14:45:39+10:00,2024-04-02T22:46:25+11:00,7231,Present,15027,"-37.82082484993619, 144.94413789756015"
2026-06-03T14:45:39+10:00,2024-03-22T17:30:55+11:00,7231,Present,15030,"-37.82094549194014, 144.94419402741204"
2026-06-03T14:45:39+10:00,2024-10-11T10:18:56+11:00,7010,Present,8889,"-37.80488630509279, 144.9599071396808"
2026-06-03T14:45:39+10:00,2024-04-04T09:46:42+11:00,7414,Present,61020,"-37.81603681350178, 144.96855969820953"
2026-06-03T14:45:39+10:00,2023-10-11T11:29:34+11:00,,Unoccupied,14909,"-37.81995510493043, 144.9549539854762"
2026-06-03T14:45:39+10:00,2023-10-10T09:14:12+11:00,,Unoccupied,20748,"-37.81953183333034, 144.95680415896118"
2026-06-03T14:45:39+10:00,2023-10-18T08:26:07+11:00,,Unoccupied,21150,"-37.81900650221777, 144.95862616886228"
2026-06-03T14:45:39+10:00,2024-10-21T12:17:14+11:00,7779,Present,65358,"-37.81206128496535, 144.9633612208833"
2026-06-03T14:45:39+10:00,2024-03-29T22:19:10+11:00,,Unoccupied,23365,"-37.815222016904535, 144.96092831329668"
2026-06-03T14:45:39+10:00,2023-11-29T12:09:00+11:00,,Unoccupied,24682,"-37.81407650770325, 144.96002484553657"
2026-06-03T14:45:39+10:00,2023-11-27T10:27:29+11:00,,Unoccupied,16778,"-37.81393596620553, 144.95750244564618"
2026-06-03T14:45:39+10:00,2023-12-12T23:15:02+11:00,,Unoccupied,6763,"-37.813150856274035, 144.96255197840384"
2026-06-03T14:45:39+10:00,2024-04-03T08:51:04+11:00,,Present,25032,"-37.814837074305586, 144.96143116050925"
2026-06-03T14:45:39+10:00,2024-02-02T16:06:41+11:00,,Unoccupied,14761,"-37.8112366283664, 144.9506677702405"
2026-06-03T14:45:39+10:00,2024-02-02T10:20:18+11:00,,Unoccupied,24474,"-37.80800795727764, 144.95548565521523"
2026-06-03T14:45:39+10:00,2024-02-09T10:49:12+11:00,,Present,6548,"-37.80765270225542, 144.9661411358623"
2026-06-03T14:45:39+10:00,2023-10-30T01:33:10+11:00,,Unoccupied,6756,"-37.8079250772858, 144.96015408955364"
2026-06-03T14:45:39+10:00,2023-10-30T08:38:27+11:00,,Present,6754,"-37.80782510795761, 144.9601086961826"
2026-06-03T14:45:39+10:00,2024-02-21T08:29:22+11:00,,Present,22971,"-37.810244152281484, 144.9558143716356"
2026-06-03T14:45:39+10:00,2024-03-05T09:38:35+11:00,,Present,6370,"-37.81872438284974, 144.95564103766725"
2026-07-06T15:45:39+10:00,2026-03-10T13:43:01+11:00,7245,Present,18826,"-37.80952354829268, 144.97483039670124"
2026-07-06T15:45:39+10:00,2026-03-10T13:30:38+11:00,7245,Present,25016,"-37.80949338950968, 144.97456467705467"
2026-07-06T15:45:39+10:00,2026-03-10T13:09:30+11:00,7245,Present,25015,"-37.80948638737142, 144.9745028195055"
2026-07-06T15:45:39+10:00,2026-03-10T13:47:10+11:00,7245,Present,25012,"-37.80944501560005, 144.97412631193555"
2026-07-06T15:45:39+10:00,2026-03-10T13:30:36+11:00,7245,Present,25011,"-37.80943735931163, 144.9740554221538"
2026-07-06T15:45:39+10:00,2026-03-10T12:45:56+11:00,7245,Present,25010,"-37.80942970255988, 144.97398453296893"
2026-07-06T15:45:39+10:00,2026-03-10T14:03:29+11:00,7245,Present,25006,"-37.80939907415136, 144.97370097467007"
2026-07-06T15:45:39+10:00,2026-03-10T12:53:24+11:00,7239,Unoccupied,7862,"-37.81001823513588, 144.9793232575624"
2026-07-06T15:45:39+10:00,2026-03-10T13:12:01+11:00,7239,Unoccupied,7876,"-37.81012227417584, 144.98027250267296"
2026-07-06T15:45:39+10:00,2026-03-10T13:13:32+11:00,7239,Unoccupied,7880,"-37.810151209193464, 144.98053338226273"
2026-07-06T15:45:39+10:00,2026-03-10T12:27:02+11:00,7239,Unoccupied,7877,"-37.81012949192021, 144.98033765394786"
2026-07-06T15:45:39+10:00,2026-03-10T10:36:22+11:00,7239,Unoccupied,7874,"-37.81010782654425, 144.98014191091403"
2026-07-06T15:45:39+10:00,2026-03-10T14:02:08+11:00,7239,Present,7864,"-37.81003297427938, 144.97945789144515"
2026-07-06T15:45:39+10:00,2026-03-10T14:00:10+11:00,7239,Present,7861,"-37.8100108195331, 144.97925591209454"
2026-07-06T15:45:39+10:00,2026-03-10T13:17:50+11:00,7234,Unoccupied,16429,"-37.81013649179808, 144.98169292946955"
2026-07-06T15:45:39+10:00,2026-01-08T13:35:25+11:00,,Present,7929,"-37.8102854657974, 144.9830430070111"
2026-07-06T15:45:39+10:00,2026-03-10T13:28:28+11:00,7234,Present,16428,"-37.81014389651364, 144.98175984472846"
2026-07-06T15:45:39+10:00,2026-03-10T12:43:51+11:00,7234,Unoccupied,16435,"-37.810158879231565, 144.98189480838442"
2026-07-06T15:45:39+10:00,2026-03-10T12:59:49+11:00,7242,Unoccupied,7895,"-37.8098256139416, 144.9788958621759"
2026-07-06T15:45:39+10:00,2026-03-10T13:56:31+11:00,7264,Unoccupied,10973,"-37.81404871120881, 144.97773460457836"
2026-07-06T15:45:39+10:00,2026-03-10T13:52:07+11:00,7264,Unoccupied,10975,"-37.814152324032335, 144.97771710661263"
2026-07-06T15:45:39+10:00,2026-03-10T12:10:25+11:00,7264,Present,10971,"-37.81394511986869, 144.9777519974963"
2026-07-22T10:15:40+10:00,2026-07-22T09:02:44+10:00,,Present,9471,"-37.80578555699063, 144.95720698083218"
2026-07-22T10:15:40+10:00,2026-07-22T04:17:04+10:00,7721,Present,24038,"-37.80527148638663, 144.9571850658472"
2026-07-22T10:15:40+10:00,2026-07-22T09:27:27+10:00,7721,Unoccupied,24040,"-37.80521974641346, 144.95719414016145"
2026-07-22T10:15:40+10:00,2026-07-22T10:00:40+10:00,7721,Present,9445,"-37.805088125799216, 144.95733033851928"
2026-07-22T10:15:40+10:00,2026-07-21T20:30:55+10:00,7721,Unoccupied,9451,"-37.80521972507455, 144.9573070430717"
2026-07-22T10:15:40+10:00,2026-07-22T09:55:53+10:00,7716,Present,9466,"-37.805608925532866, 144.95723821296409"
2026-07-22T10:15:40+10:00,2026-07-22T09:57:32+10:00,7716,Unoccupied,9464,"-37.80555715049627, 144.9572473661484"
2026-07-22T10:15:40+10:00,2026-07-22T09:07:42+10:00,7721,Unoccupied,9450,"-37.80519340002496, 144.9573116969779"
2026-07-22T10:15:40+10:00,2026-07-22T09:27:37+10:00,7721,Unoccupied,9442,"-37.80493178364415, 144.95735802135704"
2026-07-22T10:15:40+10:00,2023-10-08T21:51:16+11:00,7721,Unoccupied,24048,"-37.804827598941316, 144.95726228510551"
2026-07-22T10:15:40+10:00,2026-07-22T09:00:29+10:00,7721,Present,23976,"-37.8045478801612, 144.95731168970116"
2026-07-22T10:15:40+10:00,2026-07-22T09:57:48+10:00,7721,Present,23979,"-37.804471593223425, 144.95732516448777"
2026-07-22T10:15:40+10:00,2026-07-21T20:01:33+10:00,7716,Unoccupied,9425,"-37.80450765133169, 144.95743300702912"
2026-07-22T10:15:40+10:00,2026-07-22T09:00:39+10:00,7721,Unoccupied,9439,"-37.80481724676879, 144.95737826911414"
2026-07-22T10:15:40+10:00,2026-07-20T23:58:20+10:00,7721,Unoccupied,9438,"-37.804792270217575, 144.95738268699415"
2026-07-22T10:15:40+10:00,2026-07-21T17:16:59+10:00,7721,Present,9435,"-37.804714647547314, 144.95739641052012"
2026-07-22T10:15:40+10:00,2026-07-21T21:14:29+10:00,7716,Unoccupied,9429,"-37.80458527536205, 144.95741928765096"
2026-07-22T10:15:40+10:00,2026-07-22T09:28:25+10:00,7716,Unoccupied,9430,"-37.80461115168945, 144.9574147083638"
2026-07-22T10:15:40+10:00,2026-07-22T00:55:40+10:00,7721,Unoccupied,24046,"-37.80487845643643, 144.95725330001758"
2026-07-22T10:15:40+10:00,2024-07-06T15:02:31+10:00,7721,Unoccupied,24051,"-37.804751311124576, 144.95727575889364"
2026-07-22T10:15:40+10:00,2026-07-20T12:10:55+10:00,7721,Present,23973,"-37.804624166194984, 144.95729821547644"
2026-07-22T10:15:40+10:00,2026-07-20T14:34:49+10:00,7721,Present,9436,"-37.80474052112139, 144.95739183635203"
2026-07-29T14:15:39+10:00,2024-02-23T17:38:00+11:00,,Present,12792,"-37.82505369696207, 144.96011239884973"
2026-08-10T20:09:39+10:00,2026-08-10T18:16:04+10:00,7725,Present,9599,"-37.804653929416006, 144.94924754974852"
2026-08-10T20:09:39+10:00,2026-08-10T18:58:49+10:00,7725,Present,9603,"-37.80440418481487, 144.94928979685488"
2026-08-10T20:09:39+10:00,2025-10-06T16:28:11+11:00,7725,Present,9607,"-37.80366437740204, 144.94942015108126"
2026-08-10T20:09:39+10:00,2026-08-10T20:04:19+10:00,7753,Unoccupied,9617,"-37.80498763699151, 144.948753723206"
2026-08-10T20:09:39+10:00,2026-08-10T19:54:16+10:00,7753,Unoccupied,9624,"-37.80496880297507, 144.9485850569049"
2026-08-10T20:09:39+10:00,2026-08-10T16:59:20+10:00,7753,Unoccupied,9626,"-37.804961001384484, 144.94851534910026"
2026-08-10T20:09:39+10:00,2026-08-10T15:45:26+10:00,7753,Present,9627,"-37.804957821300455, 144.94848724174722"
2026-08-10T20:09:39+10:00,2024-06-27T18:44:27+10:00,7753,Unoccupied,9632,"-37.80509422812224, 144.94877284569418"
2026-08-10T20:09:39+10:00,2024-06-27T16:29:59+10:00,7753,Unoccupied,9633,"-37.80509110335517, 144.94874473264417"
2026-08-10T20:09:39+10:00,2024-06-27T16:19:58+10:00,7753,Unoccupied,9640,"-37.80505653600164, 144.94843582479643"
2026-08-10T20:09:39+10:00,2025-06-01T13:37:41+10:00,7752,Unoccupied,10667,"-37.80584440231725, 144.9548204612559"
2026-08-10T20:09:39+10:00,2025-06-27T14:14:56+10:00,7752,Present,10672,"-37.80580572269983, 144.954477568818"
2026-08-10T20:09:39+10:00,2025-07-07T13:13:05+10:00,7752,Present,10706,"-37.805621568629306, 144.95449038731738"
2026-08-10T20:09:39+10:00,2026-02-08T16:28:12+11:00,7739,Present,10711,"-37.80346909216924, 144.9511742480658"
2026-08-10T20:09:39+10:00,2026-02-08T16:52:48+11:00,7739,Present,10712,"-37.803804528056936, 144.95111484451357"
2026-08-10T20:09:39+10:00,2026-02-08T14:16:35+11:00,7739,Present,10714,"-37.80351432211624, 144.951166201685"
2026-08-10T20:09:39+10:00,2026-02-08T02:02:50+11:00,7739,Present,10718,"-37.804111742907224, 144.95106053645864"
2026-08-10T20:09:39+10:00,2026-02-05T15:30:04+11:00,7739,Present,10723,"-37.80440066601682, 144.95100936574437"
2026-08-10T20:09:39+10:00,2026-02-05T15:01:07+11:00,7739,Present,10725,"-37.80450778218278, 144.95099046664828"
2026-08-10T20:09:39+10:00,2026-02-07T12:53:39+11:00,7739,Present,10727,"-37.80461509913868, 144.95097154625108"
2026-08-10T20:09:39+10:00,2026-02-08T16:52:34+11:00,7740,Present,10743,"-37.80374279657992, 144.95089124300307"
2026-08-10T20:09:39+10:00,2026-08-10T11:24:32+10:00,7981,Unoccupied,10884,"-37.80542611281458, 144.95039900717978"
2026-08-10T20:09:39+10:00,2026-08-09T11:59:33+10:00,7981,Unoccupied,10887,"-37.805435429603435, 144.9504805769861"
2026-08-10T20:09:39+10:00,2026-08-10T18:29:03+10:00,7981,Present,10890,"-37.805507523927716, 144.95024587270197"
2026-08-10T20:09:39+10:00,2026-03-01T22:53:23+11:00,7981,Unoccupied,10894,"-37.80552005125439, 144.95035466483046"
2026-08-10T20:09:39+10:00,2026-08-10T19:19:40+10:00,7981,Present,10895,"-37.80552313143593, 144.95038185059332"
2026-08-10T20:09:39+10:00,2026-08-08T22:40:31+10:00,7981,Unoccupied,10899,"-37.80553509684604, 144.95049080761544"
2026-08-10T20:09:39+10:00,2026-08-10T13:45:23+10:00,7981,Unoccupied,10900,"-37.80540466872164, 144.9501229767851"
2026-08-10T20:09:39+10:00,2026-08-10T18:58:10+10:00,7981,Present,10901,"-37.8054266053832, 144.95011936846646"
2026-08-10T20:09:39+10:00,2026-08-10T10:21:29+10:00,7981,Unoccupied,10902,"-37.805448096343866, 144.95011583042907"
2026-08-10T20:09:39+10:00,2026-08-09T18:22:33+10:00,7981,Unoccupied,10907,"-37.80555870475668, 144.95009770155596"
2026-08-10T20:09:39+10:00,2026-02-08T15:29:12+11:00,7748,Unoccupied,11482,"-37.80314610562938, 144.95046851381073"
2026-08-10T20:09:39+10:00,2026-02-08T15:50:11+11:00,7748,Unoccupied,11485,"-37.80315648178227, 144.95056431215517"
2026-08-10T20:09:39+10:00,2026-02-08T16:39:40+11:00,7748,Unoccupied,11490,"-37.80317773907011, 144.95075600523893"
2026-08-10T20:09:39+10:00,2024-05-21T22:28:11+10:00,7726,Present,11794,"-37.80045916983484, 144.95570753474138"
2026-08-10T20:09:39+10:00,2026-08-10T17:43:10+10:00,7727,Present,11877,"-37.800805588909014, 144.95613978235696"
2026-08-10T20:09:39+10:00,2026-08-10T19:49:32+10:00,7727,Unoccupied,11879,"-37.80087853594753, 144.956232324911"
2026-08-10T20:09:39+10:00,2026-07-10T09:01:30+10:00,7708,Unoccupied,11928,"-37.80154154459622, 144.9546037255035"
2026-08-10T20:09:39+10:00,2026-07-27T01:11:26+10:00,7708,Unoccupied,11929,"-37.80149840416573, 144.9546578797619"
2026-08-10T20:09:39+10:00,2025-05-11T22:33:27+10:00,7708,Present,11931,"-37.80127791999085, 144.9549370169633"
2026-08-10T20:09:39+10:00,2026-08-10T20:03:50+10:00,7708,Unoccupied,11934,"-37.801086268872844, 144.95517890707015"
2026-08-10T20:09:39+10:00,2025-07-04T10:27:46+10:00,7708,Present,11947,"-37.801424629323975, 144.95508396396247"
2026-08-10T20:09:39+10:00,2026-08-10T18:54:03+10:00,7728,Present,12028,"-37.798302647582034, 144.95299882858325"
2026-08-10T20:09:39+10:00,2026-04-02T08:10:20+11:00,7766,Unoccupied,12089,"-37.80032610874535, 144.9543494481229"
2026-08-10T20:09:39+10:00,2026-04-02T08:10:20+11:00,7766,Unoccupied,12092,"-37.80052913192824, 144.95409059303165"
2026-08-10T20:09:39+10:00,2026-04-02T08:10:22+11:00,7766,Unoccupied,12095,"-37.800758463107385, 144.95379964582008"
2026-08-10T20:09:39+10:00,2026-08-10T18:41:41+10:00,7720,Unoccupied,12115,"-37.79863531246361, 144.9520677546155"
2026-08-10T20:09:39+10:00,2026-08-10T15:30:33+10:00,7720,Unoccupied,12117,"-37.79868869830504, 144.9520004390641"
2026-08-10T20:09:39+10:00,2026-08-10T17:19:17+10:00,7720,Unoccupied,12122,"-37.79879569377995, 144.9518634636058"
2026-08-10T20:09:39+10:00,2026-08-09T13:04:55+10:00,7720,Unoccupied,12124,"-37.79882953834887, 144.9518203599381"
2026-08-10T20:09:39+10:00,2026-08-10T16:29:08+10:00,7757,Unoccupied,12283,"-37.79967282681985, 144.9527143309441"
2026-08-10T20:09:39+10:00,2026-08-10T15:07:54+10:00,7757,Unoccupied,12284,"-37.79963621066403, 144.9527609397844"
2026-08-10T20:09:39+10:00,2026-08-10T18:29:47+10:00,7757,Unoccupied,12286,"-37.799557823891135, 144.95286028542097"
2026-08-10T20:09:39+10:00,2026-08-10T19:55:16+10:00,7757,Unoccupied,12287,"-37.79951785385988, 144.95291071736813"
2026-08-10T20:09:39+10:00,2026-08-10T13:46:44+10:00,7160,Present,15020,"-37.813889614282516, 144.94115318163546"
2026-08-10T20:09:39+10:00,2026-08-10T19:08:05+10:00,7160,Present,15021,"-37.81393823168594, 144.94118288841491"
2026-08-10T20:09:39+10:00,2026-04-02T08:10:28+11:00,7766,Present,12083,"-37.80039565318408, 144.95392301588583"
2026-08-10T20:09:39+10:00,2026-08-10T19:35:25+10:00,7910,Present,22429,"-37.8450884323001, 144.9812097756882"
2026-08-10T20:09:39+10:00,2026-08-10T19:48:41+10:00,7910,Present,22430,"-37.84509734154828, 144.98127874025266"
2026-08-10T20:09:39+10:00,2026-08-10T19:05:46+10:00,7910,Present,21539,"-37.84506224783489, 144.9795932158124"
2026-08-10T20:09:39+10:00,2026-08-10T19:53:35+10:00,7910,Unoccupied,21542,"-37.845080010846196, 144.97972770235316"
2026-08-10T20:09:39+10:00,2026-08-10T20:07:04+10:00,7910,Present,21544,"-37.84509792913018, 144.9798633071556"
2026-08-10T20:09:39+10:00,2026-08-10T18:44:01+10:00,7586,Unoccupied,21746,"-37.84806759441919, 144.9830194271252"
2026-08-10T20:09:39+10:00,2026-08-10T18:29:37+10:00,7586,Present,21749,"-37.848114094840405, 144.98339960766566"
2026-08-10T20:09:39+10:00,2026-08-10T15:35:12+10:00,7586,Unoccupied,21758,"-37.84820999813061, 144.9841837429665"
2026-08-10T20:09:39+10:00,2026-08-10T18:04:31+10:00,7584,Unoccupied,21686,"-37.84822192242257, 144.98337424569297"
2026-08-10T20:09:39+10:00,2026-08-10T18:03:10+10:00,7584,Unoccupied,21682,"-37.848156195606734, 144.98283520301555"
2026-08-10T20:09:39+10:00,2026-08-10T18:38:03+10:00,7757,Present,22020,"-37.79914114010213, 144.95371587679307"
2026-08-10T20:09:39+10:00,2026-08-10T18:41:17+10:00,7757,Present,12297,"-37.79940007686551, 144.95338675414695"
2026-08-10T20:09:39+10:00,2026-08-10T17:29:01+10:00,7757,Present,12298,"-37.79943939118694, 144.9533367455665"
2026-08-10T20:09:39+10:00,2026-08-10T17:29:41+10:00,7757,Present,12292,"-37.79907847371052, 144.95346300950945"
2026-08-10T20:09:39+10:00,2026-08-10T19:11:07+10:00,7708,Unoccupied,21964,"-37.80125503311761, 144.95529885196453"
2026-08-10T20:09:39+10:00,2026-08-10T17:16:44+10:00,7708,Present,21965,"-37.80121690176004, 144.9553471360721"
2026-08-10T20:09:39+10:00,2026-08-10T18:32:52+10:00,7708,Present,21967,"-37.801140626195725, 144.95544370299453"
2026-08-10T20:09:39+10:00,2024-12-25T13:56:44+11:00,7183,Present,18543,"-37.82033820154115, 144.94946605994318"
2026-08-10T20:09:39+10:00,2026-08-10T19:52:19+10:00,7183,Unoccupied,18558,"-37.819984138073124, 144.95129771110098"
2026-08-10T20:09:39+10:00,2026-08-10T18:15:50+10:00,7183,Present,18555,"-37.81992866300896, 144.95148933280126"
2026-08-10T20:09:39+10:00,2024-12-25T15:27:04+11:00,7163,Present,18591,"-37.81931142504216, 144.94841714045486"
2026-08-10T20:09:39+10:00,2024-12-25T14:53:40+11:00,7163,Present,18590,"-37.81925513712234, 144.94841503696148"
2026-08-10T20:09:39+10:00,2024-12-25T11:54:19+11:00,7163,Present,18593,"-37.8194262431346, 144.94842132762162"
2026-08-10T20:09:39+10:00,2024-12-25T12:00:14+11:00,7163,Present,18589,"-37.819201103676086, 144.94841290060373"
2026-08-10T20:09:39+10:00,2024-12-25T14:54:27+11:00,7163,Present,18573,"-37.81921816730883, 144.94862665826858"
2026-08-10T20:09:39+10:00,2024-12-24T22:30:05+11:00,7163,Unoccupied,18576,"-37.819380266187366, 144.94863278873714"
2026-08-10T20:09:39+10:00,2024-03-17T20:46:27+11:00,7163,Unoccupied,18220,"-37.81883994533063, 144.94861198065314"
2026-08-10T20:09:39+10:00,2024-12-25T13:43:59+11:00,7163,Present,18217,"-37.819002040761376, 144.94861828604726"
2026-08-10T20:09:39+10:00,2024-03-17T22:03:56+11:00,7163,Present,18218,"-37.81894800850581, 144.9486161388167"
2026-08-10T20:09:39+10:00,2025-10-07T21:53:12+11:00,7186,Unoccupied,18637,"-37.821218796797304, 144.94410948110885"
2026-08-10T20:09:39+10:00,2026-03-20T01:08:18+11:00,7186,Unoccupied,18631,"-37.82112630304781, 144.94372360496828"
2026-08-10T20:09:39+10:00,2025-09-06T08:12:31+10:00,7186,Unoccupied,18635,"-37.82118881888181, 144.94398454954523"
2026-08-10T20:09:39+10:00,2026-03-23T07:43:20+11:00,7186,Present,18632,"-37.82114193227716, 144.9437888417761"
2026-08-10T20:09:39+10:00,2026-02-23T00:17:20+11:00,7186,Unoccupied,18633,"-37.821157561490935, 144.94385407747703"
2026-08-10T20:09:39+10:00,2026-03-24T02:34:22+11:00,7186,Unoccupied,15094,"-37.82130457508666, 144.9437272277152"
2026-08-10T20:09:39+10:00,2026-03-04T19:03:39+11:00,7186,Unoccupied,15097,"-37.821353550626135, 144.9439315523408"
2026-08-10T20:09:39+10:00,2026-03-25T08:23:01+11:00,7186,Unoccupied,15092,"-37.82127096755983, 144.94358696032316"
2026-08-10T20:09:39+10:00,2026-03-01T09:26:40+11:00,7186,Unoccupied,18621,"-37.82110352835018, 144.94288605521916"
2026-08-10T20:09:39+10:00,2026-01-12T20:36:21+11:00,7212,Unoccupied,20617,"-37.81938983073863, 144.94361466018285"
2026-08-10T20:09:39+10:00,2025-02-15T08:09:35+11:00,7212,Present,20618,"-37.81933640648754, 144.94359021203934"
2026-08-10T20:09:39+10:00,2026-08-08T12:09:27+10:00,7197,Unoccupied,20904,"-37.819748601841326, 144.94533978016804"
2026-08-10T20:09:39+10:00,2026-03-18T16:57:44+11:00,7197,Unoccupied,20911,"-37.820375347961914, 144.94550297445886"
2026-08-10T20:09:39+10:00,2026-08-10T18:52:50+10:00,7197,Unoccupied,20912,"-37.82044371041454, 144.94552089254"
2026-08-10T20:09:39+10:00,2024-12-13T22:50:33+11:00,7202,Unoccupied,20588,"-37.82015466628, 144.9472802015655"
2026-08-10T20:09:39+10:00,2024-12-13T19:15:25+11:00,7202,Unoccupied,20590,"-37.820000362979314, 144.9472151454358"
2026-08-10T20:09:39+10:00,2024-12-25T11:19:24+11:00,7202,Present,20591,"-37.81993083805543, 144.94718710333325"
2026-08-10T20:09:39+10:00,2024-12-25T13:49:13+11:00,7202,Present,20593,"-37.819779418280326, 144.9471201563455"
2026-08-10T20:09:39+10:00,2024-12-16T11:19:02+11:00,7202,Unoccupied,20594,"-37.81969427324976, 144.94707993885555"
2026-08-10T20:09:39+10:00,2024-12-25T01:05:45+11:00,7202,Unoccupied,21484,"-37.82020659171873, 144.9471070440767"
2026-08-10T20:09:39+10:00,2024-12-22T18:27:01+11:00,7202,Unoccupied,21486,"-37.82005184338577, 144.9470437741028"
2026-08-10T20:09:39+10:00,2026-01-16T16:43:39+11:00,7229,Unoccupied,18610,"-37.8213149139644, 144.95106735784597"
2026-08-10T20:09:39+10:00,2026-08-10T16:40:09+10:00,7229,Present,18611,"-37.82136374841589, 144.9511060088177"
2026-08-10T20:09:39+10:00,2026-08-07T06:41:09+10:00,7230,Present,18605,"-37.82091263023649, 144.95075208554005"
2026-08-10T20:09:39+10:00,2026-08-02T07:57:42+10:00,7159,Present,18532,"-37.81954176999457, 144.95047574179642"
2026-08-10T20:09:39+10:00,2026-02-24T11:16:13+11:00,7159,Present,18533,"-37.81960518912028, 144.95052582905598"
2026-08-10T20:09:39+10:00,2026-08-10T16:54:53+10:00,7228,Present,18568,"-37.819708753143885, 144.94980291978067"
2026-08-10T20:09:39+10:00,2026-08-10T16:16:42+10:00,7228,Present,18569,"-37.81975611201209, 144.9498402587675"
2026-08-10T20:09:39+10:00,2026-02-05T08:09:41+11:00,7222,Unoccupied,20625,"-37.82050623465054, 144.94290861086614"
2026-08-10T20:09:39+10:00,2026-03-16T07:13:41+11:00,7208,Unoccupied,20608,"-37.821109160196784, 144.9453518461956"
2026-08-10T20:09:39+10:00,2025-12-28T02:22:18+11:00,7208,Unoccupied,20609,"-37.82105050953709, 144.9453364240078"
2026-08-10T20:09:39+10:00,2026-03-04T12:22:55+11:00,7208,Present,20610,"-37.8209933776988, 144.94532288408283"
2026-08-10T20:09:39+10:00,2023-10-16T15:29:33+11:00,7213,Unoccupied,18526,"-37.8209802619662, 144.94431080784483"
2026-08-10T20:09:39+10:00,2025-12-14T22:13:03+11:00,7213,Unoccupied,16284,"-37.82020943094864, 144.94395853447838"
2026-08-10T20:09:39+10:00,2024-08-08T19:36:18+10:00,7167,Unoccupied,17481,"-37.820369910975984, 144.9416538788944"
2026-08-10T20:09:39+10:00,2026-02-23T11:41:24+11:00,7167,Present,17498,"-37.82016441419583, 144.9423597136809"
2026-08-10T20:09:39+10:00,2024-09-17T10:32:11+10:00,7167,Present,17499,"-37.82018292369378, 144.94229570439836"
2026-08-10T20:09:39+10:00,2025-08-22T20:29:32+10:00,7214,Unoccupied,20619,"-37.81958733493094, 144.94585276802383"
2026-08-10T20:09:39+10:00,2025-11-01T22:41:15+11:00,7214,Unoccupied,20624,"-37.81986006122925, 144.94592410249493"
2026-08-10T20:09:39+10:00,2025-11-01T23:38:24+11:00,7214,Unoccupied,20921,"-37.820205691514495, 144.9460135602858"
2026-08-10T20:09:39+10:00,2025-11-02T09:32:42+11:00,7214,Unoccupied,20924,"-37.82038876842533, 144.94606127507134"
2026-08-10T20:09:39+10:00,2026-08-10T14:38:22+10:00,7161,Present,20571,"-37.82044900242458, 144.9511568011041"
2026-08-10T20:09:39+10:00,2026-08-10T18:01:13+10:00,7161,Unoccupied,20574,"-37.82061466205916, 144.95129142556084"
2026-08-10T20:09:39+10:00,2026-08-10T18:17:09+10:00,7161,Unoccupied,20578,"-37.82098668845575, 144.95158360736895"
2026-08-10T20:09:39+10:00,2026-08-10T17:50:52+10:00,7161,Present,20579,"-37.82105107549779, 144.95163483797234"
2026-08-10T20:09:39+10:00,2024-12-25T13:03:34+11:00,7165,Present,15329,"-37.81869849217583, 144.94807443933206"
2026-08-10T20:09:39+10:00,2026-08-10T15:09:52+10:00,7173,Unoccupied,13448,"-37.81957378096871, 144.94470621132717"
2026-08-10T20:09:39+10:00,2026-07-20T17:26:02+10:00,7173,Unoccupied,13474,"-37.81923720373574, 144.9458705875934"
2026-08-10T20:09:39+10:00,2023-02-13T15:48:19+11:00,7173,Unoccupied,13457,"-37.81948453284795, 144.94501450488727"
2026-08-10T20:09:39+10:00,2025-09-20T00:55:32+10:00,7173,Unoccupied,13458,"-37.81947538861725, 144.94504612205213"
2026-08-10T20:09:39+10:00,2026-08-10T06:52:13+10:00,7173,Present,13475,"-37.81922796872939, 144.94590260169554"
2026-08-10T20:09:39+10:00,2026-06-01T09:12:45+10:00,7173,Present,13472,"-37.81925559514887, 144.94580653930845"
2026-08-10T20:09:39+10:00,2026-08-10T19:34:50+10:00,7173,Present,13464,"-37.819342766379386, 144.94550482424316"
2026-08-10T20:09:39+10:00,2026-03-25T12:55:07+11:00,7178,Unoccupied,13388,"-37.82007954406505, 144.94295514308766"
2026-08-10T20:09:39+10:00,2026-03-25T06:24:40+11:00,7178,Present,13399,"-37.81997970328647, 144.94329845570735"
2026-08-10T20:09:39+10:00,2026-03-23T17:11:42+11:00,7178,Present,13391,"-37.82005535295752, 144.94303831913783"
2026-08-10T20:09:39+10:00,2026-03-28T00:03:25+11:00,7178,Unoccupied,13439,"-37.82004168078604, 144.94340446656793"
2026-08-10T20:09:39+10:00,2026-03-24T11:03:06+11:00,7178,Present,13393,"-37.820039230062264, 144.94309376908998"
2026-08-10T20:09:39+10:00,2025-10-30T07:02:25+11:00,7197,Unoccupied,20873,"-37.81966487313244, 144.94522347505338"
2026-08-10T20:09:39+10:00,2026-03-25T08:46:06+11:00,7188,Present,17719,"-37.82036816663482, 144.93985984418407"
2026-08-10T20:09:39+10:00,2026-03-21T13:18:49+11:00,7267,Unoccupied,15102,"-37.821727559119736, 144.94347180726172"
2026-08-10T20:09:39+10:00,2026-03-21T19:37:03+11:00,7267,Unoccupied,15099,"-37.821829882537386, 144.94361796600532"
2026-08-10T20:09:39+10:00,2026-03-25T07:44:40+11:00,7185,Present,18615,"-37.82135419837688, 144.94467950111203"
2026-08-10T20:09:39+10:00,2026-03-24T11:13:00+11:00,7185,Present,18616,"-37.82136677476861, 144.94474255947222"
2026-08-10T20:09:39+10:00,2026-08-10T18:06:22+10:00,7210,Unoccupied,17323,"-37.81273813458455, 144.94008473692233"
2026-08-10T20:09:39+10:00,2026-08-10T16:52:37+10:00,7210,Unoccupied,17321,"-37.8124307860506, 144.94089421111102"
2026-08-10T20:09:39+10:00,2026-08-10T19:06:16+10:00,7210,Unoccupied,17332,"-37.81245577522808, 144.94082796419855"
2026-08-10T20:09:39+10:00,2026-03-01T16:21:47+11:00,7210,Unoccupied,17333,"-37.812398460108454, 144.94098060138185"
2026-08-10T20:09:39+10:00,2026-08-10T19:22:07+10:00,7210,Unoccupied,17322,"-37.81276050620322, 144.9400258211169"
2026-08-10T20:09:39+10:00,2026-08-10T17:57:55+10:00,7226,Present,23379,"-37.81327220575271, 144.94076869835573"
2026-08-10T20:09:39+10:00,2026-08-10T17:05:11+10:00,7226,Present,23380,"-37.81321970698011, 144.94073728837014"
2026-08-10T20:09:39+10:00,2026-08-10T19:50:23+10:00,7226,Present,23382,"-37.81311452447977, 144.94067298901103"
2026-08-10T20:09:39+10:00,2026-08-10T17:40:20+10:00,7226,Present,23384,"-37.81301135365827, 144.9406106906834"
2026-08-10T20:09:39+10:00,2026-08-10T19:47:29+10:00,7226,Unoccupied,23388,"-37.81281610038995, 144.94049356578773"
2026-08-10T20:09:39+10:00,2025-02-03T12:36:33+11:00,7712,Present,11368,"-37.804210079151204, 144.9554448621994"
2026-08-10T20:09:39+10:00,2025-02-07T06:40:02+11:00,7712,Unoccupied,11361,"-37.80401038133249, 144.95548075877602"
2026-08-10T20:09:39+10:00,2025-05-19T13:01:49+10:00,7712,Unoccupied,11367,"-37.804185104859556, 144.9554493513089"
2026-08-10T20:09:39+10:00,2025-02-07T09:04:43+11:00,7712,Unoccupied,11366,"-37.804160130998184, 144.95545384043996"
2026-08-10T20:09:39+10:00,2025-02-17T14:16:01+11:00,7712,Present,11365,"-37.804135156695956, 144.9554583295428"
2026-08-10T20:09:39+10:00,2025-02-08T11:58:48+11:00,7712,Unoccupied,11397,"-37.80535905739307, 144.95523830061256"
2026-08-10T20:09:39+10:00,2025-08-25T15:23:08+10:00,7712,Unoccupied,11400,"-37.805425952395794, 144.9552262757514"
2026-08-10T20:09:39+10:00,2025-06-01T13:12:23+10:00,7712,Present,11401,"-37.80544825087959, 144.95522226748386"
2026-08-10T20:09:39+10:00,2025-08-24T21:41:45+10:00,7712,Present,11402,"-37.80547054891274, 144.95521825918888"
2026-08-10T20:09:39+10:00,2025-06-01T13:24:29+10:00,7712,Unoccupied,11396,"-37.80533675890813, 144.9552423088943"
2026-08-10T20:09:39+10:00,2026-08-10T20:02:18+10:00,7156,Unoccupied,23949,"-37.81402281577406, 144.94249677884966"
2026-08-10T20:09:39+10:00,2026-08-10T20:06:26+10:00,7191,Unoccupied,23951,"-37.81381359654105, 144.94007461187073"
2026-08-10T20:09:39+10:00,2026-08-10T19:33:57+10:00,7191,Unoccupied,23952,"-37.81376197296319, 144.94020842149936"
2026-08-10T20:09:39+10:00,2026-08-10T19:57:32+10:00,7193,Present,15001,"-37.814487901283876, 144.93989158986483"
2026-08-10T20:09:39+10:00,2026-08-10T19:56:02+10:00,7193,Present,15006,"-37.81453906008801, 144.93992259354616"
2026-08-10T20:09:39+10:00,2026-08-10T17:39:44+10:00,7220,Present,14991,"-37.813104291670655, 144.93674327010285"
2026-08-10T20:09:39+10:00,2026-08-10T19:32:10+10:00,7220,Present,14998,"-37.81414342826124, 144.93736491809432"
2026-08-10T20:09:39+10:00,2026-08-10T20:04:11+10:00,7220,Unoccupied,14997,"-37.81443301063047, 144.9375402290621"
2026-08-10T20:09:39+10:00,2026-08-10T19:52:09+10:00,7220,Present,14994,"-37.81428979308582, 144.9374532925529"
2026-08-10T20:09:39+10:00,2026-08-10T17:26:24+10:00,7261,Present,14795,"-37.81276044533954, 144.9365268912452"
2026-08-10T20:09:39+10:00,2026-08-10T18:11:20+10:00,7220,Present,14996,"-37.81424102885472, 144.9374236351444"
2026-08-10T20:09:39+10:00,2026-08-10T16:59:24+10:00,7261,Present,14794,"-37.81270846847291, 144.93649542397023"
2026-08-10T20:09:39+10:00,2026-08-09T17:03:54+10:00,7232,Unoccupied,18204,"-37.81344584496112, 144.9392419546055"
2026-08-10T20:09:39+10:00,2026-08-09T16:32:18+10:00,7232,Unoccupied,24004,"-37.813702305712596, 144.93951655864066"
2026-08-10T20:09:39+10:00,2026-08-10T20:01:36+10:00,7195,Present,24280,"-37.81327536546101, 144.94199296361913"
2026-08-10T20:09:39+10:00,2026-08-10T15:38:45+10:00,7170,Unoccupied,13444,"-37.81961385206357, 144.94424841015024"
2026-08-10T20:09:39+10:00,2026-08-10T18:26:28+10:00,7725,Present,9615,"-37.80409427609854, 144.94934437180626"
2026-08-10T20:09:39+10:00,2026-08-10T18:16:43+10:00,7753,Unoccupied,9620,"-37.804981358709085, 144.94869750073525"
2026-08-10T20:09:39+10:00,2026-08-10T17:30:50+10:00,7753,Present,9621,"-37.804978220013204, 144.9486693904018"
2026-08-10T20:09:39+10:00,2024-06-27T16:25:59+10:00,7753,Unoccupied,9645,"-37.80508173668994, 144.9486606766646"
2026-08-10T20:09:39+10:00,2025-07-07T13:13:36+10:00,7752,Unoccupied,10678,"-37.80560674472771, 144.9543577623706"
2026-08-10T20:09:39+10:00,2025-09-11T00:00:59+10:00,7726,Present,11792,"-37.800379988576154, 144.95560825525052"
2026-08-10T20:09:39+10:00,2026-08-10T19:47:39+10:00,7728,Unoccupied,12029,"-37.798338082915045, 144.9530434331918"
2026-08-10T20:09:39+10:00,2026-08-10T13:46:36+10:00,7160,Unoccupied,15024,"-37.813842991341765, 144.94112476903723"
2026-08-10T20:09:39+10:00,2026-04-02T07:15:43+11:00,7766,Unoccupied,12082,"-37.80043568759527, 144.9538722936449"
2026-08-10T20:09:39+10:00,2026-04-02T08:10:37+11:00,7766,Present,12079,"-37.80055575892091, 144.95372002436"
2026-08-10T20:09:39+10:00,2026-04-22T08:58:48+10:00,7766,Present,16174,"-37.80059580560131, 144.95366943998505"
2026-08-10T20:09:39+10:00,2026-08-10T16:13:57+10:00,7757,Present,22022,"-37.79921728447782, 144.95361915083737"
2026-08-10T20:09:39+10:00,2024-12-25T16:15:08+11:00,7184,Unoccupied,17342,"-37.821134546266755, 144.94670364133466"
2026-08-10T20:09:39+10:00,2026-03-11T06:57:55+11:00,7186,Present,15096,"-37.821337911719226, 144.94386644680426"
2026-08-10T20:09:39+10:00,2026-08-10T19:45:05+10:00,7197,Present,20913,"-37.82050897624245, 144.94553800007716"
2026-08-10T20:09:39+10:00,2024-12-25T13:57:40+11:00,7202,Unoccupied,20601,"-37.82036084918549, 144.94716161244844"
2026-08-10T20:09:39+10:00,2024-12-25T11:14:27+11:00,7202,Unoccupied,21490,"-37.81974639130393, 144.9469095366655"
2026-08-10T20:09:39+10:00,2026-07-31T13:14:02+10:00,7229,Present,18609,"-37.8212710393899, 144.95103263283488"
2026-08-10T20:09:39+10:00,2026-08-10T17:00:57+10:00,7161,Present,20580,"-37.82109882550872, 144.95167244390558"
2026-08-10T20:09:39+10:00,2026-08-10T13:09:02+10:00,7161,Present,20582,"-37.82119052550672, 144.9517446419496"
2026-08-10T20:09:39+10:00,2024-12-25T12:46:55+11:00,7165,Present,15335,"-37.8187600792066, 144.94786205769583"
2026-08-10T20:09:39+10:00,2024-12-25T15:55:52+11:00,7165,Present,15297,"-37.81879598802617, 144.94773866306133"
2026-08-10T20:09:39+10:00,2026-05-09T23:07:03+10:00,7173,Unoccupied,13465,"-37.81932658145388, 144.94556048401455"
2026-08-10T20:09:39+10:00,2026-03-27T17:34:48+11:00,7173,Unoccupied,13454,"-37.819511884723795, 144.94492009023043"
2026-08-10T20:09:39+10:00,2025-12-30T18:58:30+11:00,7173,Unoccupied,13450,"-37.81955547738714, 144.94476935934006"
2026-08-10T20:09:39+10:00,2026-06-10T08:28:12+10:00,7173,Unoccupied,13470,"-37.819280182601176, 144.94572153087861"
2026-08-10T20:09:39+10:00,2026-07-05T10:37:06+10:00,7173,Unoccupied,13467,"-37.81930770047215, 144.94562615745838"
2026-08-10T20:09:39+10:00,2026-03-25T08:35:40+11:00,7178,Present,13404,"-37.819928185081864, 144.94347559820022"
2026-08-10T20:09:39+10:00,2026-03-24T11:54:46+11:00,7178,Present,13398,"-37.819987727054716, 144.94327086306834"
2026-08-10T20:09:39+10:00,2026-03-25T10:10:00+11:00,7178,Present,13389,"-37.820071479458605, 144.94298286916285"
2026-08-10T20:09:39+10:00,2026-03-25T05:01:16+11:00,7188,Present,17712,"-37.82016212885024, 144.93932207496923"
2026-08-10T20:09:39+10:00,2026-03-22T07:22:17+11:00,7188,Unoccupied,17714,"-37.82012786376523, 144.93917896948417"
2026-08-10T20:09:39+10:00,2026-03-23T14:00:18+11:00,7188,Present,17711,"-37.82017773180296, 144.93938718972916"
2026-08-10T20:09:39+10:00,2026-03-25T07:45:47+11:00,7185,Present,18614,"-37.82134017031514, 144.94461717474638"
2026-08-10T20:09:39+10:00,2026-06-14T16:06:52+10:00,7226,Present,23386,"-37.81291378884782, 144.94055147494873"
2026-08-10T20:09:39+10:00,2026-08-10T17:44:22+10:00,7191,Present,15326,"-37.813785369878, 144.94014689679244"
2026-08-10T20:09:39+10:00,2026-08-10T19:53:32+10:00,7191,Unoccupied,15324,"-37.81383752676466, 144.94001000803172"
2026-08-10T20:09:39+10:00,2026-08-10T19:49:04+10:00,7261,Present,16789,"-37.812919869542895, 144.93662218231873"
2026-08-10T20:09:39+10:00,2026-08-10T18:07:05+10:00,7220,Present,14993,"-37.81433845861139, 144.93748277187038"
2026-08-10T20:09:39+10:00,2026-08-10T19:26:38+10:00,7232,Present,18066,"-37.813509381874255, 144.93939985108887"
2026-08-10T20:09:39+10:00,2026-08-10T16:24:14+10:00,7195,Present,24276,"-37.81318157593854, 144.94223839128688"
2026-08-10T20:09:39+10:00,2026-08-10T19:09:34+10:00,7266,Unoccupied,18642,"-37.80884023488097, 144.97292082569246"
2026-08-10T20:09:39+10:00,2026-08-10T18:15:04+10:00,7265,Present,17961,"-37.809991277464036, 144.9727355959888"
2026-08-10T20:09:39+10:00,2026-08-10T16:15:09+10:00,7265,Present,17964,"-37.81015219787814, 144.97271136949473"
2026-08-10T20:09:39+10:00,2026-08-10T19:25:56+10:00,7265,Unoccupied,17962,"-37.81004472092478, 144.9727274733333"
2026-08-10T20:09:39+10:00,2026-08-09T07:51:27+10:00,,Present,63613,"-37.81290917979874, 144.96746268435092"
2026-08-10T20:09:39+10:00,2026-08-10T20:03:03+10:00,7348,Present,21510,"-37.83475669273402, 144.9753474904979"
2026-08-10T20:09:39+10:00,2026-08-10T19:56:52+10:00,7348,Present,21511,"-37.83476561110477, 144.9754161003376"
2026-08-10T20:09:39+10:00,2026-08-10T19:54:12+10:00,7348,Present,21512,"-37.8347745605505, 144.97548425618373"
2026-08-10T20:09:39+10:00,2026-08-08T10:13:33+10:00,7348,Unoccupied,21513,"-37.8347833916472, 144.97555188557072"
2026-08-10T20:09:39+10:00,2026-08-10T19:49:26+10:00,7348,Unoccupied,21516,"-37.834810008289466, 144.9757558556579"
2026-08-10T20:09:39+10:00,2026-08-10T15:21:55+10:00,7348,Unoccupied,21524,"-37.835008253200314, 144.9772741358588"
2026-08-10T20:09:39+10:00,2026-08-09T12:15:44+10:00,7348,Unoccupied,21525,"-37.835017137731064, 144.977342242958"
2026-08-10T20:09:39+10:00,2026-08-10T14:13:27+10:00,7348,Unoccupied,21526,"-37.83502608038235, 144.9774106116063"
2026-08-10T20:09:39+10:00,2026-08-09T09:49:42+10:00,7348,Unoccupied,21528,"-37.83504393491668, 144.97754764617855"
2026-08-10T20:09:39+10:00,2026-08-10T15:51:27+10:00,7348,Unoccupied,21531,"-37.835070725093786, 144.97775262386838"
2026-08-10T20:09:39+10:00,2026-08-10T18:07:01+10:00,7348,Unoccupied,21535,"-37.83511519077207, 144.9780932727994"
2026-08-10T20:09:39+10:00,2026-08-08T19:59:03+10:00,7348,Unoccupied,21536,"-37.83512361002232, 144.97815746257618"
2026-08-10T20:09:39+10:00,2026-08-10T08:28:01+10:00,7348,Unoccupied,21537,"-37.83513199392105, 144.9782221754694"
2026-08-10T20:09:39+10:00,2026-08-10T19:29:03+10:00,7454,Present,60026,"-37.815765325423385, 144.9728758353579"
2026-08-10T20:09:39+10:00,2026-08-10T20:03:12+10:00,7436,Unoccupied,60136,"-37.81633778637632, 144.97159447871752"
2026-08-10T20:09:39+10:00,2026-08-10T18:43:26+10:00,7436,Present,60133,"-37.81628062406019, 144.97178578493475"
2026-08-10T20:09:39+10:00,2026-08-10T19:41:48+10:00,7436,Present,60137,"-37.81635684169974, 144.97153070955025"
2026-08-10T20:09:39+10:00,2026-08-10T10:29:32+10:00,7436,Unoccupied,60134,"-37.816299678207656, 144.97172201927918"
2026-08-10T20:09:39+10:00,2026-08-03T16:12:08+10:00,7436,Unoccupied,60139,"-37.81639652425794, 144.97139789783475"
2026-08-10T20:09:39+10:00,2026-08-10T18:21:19+10:00,7451,Present,60218,"-37.81701084974982, 144.96864635503948"
2026-08-10T20:09:39+10:00,2026-08-10T18:16:16+10:00,7451,Present,60222,"-37.81709470130369, 144.9683617991356"
2026-08-10T20:09:39+10:00,2026-03-16T17:46:05+11:00,7452,Present,60226,"-37.817169372511195, 144.96810842559273"
2026-08-10T20:09:39+10:00,2026-08-10T20:06:15+10:00,7451,Present,60221,"-37.817075885100294, 144.96842568827884"
2026-08-10T20:09:39+10:00,2024-08-10T20:02:33+10:00,7452,Unoccupied,60228,"-37.81721448155689, 144.96795514055805"
2026-08-10T20:09:39+10:00,2026-01-26T06:09:06+11:00,,Unoccupied,60244,"-37.81722164040342, 144.96860538499686"
2026-08-10T20:09:39+10:00,2026-08-08T18:16:17+10:00,,Unoccupied,60245,"-37.8172423412333, 144.96853430210422"
2026-08-10T20:09:39+10:00,2026-08-10T19:05:39+10:00,7423,Present,60836,"-37.81451506643333, 144.97372858387934"
2026-08-10T20:09:39+10:00,2026-08-10T17:48:25+10:00,7423,Present,60837,"-37.81453864949547, 144.97364818545256"
2026-08-10T20:09:39+10:00,2026-08-10T16:06:43+10:00,7423,Present,60838,"-37.814563533541275, 144.97356281055005"
2026-08-10T20:09:39+10:00,2026-08-10T19:41:07+10:00,,Unoccupied,61135,"-37.81671390060552, 144.96623196365874"
2026-08-10T20:09:39+10:00,2026-08-10T19:34:58+10:00,7450,Present,61151,"-37.81709660795699, 144.9649217246474"
2026-08-10T20:09:39+10:00,2024-12-24T12:28:17+11:00,,Unoccupied,61145,"-37.81694979916195, 144.96542248354993"
2026-08-10T20:09:39+10:00,2026-08-10T19:28:34+10:00,7412,Present,60942,"-37.815166860713134, 144.97149368471682"
2026-08-10T20:09:39+10:00,2026-08-10T18:31:05+10:00,7363,Present,61848,"-37.81472462019704, 144.96945071458146"
2026-08-10T20:09:39+10:00,2026-08-10T19:59:27+10:00,7363,Unoccupied,61847,"-37.81470252321151, 144.96952517898953"
2026-08-10T20:09:39+10:00,2025-04-17T09:36:20+10:00,7190,Present,62051,"-37.81587339567721, 144.96551600146694"
2026-08-10T20:09:39+10:00,2026-08-10T19:42:41+10:00,7190,Present,62065,"-37.81615408033775, 144.9645522505158"
2026-08-10T20:09:39+10:00,2026-08-10T19:57:18+10:00,7189,Present,62059,"-37.816023578231906, 144.96500119446284"
2026-08-10T20:09:39+10:00,2026-08-10T19:27:21+10:00,7190,Present,62027,"-37.81593653016311, 144.9647463746411"
2026-08-10T20:09:39+10:00,2026-08-10T18:58:22+10:00,7190,Present,62028,"-37.8159552792182, 144.96468246233997"
2026-08-10T20:09:39+10:00,2026-08-10T18:42:45+10:00,7190,Present,62030,"-37.81599840255207, 144.96453548362558"
2026-08-10T20:09:39+10:00,2026-08-10T19:33:52+10:00,7190,Present,62031,"-37.816020983773086, 144.9644587885271"
2026-08-10T20:09:39+10:00,2025-11-21T06:02:57+11:00,7356,Unoccupied,61952,"-37.815166479569896, 144.96793309081687"
2026-08-10T20:09:39+10:00,2025-11-12T06:21:11+11:00,7356,Present,61931,"-37.81522806872016, 144.9671703298716"
2026-08-10T20:09:39+10:00,2025-11-12T06:41:06+11:00,7359,Unoccupied,61913,"-37.81487711702359, 144.9683660160545"
2026-08-10T20:09:39+10:00,2025-11-12T06:44:44+11:00,7359,Present,61924,"-37.81508331085854, 144.9676622616073"
2026-08-10T20:09:39+10:00,2025-11-12T07:02:49+11:00,7359,Unoccupied,61915,"-37.81491466165707, 144.96823782973135"
2026-08-10T20:09:39+10:00,2025-11-12T11:14:59+11:00,7359,Unoccupied,61922,"-37.81504586009345, 144.96779000312512"
2026-08-10T20:09:39+10:00,2025-11-12T06:30:31+11:00,7359,Present,61912,"-37.8148583618696, 144.96842999036193"
2026-08-10T20:09:39+10:00,2025-11-12T07:09:14+11:00,7359,Present,61950,"-37.815128610767, 144.96806244045393"
2026-08-10T20:09:39+10:00,2025-11-12T07:00:09+11:00,7359,Present,61943,"-37.814987607190886, 144.9685434667755"
2026-08-10T20:09:39+10:00,2025-11-12T06:48:33+11:00,7356,Present,61933,"-37.81527606682237, 144.96700621790194"
2026-08-10T20:09:39+10:00,2026-08-10T20:07:12+10:00,,Unoccupied,61736,"-37.81380175104609, 144.9725807720974"
2026-08-10T20:09:39+10:00,2026-08-10T19:56:17+10:00,7360,Present,61716,"-37.81370224973713, 144.97236739462636"
2026-08-10T20:09:39+10:00,2026-08-10T19:49:11+10:00,7366,Unoccupied,61710,"-37.81358460771658, 144.97276665909857"
2026-08-10T20:09:39+10:00,2026-08-10T18:21:48+10:00,7366,Present,61737,"-37.81382164650383, 144.97251252259366"
2026-08-10T20:09:39+10:00,2026-08-10T19:45:28+10:00,7360,Present,61718,"-37.813747716292895, 144.97221188360052"
2026-08-10T20:09:39+10:00,2026-08-10T17:29:59+10:00,7345,Present,63618,"-37.81302149849634, 144.967181727001"
2026-08-10T20:09:39+10:00,2026-08-10T20:07:41+10:00,7345,Unoccupied,63621,"-37.81307817390757, 144.9669889829218"
2026-08-10T20:09:39+10:00,2026-08-10T19:39:38+10:00,7345,Present,63622,"-37.81309727475635, 144.96692402484877"
2026-08-10T20:09:39+10:00,2026-08-10T17:24:47+10:00,7345,Unoccupied,63624,"-37.813134848994366, 144.96679623973978"
2026-08-10T20:09:39+10:00,2026-08-10T19:26:35+10:00,7345,Present,63625,"-37.813153635609424, 144.9667323471255"
2026-08-10T20:09:39+10:00,2026-08-10T16:03:40+10:00,,Unoccupied,63610,"-37.812851171184576, 144.96766091552885"
2026-08-10T20:09:39+10:00,2026-08-10T18:57:24+10:00,7579,Present,63432,"-37.81169298008376, 144.9721732663594"
2026-08-10T20:09:39+10:00,2026-08-10T19:51:26+10:00,7343,Present,63424,"-37.81182606177407, 144.97116208822183"
2026-08-10T20:09:39+10:00,2026-08-10T20:07:37+10:00,,Unoccupied,63422,"-37.81176665867656, 144.97136433873743"
2026-08-10T20:09:39+10:00,2026-03-21T17:31:03+11:00,7579,Unoccupied,63418,"-37.811669772161466, 144.97169211502285"
2026-08-10T20:09:39+10:00,2026-08-10T10:57:54+10:00,7343,Unoccupied,63423,"-37.811808283287085, 144.9712227762285"
2026-08-10T20:09:39+10:00,2026-08-10T19:46:54+10:00,7507,Present,62873,"-37.81406750223225, 144.96764234105655"
2026-08-10T20:09:39+10:00,2026-08-10T18:12:50+10:00,7529,Present,62756,"-37.813641144701464, 144.9691289769056"
2026-08-10T20:09:39+10:00,2026-08-10T19:39:05+10:00,7529,Present,62757,"-37.8136598375073, 144.96906482232941"
2026-08-10T20:09:39+10:00,2026-08-10T19:58:21+10:00,7529,Unoccupied,62712,"-37.81317358128244, 144.97053897697958"
2026-08-10T20:09:39+10:00,2026-08-10T18:17:24+10:00,7533,Present,62658,"-37.81282049175118, 144.9718874027827"
2026-08-10T20:09:39+10:00,2026-08-06T14:58:46+10:00,,Present,62655,"-37.81276100620035, 144.97209067275935"
2026-08-10T20:09:39+10:00,2026-08-10T20:01:48+10:00,7533,Present,62661,"-37.81286923126099, 144.97172047337548"
2026-08-10T20:09:39+10:00,2026-08-10T18:40:42+10:00,7533,Present,62662,"-37.81288751437722, 144.97165817666922"
2026-08-10T20:09:39+10:00,2026-08-10T18:28:26+10:00,7512,Present,62643,"-37.81250642470439, 144.9729607114529"
2026-08-10T20:09:39+10:00,2026-08-10T17:32:04+10:00,7400,Present,50933,"-37.81355835852405, 144.97116325664155"
2026-08-10T20:09:39+10:00,2026-08-10T19:48:17+10:00,7399,Present,50911,"-37.81366170756083, 144.97137962133522"
2026-08-10T20:09:39+10:00,2026-08-10T19:55:07+10:00,7399,Present,50912,"-37.813613911074796, 144.9713575687406"
2026-08-10T20:09:39+10:00,2026-08-10T17:59:59+10:00,,Present,50934,"-37.8135038414477, 144.97113785862933"
2026-08-10T20:09:39+10:00,2026-08-10T19:46:16+10:00,7411,Present,51017,"-37.812540032912196, 144.97086191240862"
2026-08-10T20:09:39+10:00,2026-08-10T19:39:53+10:00,,Unoccupied,51015,"-37.81264916878783, 144.97091226679726"
2026-08-10T20:09:39+10:00,2026-08-10T18:21:53+10:00,7411,Present,51019,"-37.81242578888708, 144.97080914791258"
2026-08-10T20:09:39+10:00,2026-08-10T19:59:52+10:00,7411,Unoccupied,51018,"-37.81248502127751, 144.97083654772769"
2026-08-10T20:09:39+10:00,2026-08-10T18:28:37+10:00,7628,Present,51814,"-37.814264881395786, 144.96889419617943"
2026-08-10T20:09:39+10:00,2026-08-10T15:49:12+10:00,,Present,51813,"-37.81431568452783, 144.968917483881"
2026-08-10T20:09:39+10:00,2026-08-10T19:33:25+10:00,7628,Present,51815,"-37.81421407825971, 144.96887091645692"
2026-08-10T20:09:39+10:00,2025-12-08T12:32:39+11:00,,Unoccupied,51811,"-37.81441729985575, 144.96896406095732"
2026-08-10T20:09:39+10:00,2026-08-10T19:11:46+10:00,7638,Present,51925,"-37.81355383064921, 144.96844271755066"
2026-08-10T20:09:39+10:00,2026-08-10T20:02:49+10:00,7638,Present,51937,"-37.81322788639255, 144.96829312030158"
2026-08-10T20:09:39+10:00,2026-08-10T19:57:33+10:00,7638,Present,51922,"-37.813645541093216, 144.96848423441904"
2026-08-10T20:09:39+10:00,2026-08-10T19:51:09+10:00,7638,Unoccupied,51923,"-37.81362355924437, 144.96847414382043"
2026-08-10T20:09:39+10:00,2026-08-10T19:32:11+10:00,7638,Present,51938,"-37.81320477024501, 144.96828258253169"
2026-08-10T20:09:39+10:00,2026-08-10T18:40:14+10:00,7638,Present,51927,"-37.81350740460786, 144.96842159734933"
2026-08-10T20:09:39+10:00,2026-08-10T19:52:44+10:00,7638,Present,51936,"-37.81325032534858, 144.9683033907497"
2026-08-10T20:09:39+10:00,2026-08-10T18:49:44+10:00,7320,Present,63531,"-37.81260578300345, 144.96851113908832"
2026-08-10T20:09:39+10:00,2026-08-10T18:55:29+10:00,7334,Present,63510,"-37.81213414640016, 144.97011258637718"
2026-08-10T20:09:39+10:00,2026-08-10T18:06:26+10:00,7334,Present,63539,"-37.8122473661557, 144.9702796616983"
2026-08-10T20:09:39+10:00,2026-08-10T20:07:09+10:00,7334,Present,63540,"-37.81226616014763, 144.97021577743828"
2026-08-10T20:09:39+10:00,2026-08-10T19:14:16+10:00,7725,Present,9589,"-37.803684670588936, 144.94960779284747"
2026-08-10T20:09:39+10:00,2026-08-10T20:01:56+10:00,7725,Unoccupied,9590,"-37.80363146104051, 144.9496171860684"
2026-08-10T20:09:39+10:00,2026-08-10T20:03:53+10:00,7725,Unoccupied,9582,"-37.804103389009754, 144.9495339978901"
2026-08-10T20:09:39+10:00,2026-08-10T18:43:04+10:00,7645,Present,50222,"-37.81273759258164, 144.9735524921705"
2026-08-10T20:09:39+10:00,2026-08-10T19:50:52+10:00,7645,Present,50223,"-37.812688235954425, 144.97353028528548"
2026-08-10T20:09:39+10:00,2026-08-10T19:28:42+10:00,7645,Present,50211,"-37.81270519385639, 144.97378582031484"
2026-08-10T20:09:39+10:00,2025-04-15T22:18:39+10:00,7648,Unoccupied,50015,"-37.81469213907302, 144.97470510774372"
2026-08-10T20:09:39+10:00,2026-02-06T10:54:55+11:00,7648,Present,50018,"-37.81452914354371, 144.97462955185944"
2026-08-10T20:09:39+10:00,2026-08-10T19:21:24+10:00,7659,Present,50126,"-37.81393430955272, 144.9741384033004"
2026-08-10T20:09:39+10:00,2026-08-10T16:44:45+10:00,7636,Present,51734,"-37.81513201737133, 144.96917035439546"
2026-08-10T20:09:39+10:00,2026-08-10T18:45:16+10:00,7636,Present,51733,"-37.81515350387129, 144.96917989417204"
2026-08-10T20:09:39+10:00,2026-08-10T20:00:55+10:00,,Unoccupied,51750,"-37.815243191850584, 144.96910117534844"
2026-08-10T20:09:39+10:00,2026-08-09T13:56:38+10:00,7630,Unoccupied,51618,"-37.81595891567474, 144.96967488875265"
2026-08-10T20:09:39+10:00,2026-08-10T19:39:07+10:00,7630,Unoccupied,51617,"-37.81601454920161, 144.96970070161825"
2026-08-10T20:09:39+10:00,2026-08-10T20:04:22+10:00,7631,Present,51634,"-37.81631973757882, 144.96959523608422"
2026-08-10T20:09:39+10:00,2025-09-14T12:14:28+10:00,7630,Unoccupied,51635,"-37.81624312678647, 144.96955996202877"
2026-08-10T20:09:39+10:00,2026-08-10T19:29:26+10:00,7631,Unoccupied,51632,"-37.81644117492837, 144.96965120384647"
2026-08-10T20:09:39+10:00,2026-08-10T17:53:17+10:00,7630,Unoccupied,51637,"-37.81613310227557, 144.9695092772621"
2026-08-10T20:09:39+10:00,2026-07-08T07:46:45+10:00,7510,Unoccupied,64461,"-37.81231686828255, 144.96603456946735"
2026-08-10T20:09:39+10:00,2026-07-08T07:08:53+10:00,7514,Present,64565,"-37.812897706090766, 144.96404000230802"
2026-08-10T20:09:39+10:00,2026-07-08T07:47:08+10:00,7514,Present,64570,"-37.81306881953495, 144.9634527950977"
2026-08-10T20:09:39+10:00,2026-07-08T08:03:43+10:00,7514,Unoccupied,64558,"-37.81274639126251, 144.96455394093988"
2026-08-10T20:09:39+10:00,2026-08-10T17:30:00+10:00,7538,Present,64266,"-37.810922428323394, 144.97079463705296"
2026-08-10T20:09:39+10:00,2025-05-20T20:37:26+10:00,7559,Unoccupied,64235,"-37.81090164460444, 144.97069246821482"
2026-08-10T20:09:39+10:00,2026-08-10T18:03:54+10:00,7559,Present,64212,"-37.81042836953134, 144.97230161564173"
2026-08-10T20:09:39+10:00,2026-08-10T19:40:06+10:00,,Unoccupied,64247,"-37.81047838708219, 144.97230467867075"
2026-08-10T20:09:39+10:00,2026-08-10T18:00:59+10:00,7538,Present,64224,"-37.81068226405352, 144.97143921074053"
2026-08-10T20:09:39+10:00,2026-08-10T19:36:23+10:00,7413,Present,51012,"-37.81280696343559, 144.97098505885344"
2026-08-10T20:09:39+10:00,2026-08-10T17:16:10+10:00,7733,Present,9576,"-37.80452046129158, 144.94946032867392"
2026-08-10T20:09:39+10:00,2026-08-10T18:58:47+10:00,7733,Present,9577,"-37.80446544036628, 144.94947086617978"
2026-08-10T20:09:39+10:00,2026-08-10T19:23:07+10:00,7626,Present,52011,"-37.812458103956, 144.96806321950226"
2026-08-10T20:09:39+10:00,2026-08-10T18:52:57+10:00,,Present,52018,"-37.811950188615235, 144.96783344299544"
2026-08-10T20:09:39+10:00,2026-08-10T20:03:34+10:00,7560,Unoccupied,65956,"-37.809329150823274, 144.96857401109276"
2026-08-10T20:09:39+10:00,2026-08-10T19:24:26+10:00,7560,Present,65951,"-37.80924291821428, 144.96886730688124"
2026-08-10T20:09:39+10:00,2026-08-10T18:47:10+10:00,7273,Unoccupied,50625,"-37.80823242099734, 144.97172585342287"
2026-08-10T20:09:39+10:00,2026-08-10T19:28:53+10:00,7274,Unoccupied,50678,"-37.80819872081621, 144.97146215335894"
2026-08-10T20:09:39+10:00,2026-08-10T12:36:06+10:00,7273,Unoccupied,50652,"-37.808256165115196, 144.97161362836698"
2026-08-10T20:09:39+10:00,2026-08-10T18:14:59+10:00,7273,Unoccupied,50624,"-37.808283042866265, 144.97174889865346"
2026-08-10T20:09:39+10:00,2026-08-10T17:38:44+10:00,7273,Unoccupied,50656,"-37.80816240165049, 144.97157039444292"
2026-08-10T20:09:39+10:00,2026-08-10T18:08:02+10:00,7273,Unoccupied,50650,"-37.80830032162881, 144.97163415057753"
2026-08-10T20:09:39+10:00,2026-08-10T17:57:06+10:00,7273,Unoccupied,50626,"-37.80818100048621, 144.97170218623882"
2026-08-10T20:09:39+10:00,2026-08-10T19:27:21+10:00,7274,Unoccupied,50679,"-37.80813917824753, 144.9714346925275"
2026-08-10T20:09:39+10:00,2026-08-10T18:51:12+10:00,7649,Unoccupied,50664,"-37.809037522981974, 144.97184785392136"
2026-08-10T20:09:39+10:00,2026-08-10T20:05:07+10:00,7649,Unoccupied,50667,"-37.808886411089446, 144.97177809276388"
2026-08-10T20:09:39+10:00,2026-08-10T15:30:09+10:00,7649,Unoccupied,50641,"-37.80863676590235, 144.97178858752375"
2026-08-10T20:09:39+10:00,2026-08-10T16:31:16+10:00,7649,Unoccupied,50638,"-37.80873103783026, 144.9718318695339"
2026-08-10T20:09:39+10:00,2026-08-10T14:45:21+10:00,7649,Unoccupied,50635,"-37.80880200217635, 144.97186447735396"
2026-08-10T20:09:39+10:00,2026-08-10T20:03:31+10:00,7649,Present,50645,"-37.80854402111967, 144.97174607257597"
2026-08-10T20:09:39+10:00,2025-10-31T09:03:46+11:00,7672,Unoccupied,50672,"-37.80863462181725, 144.9716617913952"
2026-08-10T20:09:39+10:00,2026-08-10T17:33:46+10:00,,Unoccupied,50661,"-37.80918881786499, 144.97191773220703"
2026-08-10T20:09:39+10:00,2026-08-09T22:10:34+10:00,7275,Unoccupied,50675,"-37.80834950252704, 144.97152922756635"
2026-08-10T20:09:39+10:00,2026-08-10T17:48:25+10:00,7639,Present,52223,"-37.8103941257034, 144.96699783693825"
2026-08-10T20:09:39+10:00,2026-08-10T18:28:01+10:00,7639,Present,52232,"-37.8101876339628, 144.96690220578893"
2026-08-10T20:09:39+10:00,2026-08-10T18:52:21+10:00,7639,Present,52231,"-37.81021089093612, 144.9669129755109"
2026-08-10T20:09:39+10:00,2026-08-10T19:41:11+10:00,7640,Present,52245,"-37.810431120639905, 144.96688538841744"
2026-08-10T20:09:39+10:00,2026-08-10T19:51:54+10:00,7640,Present,52247,"-37.81032948087469, 144.9668389313935"
2026-08-10T20:09:39+10:00,2026-08-10T16:30:32+10:00,7563,Unoccupied,65838,"-37.808989664207985, 144.9696095894605"
2026-08-10T20:09:39+10:00,2026-08-10T15:55:14+10:00,7548,Unoccupied,65852,"-37.808765652381865, 144.9705516877205"
2026-08-10T20:09:39+10:00,2026-08-10T16:46:24+10:00,7561,Unoccupied,65816,"-37.80857213624661, 144.9710466210087"
2026-08-10T20:09:39+10:00,2026-08-10T20:06:47+10:00,7561,Present,65835,"-37.80893402031106, 144.96980158069755"
2026-08-10T20:09:39+10:00,2026-08-10T20:04:28+10:00,7563,Unoccupied,65839,"-37.8090085191715, 144.96954458956648"
2026-08-10T20:09:39+10:00,2026-08-10T18:41:30+10:00,,Present,65846,"-37.80865536322108, 144.9709331569701"
2026-08-10T20:09:39+10:00,2026-08-10T20:03:29+10:00,7561,Unoccupied,65823,"-37.808688713900466, 144.97064683077053"
2026-08-10T20:09:39+10:00,2026-08-10T20:05:52+10:00,7541,Unoccupied,65864,"-37.80899418833464, 144.96976550716437"
2026-08-10T20:09:39+10:00,2026-08-10T15:11:53+10:00,7563,Unoccupied,65812,"-37.8084970772687, 144.97130697908918"
2026-08-10T20:09:39+10:00,2026-08-10T19:42:33+10:00,7548,Present,65853,"-37.80878448812302, 144.97048656633723"
2026-08-10T20:09:39+10:00,2026-08-10T13:18:48+10:00,7548,Unoccupied,65849,"-37.808710199143206, 144.97074350414226"
2026-08-10T20:09:39+10:00,2026-08-10T20:04:49+10:00,7561,Unoccupied,65822,"-37.80867133402634, 144.9707064334778"
2026-08-10T20:09:39+10:00,2026-08-10T17:12:10+10:00,7548,Unoccupied,65851,"-37.8087471415161, 144.97061560119926"
2026-08-10T20:09:39+10:00,2026-08-10T19:10:15+10:00,7563,Present,65837,"-37.80897111670238, 144.96967358921987"
2026-08-10T20:09:39+10:00,2026-08-10T19:55:07+10:00,7541,Present,65867,"-37.80905010694451, 144.96957362357503"
2026-08-10T20:09:39+10:00,2026-08-10T18:05:59+10:00,7329,Present,53818,"-37.818033178884235, 144.96273290765708"
2026-08-10T20:09:39+10:00,2026-08-10T19:09:39+10:00,7331,Present,53816,"-37.81813881692696, 144.96278077148582"
2026-08-10T20:09:39+10:00,2026-08-10T18:19:08+10:00,7329,Unoccupied,53820,"-37.81791428652916, 144.96267903559766"
2026-08-10T20:09:39+10:00,2026-05-25T14:53:12+10:00,,Unoccupied,64134,"-37.81656028873411, 144.95546350988394"
2026-08-10T20:09:39+10:00,2026-08-10T15:38:56+10:00,7377,Present,57721,"-37.819994917407186, 144.9556426084228"
2026-08-10T20:09:39+10:00,2026-08-10T18:59:38+10:00,7377,Unoccupied,57720,"-37.820041408012244, 144.9556639590486"
2026-08-10T20:09:39+10:00,2026-08-10T17:40:06+10:00,7339,Present,63923,"-37.81548431361455, 144.95861279393944"
2026-08-10T20:09:39+10:00,2026-08-10T19:59:15+10:00,7354,Unoccupied,62416,"-37.81853717941904, 144.95573016418047"
2026-08-10T20:09:39+10:00,2026-08-10T18:49:31+10:00,7357,Unoccupied,62411,"-37.818445354787656, 144.9560505543605"
2026-08-10T20:09:39+10:00,2026-02-13T09:48:55+11:00,7416,Present,61245,"-37.817666111265154, 144.9629407575873"
2026-08-10T20:09:39+10:00,2026-02-13T23:38:28+11:00,7415,Present,61243,"-37.81762950144717, 144.96306901288006"
2026-08-10T20:09:39+10:00,2025-09-13T08:00:26+10:00,7415,Unoccupied,61241,"-37.81759364574171, 144.96319459325719"
2026-08-10T20:09:39+10:00,2026-02-13T09:14:41+11:00,7416,Unoccupied,61249,"-37.817738497859075, 144.96268705572254"
2026-08-10T20:09:39+10:00,2026-02-13T09:05:23+11:00,7415,Unoccupied,61242,"-37.817611198618394, 144.96313312388034"
2026-08-10T20:09:39+10:00,2026-08-10T19:50:50+10:00,7433,Unoccupied,60717,"-37.820626724743164, 144.95615557510467"
2026-08-10T20:09:39+10:00,2026-08-10T17:50:21+10:00,7438,Unoccupied,60736,"-37.820768853208214, 144.9565177418101"
2026-08-10T20:09:39+10:00,2026-08-10T17:16:22+10:00,7438,Present,60733,"-37.820641488195506, 144.9569432240824"
2026-08-10T20:09:39+10:00,2026-08-10T19:36:10+10:00,7438,Present,60738,"-37.82080343113989, 144.95639823680943"
2026-08-10T20:09:39+10:00,2026-08-10T17:11:50+10:00,7434,Present,60437,"-37.81867159918419, 144.96361337707268"
2026-08-10T20:09:39+10:00,2026-01-01T12:43:33+11:00,7434,Unoccupied,60436,"-37.81865302273701, 144.96367748730736"
2026-08-10T20:09:39+10:00,2026-08-10T12:59:20+10:00,,Present,60428,"-37.8186172877065, 144.96312847381205"
2026-08-10T20:09:39+10:00,2026-08-10T20:07:20+10:00,7434,Present,60435,"-37.81863446449026, 144.96374150071273"
2026-08-10T20:09:39+10:00,2026-08-10T19:29:33+10:00,7647,Present,50512,"-37.809835219681005, 144.9723259750923"
2026-08-10T20:09:39+10:00,2026-08-10T18:24:35+10:00,7647,Present,50518,"-37.8100665581144, 144.97232129845833"
2026-08-10T20:09:39+10:00,2026-08-10T20:00:21+10:00,7647,Unoccupied,50524,"-37.80975208464211, 144.97217500552478"
2026-08-10T20:09:39+10:00,2026-08-10T19:45:58+10:00,7647,Present,50523,"-37.809811228461804, 144.97220260791624"
2026-08-10T20:09:39+10:00,2026-08-10T18:31:14+10:00,7458,Present,61320,"-37.8180129004001, 144.96177409706755"
2026-08-10T20:09:39+10:00,2026-08-10T17:28:32+10:00,7459,Present,61327,"-37.81817986431971, 144.96119133731892"
2026-08-10T20:09:39+10:00,2026-08-10T19:56:14+10:00,7455,Present,61420,"-37.81830361037068, 144.96036726191556"
2026-08-10T20:09:39+10:00,2026-08-10T19:12:23+10:00,7455,Present,61411,"-37.81846855746919, 144.9603119383182"
2026-08-10T20:09:39+10:00,2026-08-10T02:25:49+10:00,7455,Unoccupied,61428,"-37.81846081686636, 144.95982690855809"
2026-08-10T20:09:39+10:00,2026-08-10T18:57:31+10:00,7532,Present,63239,"-37.81694890635765, 144.95772898544482"
2026-08-10T20:09:39+10:00,2026-08-10T18:20:22+10:00,7532,Present,63241,"-37.81698561653002, 144.9576001542189"
2026-08-10T20:09:39+10:00,2026-08-10T19:29:29+10:00,7532,Unoccupied,63242,"-37.81700299746663, 144.9575395867738"
2026-08-10T20:09:39+10:00,2026-08-10T19:54:25+10:00,7534,Present,63237,"-37.81691313922765, 144.95785408681016"
2026-08-10T20:09:39+10:00,2026-08-10T19:14:28+10:00,7534,Present,63245,"-37.81708546644565, 144.957246417828"
2026-08-10T20:09:39+10:00,2026-08-10T18:17:07+10:00,7534,Present,63226,"-37.81705852112091, 144.95709868149874"
2026-08-10T20:09:39+10:00,2026-08-10T19:36:47+10:00,7534,Unoccupied,63224,"-37.81702338829923, 144.957223551761"
2026-08-10T20:09:39+10:00,2026-08-10T19:44:14+10:00,7532,Unoccupied,63211,"-37.816703992099264, 144.95825846752902"
2026-08-10T20:09:39+10:00,2026-08-09T21:31:34+10:00,7532,Present,63214,"-37.816759786443036, 144.95806288472357"
2026-08-10T20:09:39+10:00,2026-08-10T19:59:15+10:00,7532,Unoccupied,63215,"-37.81677815686639, 144.95799762915135"
2026-08-10T20:09:39+10:00,2026-08-10T18:40:02+10:00,7532,Unoccupied,63213,"-37.81674118682413, 144.95812807807323"
2026-08-10T20:09:39+10:00,2026-06-16T10:52:59+10:00,,Present,51314,"-37.80927499159071, 144.96936466798843"
2026-08-10T20:09:39+10:00,2026-06-16T10:38:11+10:00,,Present,51313,"-37.80932233766988, 144.9693864402434"
2026-08-10T20:09:39+10:00,2026-08-10T19:09:01+10:00,7406,Unoccupied,51449,"-37.808384291985476, 144.96887260062516"
2026-08-10T20:09:39+10:00,2026-08-10T18:02:45+10:00,7406,Present,51432,"-37.80889488585683, 144.96910747342076"
2026-08-10T20:09:39+10:00,2026-08-10T18:54:50+10:00,7406,Present,51441,"-37.808597595193646, 144.96897073263065"
2026-08-10T20:09:39+10:00,2026-08-10T20:05:33+10:00,7406,Unoccupied,51437,"-37.808704279251636, 144.96901976424346"
2026-08-10T20:09:39+10:00,2026-08-10T14:21:03+10:00,7547,Present,66442,"-37.81302789935443, 144.95594370941444"
2026-08-10T20:09:39+10:00,2026-08-10T18:27:18+10:00,7547,Present,66457,"-37.81334131863632, 144.95484532479395"
2026-08-10T20:09:39+10:00,2026-08-10T17:03:28+10:00,7547,Unoccupied,66454,"-37.81326272176674, 144.955118941283"
2026-08-10T20:09:39+10:00,2026-05-10T14:02:28+10:00,7552,Unoccupied,66459,"-37.81337774058336, 144.9547207103931"
2026-08-10T20:09:39+10:00,2026-08-10T00:24:48+10:00,7547,Unoccupied,66449,"-37.813169982778604, 144.95544500296842"
2026-08-10T20:09:39+10:00,2026-08-10T19:12:28+10:00,7552,Present,66458,"-37.81335985566005, 144.95478192988605"
2026-08-10T20:09:39+10:00,2026-08-10T19:47:37+10:00,7547,Present,66432,"-37.813343494316825, 144.95465973198603"
2026-08-10T20:09:39+10:00,2026-08-10T19:42:16+10:00,7552,Present,66438,"-37.81295351654811, 144.95620492574668"
2026-08-10T20:09:39+10:00,2026-08-10T19:35:57+10:00,7552,Present,66439,"-37.81297026865764, 144.95614615923884"
2026-08-10T20:09:39+10:00,2026-08-10T19:56:37+10:00,7552,Present,66435,"-37.812877010768986, 144.95647552514245"
2026-08-10T20:09:39+10:00,2026-08-10T15:19:33+10:00,7547,Unoccupied,66425,"-37.81318253726458, 144.95522437884654"
2026-08-10T20:09:39+10:00,2026-08-10T19:21:02+10:00,,Unoccupied,62210,"-37.81701192932516, 144.96103715975846"
2026-08-10T20:09:39+10:00,2026-08-10T19:48:10+10:00,7355,Unoccupied,62215,"-37.817107729734275, 144.96070505631025"
2026-08-10T20:09:39+10:00,2026-08-10T19:45:37+10:00,7355,Present,62216,"-37.817127651763016, 144.96063600947988"
2026-08-10T20:09:39+10:00,2026-08-10T19:54:18+10:00,7355,Unoccupied,62217,"-37.81714754558119, 144.9605669347406"
2026-08-10T20:09:39+10:00,2026-08-10T18:34:39+10:00,7344,Unoccupied,62219,"-37.81718530318269, 144.96043649733113"
2026-08-10T20:09:39+10:00,2024-12-23T22:55:31+11:00,7344,Unoccupied,62246,"-37.817334516747486, 144.96048215380262"
2026-08-10T20:09:39+10:00,2026-08-08T16:31:51+10:00,,Present,62243,"-37.81727844911076, 144.96067754707826"
2026-08-10T20:09:39+10:00,2025-03-18T23:27:54+11:00,7355,Present,62239,"-37.81719937385757, 144.96094976997966"
2026-08-10T20:09:39+10:00,2026-08-10T19:50:20+10:00,7355,Present,62242,"-37.81725853501433, 144.9607456594689"
2026-08-10T20:09:39+10:00,2026-08-08T23:05:28+10:00,,Present,62244,"-37.817298204837954, 144.9606094090057"
2026-08-10T20:09:39+10:00,2026-08-10T17:22:40+10:00,7418,Unoccupied,61626,"-37.81982702192029, 144.95541099028247"
2026-08-10T20:09:39+10:00,2026-08-10T19:32:32+10:00,7417,Unoccupied,61643,"-37.81981366699077, 144.95580820855713"
2026-08-10T20:09:39+10:00,2026-08-10T19:16:02+10:00,7418,Unoccupied,61625,"-37.81981045436291, 144.95546985526124"
2026-08-10T20:09:39+10:00,2026-08-10T20:01:45+10:00,7418,Unoccupied,61649,"-37.81995933586933, 144.95529233775974"
2026-08-10T20:09:39+10:00,2026-08-10T18:56:18+10:00,7417,Present,61641,"-37.81977593985887, 144.95594194920315"
2026-08-10T20:09:39+10:00,2025-12-02T20:07:39+11:00,7417,Unoccupied,61619,"-37.819698386192954, 144.9558624782633"
2026-08-10T20:09:39+10:00,2026-08-10T19:39:09+10:00,7340,Unoccupied,64041,"-37.81602703957237, 144.95727462615082"
2026-08-10T20:09:39+10:00,2026-08-10T19:38:58+10:00,7336,Present,64014,"-37.815970696732634, 144.95690582031767"
2026-08-10T20:09:39+10:00,2026-08-10T19:58:42+10:00,7336,Unoccupied,64046,"-37.81619484477939, 144.95669416522756"
2026-08-10T20:09:39+10:00,2026-08-10T19:08:32+10:00,,Unoccupied,64048,"-37.81623184175715, 144.9565660913758"
2026-08-10T20:09:39+10:00,2026-08-10T19:35:46+10:00,7336,Present,64047,"-37.81621334924654, 144.95663015150205"
2026-08-10T20:09:39+10:00,2025-11-17T17:05:54+11:00,7336,Unoccupied,64045,"-37.81617635518238, 144.9567581921039"
2026-08-10T20:09:39+10:00,2026-08-10T19:00:43+10:00,7525,Present,63062,"-37.815477126005604, 144.96286604401126"
2026-08-10T20:09:39+10:00,2026-08-10T19:28:26+10:00,7525,Present,63072,"-37.815725804409745, 144.96201518594745"
2026-08-10T20:09:39+10:00,2026-08-10T19:28:27+10:00,7525,Unoccupied,63064,"-37.81554409557444, 144.96263918833716"
2026-08-10T20:09:39+10:00,2026-08-10T19:19:06+10:00,7525,Present,63067,"-37.81563017188824, 144.9623430935534"
2026-08-10T20:09:39+10:00,2026-08-10T16:18:33+10:00,,Present,63011,"-37.815287626783736, 144.96330614662787"
2026-08-10T20:09:39+10:00,2024-03-26T15:15:33+11:00,7525,Present,63077,"-37.8158671110984, 144.961532339806"
2026-08-10T20:09:39+10:00,2026-08-10T15:29:05+10:00,7523,Present,63015,"-37.81536750040925, 144.96303304681143"
2026-08-10T20:09:39+10:00,2026-08-07T13:38:01+10:00,,Present,60821,"-37.81463432710466, 144.97312534133457"
2026-08-10T20:09:39+10:00,2026-07-04T22:15:22+10:00,7424,Present,61531,"-37.81881556568095, 144.95928245388615"
2026-08-10T20:09:39+10:00,2026-08-10T19:13:01+10:00,7419,Present,61535,"-37.81889225575706, 144.9590179046922"
2026-08-10T20:09:39+10:00,2026-08-10T18:55:29+10:00,7419,Present,61521,"-37.819095433550245, 144.95797035198845"
2026-08-10T20:09:39+10:00,2025-12-28T03:26:35+11:00,,Present,61518,"-37.818999563895304, 144.95829966942395"
2026-08-10T20:09:39+10:00,2025-04-15T03:02:07+10:00,7424,Present,61528,"-37.819257098929555, 144.95741383960632"
2026-08-10T20:09:39+10:00,2024-10-01T19:22:13+10:00,7528,Unoccupied,63147,"-37.81645736832678, 144.95945419768827"
2026-08-10T20:09:39+10:00,2026-08-10T17:41:43+10:00,7528,Present,63146,"-37.81643579288833, 144.95952891500872"
2026-08-10T20:09:39+10:00,2026-08-07T10:20:54+10:00,7527,Unoccupied,63143,"-37.81637591953155, 144.9597376167925"
2026-08-10T20:09:39+10:00,2026-08-10T19:28:50+10:00,7528,Unoccupied,63145,"-37.81641654511586, 144.9595955256485"
2026-08-10T20:09:39+10:00,2026-08-07T10:33:36+10:00,7527,Unoccupied,63142,"-37.81635861262595, 144.95979856801225"
2026-08-10T20:09:39+10:00,2026-07-14T15:06:37+10:00,7527,Unoccupied,63140,"-37.816322183678324, 144.95992688709927"
2026-08-10T20:09:39+10:00,2026-08-10T20:03:04+10:00,7644,Unoccupied,58117,"-37.81744578216494, 144.95353562764575"
2026-08-10T20:09:39+10:00,2026-08-10T19:12:18+10:00,7686,Unoccupied,57926,"-37.81951168305361, 144.95448607010178"
2026-08-10T20:09:39+10:00,2026-08-10T18:55:59+10:00,7765,Unoccupied,65334,"-37.812120495267024, 144.96248157600564"
2026-08-10T20:09:39+10:00,2026-08-10T19:17:18+10:00,7603,Present,65328,"-37.81200605961684, 144.9628752274274"
2026-08-10T20:09:39+10:00,2026-08-10T19:13:52+10:00,7603,Present,65327,"-37.81198749904655, 144.96293909303688"
2026-08-10T20:09:39+10:00,2026-08-10T20:02:28+10:00,7603,Present,65325,"-37.81195124839182, 144.9630638115199"
2026-08-10T20:09:39+10:00,2026-08-10T19:29:37+10:00,7557,Present,65210,"-37.81086842243505, 144.96676138730086"
2026-08-10T20:09:39+10:00,2026-08-10T19:51:57+10:00,,Present,65245,"-37.81116977716893, 144.9663764898553"
2026-08-10T20:09:39+10:00,2026-08-10T20:03:32+10:00,7569,Present,65244,"-37.81112450884895, 144.96652963017024"
2026-08-10T20:09:39+10:00,2026-08-10T20:02:39+10:00,7557,Present,65213,"-37.81092948294076, 144.96655417860907"
2026-08-10T20:09:39+10:00,2026-08-10T19:35:01+10:00,7557,Present,65211,"-37.81088939603193, 144.96668991789758"
2026-08-10T20:09:39+10:00,2026-08-10T19:26:10+10:00,7569,Present,65247,"-37.81120725098617, 144.96624966851925"
2026-08-10T20:09:39+10:00,2026-03-20T08:41:26+11:00,7772,Present,65230,"-37.81127736615012, 144.96537534506908"
2026-08-10T20:09:39+10:00,2026-03-20T08:43:08+11:00,7772,Present,65229,"-37.81125536280861, 144.9654497840845"
2026-08-10T20:09:39+10:00,2026-08-10T20:00:00+10:00,7764,Unoccupied,65025,"-37.8097630579857, 144.97052903618362"
2026-08-10T20:09:39+10:00,2026-08-10T18:50:11+10:00,7764,Unoccupied,65023,"-37.809718825350195, 144.97067984779267"
2026-08-10T20:09:39+10:00,2026-08-10T18:56:51+10:00,,Present,65022,"-37.809698394571, 144.97074942112323"
2026-08-10T20:09:39+10:00,2026-08-10T17:57:25+10:00,7570,Present,65073,"-37.8099915247975, 144.9700817056739"
2026-08-10T20:09:39+10:00,2026-08-10T19:17:54+10:00,7570,Present,65072,"-37.80998399961277, 144.97010747421155"
2026-08-10T20:09:39+10:00,2026-08-10T20:00:46+10:00,7570,Unoccupied,65071,"-37.80996543973677, 144.97017083409781"
2026-08-10T20:09:39+10:00,2026-08-10T18:43:36+10:00,7570,Present,65067,"-37.80992492778876, 144.9703092236904"
2026-08-10T20:09:39+10:00,2026-08-10T19:02:14+10:00,7572,Unoccupied,65098,"-37.81006651045614, 144.97016789080607"
2026-08-10T20:09:39+10:00,2026-08-10T19:32:53+10:00,7572,Unoccupied,65087,"-37.809811799125995, 144.97103987130538"
2026-08-10T20:09:39+10:00,2026-08-10T17:55:25+10:00,7762,Unoccupied,65093,"-37.80994954406519, 144.97056706681252"
2026-08-10T20:09:39+10:00,2026-08-10T17:54:41+10:00,7570,Present,65061,"-37.80983613304747, 144.97061254265424"
2026-08-10T20:09:39+10:00,2026-08-10T19:26:04+10:00,7570,Unoccupied,65056,"-37.80978257026817, 144.97079623261197"
2026-08-10T20:09:39+10:00,2026-08-10T17:52:28+10:00,7570,Unoccupied,65052,"-37.80972376415039, 144.97099638310678"
2026-08-10T20:09:39+10:00,2026-08-10T17:07:53+10:00,7570,Present,65051,"-37.80968431334239, 144.9711311431266"
2026-08-10T20:09:39+10:00,2026-08-10T18:46:02+10:00,7570,Present,65044,"-37.80961790613839, 144.97135797972985"
2026-08-10T20:09:39+10:00,2026-08-10T16:19:53+10:00,7570,Present,65039,"-37.809558543884236, 144.97156074978867"
2026-08-10T20:09:39+10:00,2026-08-10T19:03:27+10:00,7763,Unoccupied,65016,"-37.80957211737984, 144.97117794858474"
2026-08-10T20:09:39+10:00,2026-08-10T18:35:32+10:00,7762,Unoccupied,65092,"-37.8099307042784, 144.97063156433674"
2026-08-10T20:09:39+10:00,2026-08-10T17:51:35+10:00,7762,Unoccupied,65091,"-37.809912035820574, 144.97069548972638"
2026-08-10T20:09:39+10:00,2026-08-01T11:46:46+10:00,7556,Present,65163,"-37.810585009767664, 144.96805719749062"
2026-08-10T20:09:39+10:00,2026-08-10T16:24:41+10:00,,Present,65167,"-37.810643554488905, 144.96786024613817"
2026-08-10T20:09:39+10:00,2026-08-10T19:46:43+10:00,7556,Present,65158,"-37.81054311127097, 144.9682004446135"
2026-08-10T20:09:39+10:00,2026-08-08T09:09:18+10:00,,Present,65168,"-37.81065243137996, 144.96782988802386"
2026-08-10T20:09:39+10:00,2026-08-10T18:46:16+10:00,7556,Present,65156,"-37.810515062964136, 144.96829537364198"
2026-08-10T20:09:39+10:00,2026-08-10T20:06:37+10:00,7556,Unoccupied,65131,"-37.81027225794166, 144.96912396834176"
2026-08-10T20:09:39+10:00,2026-08-10T19:50:29+10:00,7556,Present,65134,"-37.810298271624305, 144.96903463838794"
2026-08-10T20:09:39+10:00,2026-08-10T20:03:31+10:00,7568,Unoccupied,65193,"-37.810698084550886, 144.96801337873"
2026-08-10T20:09:39+10:00,2026-08-10T20:03:05+10:00,7558,Unoccupied,65182,"-37.810468180173274, 144.96879411251172"
2026-08-10T20:09:39+10:00,2026-08-10T18:24:19+10:00,7558,Present,65199,"-37.8108123453408, 144.9676255895189"
2026-08-10T20:09:39+10:00,2026-08-10T14:26:27+10:00,7558,Unoccupied,65198,"-37.810792976254675, 144.96769134576766"
2026-08-10T20:09:39+10:00,2026-08-10T18:39:49+10:00,7558,Present,65197,"-37.81077384126779, 144.96775627359773"
2026-08-10T20:09:39+10:00,2026-08-10T18:19:07+10:00,7558,Present,65185,"-37.81052468652243, 144.96860215952597"
2026-08-10T20:09:39+10:00,2025-06-02T19:32:50+10:00,7566,Present,65542,"-37.81323171223683, 144.9590075483389"
2026-08-10T20:09:39+10:00,2025-06-02T19:18:55+10:00,7566,Unoccupied,65545,"-37.81327695104594, 144.95885266405645"
2026-08-10T20:09:39+10:00,2025-06-02T19:15:23+10:00,7566,Present,65536,"-37.81317933967216, 144.95918685368446"
2026-08-10T20:09:39+10:00,2025-06-02T16:07:47+10:00,7566,Unoccupied,65566,"-37.81348273202524, 144.95814742513443"
2026-08-10T20:09:39+10:00,2025-06-02T18:54:27+10:00,7566,Present,65549,"-37.813311556984594, 144.95873418423957"
2026-08-10T20:09:39+10:00,2025-06-02T18:56:53+10:00,7566,Present,65574,"-37.813551896789136, 144.95791062049295"
2026-08-10T20:09:39+10:00,2025-06-02T18:50:44+10:00,7566,Present,65535,"-37.813170587704754, 144.95921681680875"
2026-08-10T20:09:39+10:00,2025-06-02T16:31:54+10:00,7566,Unoccupied,65562,"-37.813447522749726, 144.9582679741734"
2026-08-10T20:09:39+10:00,2025-06-02T18:47:42+10:00,7566,Unoccupied,65548,"-37.81330288381933, 144.95876387835244"
2026-08-10T20:09:39+10:00,2025-06-02T16:55:40+10:00,7566,Unoccupied,65573,"-37.81354328723129, 144.95794009834714"
2026-08-10T20:09:39+10:00,2025-06-02T17:33:42+10:00,7566,Present,65529,"-37.813101635744424, 144.95945362744533"
2026-08-10T20:09:39+10:00,2025-06-02T19:06:54+10:00,7566,Present,65532,"-37.813144333027964, 144.95930670384632"
2026-08-10T20:09:39+10:00,2025-06-02T18:43:51+10:00,7566,Present,65576,"-37.813569547637705, 144.9578501880945"
2026-08-10T20:09:39+10:00,2025-06-02T17:57:55+10:00,7566,Unoccupied,65564,"-37.81346533795393, 144.95820697965536"
2026-08-10T20:09:39+10:00,2025-06-02T17:30:54+10:00,7566,Unoccupied,65570,"-37.813517379359894, 144.95802880213256"
2026-08-10T20:09:39+10:00,2025-06-02T18:23:35+10:00,7566,Present,65543,"-37.81324046414947, 144.95897758460092"
2026-08-10T20:09:39+10:00,2025-06-02T16:55:34+10:00,7566,Unoccupied,65550,"-37.813320247143366, 144.9587044311516"
2026-08-10T20:09:39+10:00,2025-06-02T18:28:06+10:00,7566,Unoccupied,65553,"-37.81334840559413, 144.95860802442525"
2026-08-10T20:09:39+10:00,2025-06-02T16:52:00+10:00,7566,Unoccupied,65558,"-37.81341256173804, 144.95838767338887"
2026-08-10T20:09:39+10:00,2025-06-02T19:26:18+10:00,7566,Present,65547,"-37.81329424297533, 144.9587934619512"
2026-08-10T20:09:39+10:00,2025-06-02T17:43:16+10:00,7566,Unoccupied,65569,"-37.81350864172105, 144.95805871741527"
2026-08-10T20:09:39+10:00,2025-06-02T15:42:53+10:00,7768,Unoccupied,65514,"-37.81310895819109, 144.9590802847536"
2026-08-10T20:09:39+10:00,2025-06-02T16:37:51+10:00,7768,Unoccupied,65522,"-37.81333638334371, 144.95830036989398"
2026-08-10T20:09:39+10:00,2025-06-02T19:02:47+10:00,7767,Unoccupied,65510,"-37.81302718644266, 144.95936110148733"
2026-08-10T20:09:39+10:00,2025-06-02T17:22:05+10:00,7768,Unoccupied,65513,"-37.81308979699219, 144.95914599008512"
2026-08-10T20:09:39+10:00,2025-06-02T14:42:22+10:00,7768,Present,65520,"-37.81329898066727, 144.95842831589596"
2026-08-10T20:09:39+10:00,2025-06-02T18:40:37+10:00,7768,Unoccupied,65519,"-37.81328027993138, 144.95849224716972"
2026-08-10T20:09:39+10:00,2025-06-02T19:03:15+10:00,7768,Present,65512,"-37.8130652946148, 144.95923177270038"
2026-08-10T20:09:39+10:00,2025-06-02T14:25:27+10:00,7767,Unoccupied,65524,"-37.81337280650673, 144.95817383879444"
2026-08-10T20:09:39+10:00,2026-08-10T20:02:39+10:00,7551,Present,65464,"-37.812791033230766, 144.9604693242385"
2026-08-10T20:09:39+10:00,2026-08-10T19:43:08+10:00,7551,Present,65446,"-37.81249994557143, 144.96146672317906"
2026-08-10T20:09:39+10:00,2026-08-10T19:52:24+10:00,7780,Present,65487,"-37.81282309437222, 144.9607417489296"
2026-08-10T20:09:39+10:00,2025-01-19T19:50:57+11:00,7551,Present,65461,"-37.812795450438585, 144.96054161978464"
2026-08-10T20:09:39+10:00,2026-08-10T18:55:45+10:00,7551,Present,65454,"-37.81258867646636, 144.96116399031894"
2026-08-10T20:09:39+10:00,2026-08-10T19:48:08+10:00,7551,Present,65457,"-37.812751207277245, 144.96069414831322"
2026-08-10T20:09:39+10:00,2026-08-10T19:16:44+10:00,7553,Unoccupied,65492,"-37.8129583405137, 144.96027744789092"
2026-08-10T20:09:39+10:00,2026-08-10T19:47:08+10:00,7780,Present,65488,"-37.81284151466433, 144.96067792999156"
2026-08-10T20:09:39+10:00,2026-08-10T20:06:56+10:00,7551,Present,65465,"-37.812830482903976, 144.9604211485876"
2026-08-10T20:09:39+10:00,2026-08-10T17:01:30+10:00,7551,Present,65459,"-37.81276861121049, 144.96063455358887"
2026-08-10T20:09:39+10:00,2026-08-10T20:07:35+10:00,7769,Unoccupied,65481,"-37.812495776227316, 144.96118904695265"
2026-08-10T20:09:39+10:00,2026-08-10T19:49:39+10:00,7769,Present,65474,"-37.812337594210845, 144.96173264328155"
2026-08-10T20:09:39+10:00,2026-08-10T20:02:28+10:00,7769,Present,65476,"-37.81237480662105, 144.96160464385943"
2026-08-10T20:09:39+10:00,2026-08-10T19:52:27+10:00,7554,Present,65479,"-37.812429381776056, 144.9614172740758"
2026-08-10T20:09:39+10:00,2025-06-02T18:23:16+10:00,7571,Present,65658,"-37.81417689573722, 144.9557051436189"
2026-08-10T20:09:39+10:00,2025-06-02T18:25:05+10:00,7571,Present,65640,"-37.81386416889971, 144.95680273045394"
2026-08-10T20:09:39+10:00,2025-06-02T18:58:18+10:00,7571,Present,65650,"-37.8139898552813, 144.95635971721026"
2026-08-10T20:09:39+10:00,2025-06-02T18:11:42+10:00,,Present,65684,"-37.81409629462509, 144.9563297765231"
2026-08-10T20:09:39+10:00,2025-06-02T18:40:50+10:00,7571,Present,65641,"-37.813872406023464, 144.95677300369044"
2026-08-10T20:09:39+10:00,2025-06-02T19:33:35+10:00,7573,Unoccupied,65681,"-37.814043741943024, 144.95651582254456"
2026-08-10T20:09:39+10:00,2025-06-02T12:50:10+10:00,7571,Present,65655,"-37.8140288456458, 144.95622318672991"
2026-08-10T20:09:39+10:00,2025-06-02T19:38:19+10:00,7571,Unoccupied,65663,"-37.81421830513031, 144.95556010864127"
2026-08-10T20:09:39+10:00,2025-06-02T17:55:50+10:00,7571,Present,65671,"-37.814284589557076, 144.95532799093056"
2026-08-10T20:09:39+10:00,2025-11-12T06:21:10+11:00,7359,Present,61928,"-37.815164498515514, 144.96738537228407"
2026-08-10T20:09:39+10:00,2026-08-10T19:14:53+10:00,7358,Present,61846,"-37.81468049069858, 144.96959972041523"
2026-08-10T20:09:39+10:00,2026-08-10T20:01:29+10:00,7358,Unoccupied,61844,"-37.814641173654124, 144.96973279671252"
2026-08-10T20:09:39+10:00,2026-05-20T00:06:05+10:00,7358,Present,61843,"-37.81462230642892, 144.969796640633"
2026-08-10T20:09:39+10:00,2026-07-10T07:26:40+10:00,7396,Present,51155,"-37.81134635817739, 144.97014285911234"
2026-08-10T20:09:39+10:00,2026-08-10T20:06:45+10:00,7350,Unoccupied,56529,"-37.81645884824586, 144.95723003303436"
2026-08-10T20:09:39+10:00,2026-08-10T19:26:39+10:00,7350,Unoccupied,56528,"-37.81651024755264, 144.95725315959675"
2026-08-10T20:09:39+10:00,2026-08-10T19:08:04+10:00,7347,Unoccupied,56533,"-37.81624882246447, 144.9571346838723"
2026-08-10T20:09:39+10:00,2026-08-10T19:58:36+10:00,7347,Present,56531,"-37.81635471704237, 144.957182692618"
2026-08-10T20:09:39+10:00,2026-08-10T19:58:36+10:00,7362,Unoccupied,62341,"-37.81790814251109, 144.95848959042416"
2026-08-10T20:09:39+10:00,2026-08-10T20:07:01+10:00,7362,Unoccupied,62315,"-37.81780450336542, 144.95828438269166"
2026-08-10T20:09:39+10:00,2026-08-10T19:03:25+10:00,7362,Present,62316,"-37.81782284292312, 144.9582202846961"
2026-08-10T20:09:39+10:00,2026-08-10T19:44:05+10:00,7365,Present,62317,"-37.81784301093078, 144.9581499820841"
2026-08-10T20:09:39+10:00,2026-08-10T19:34:03+10:00,7362,Present,62329,"-37.81811771178083, 144.95719055879238"
2026-08-10T20:09:39+10:00,2026-08-10T20:02:36+10:00,7362,Present,62327,"-37.818080128718094, 144.95732198251844"
2026-08-10T20:09:39+10:00,2026-05-01T09:14:59+10:00,,Unoccupied,62321,"-37.81796674995377, 144.9577187753099"
2026-08-10T20:09:39+10:00,2026-08-10T20:00:46+10:00,7596,Present,54034,"-37.817412610968425, 144.96180813720161"
2026-08-10T20:09:39+10:00,2026-08-10T19:53:19+10:00,7596,Unoccupied,54038,"-37.81728599077816, 144.961750395164"
2026-08-10T20:09:39+10:00,2026-08-10T19:24:09+10:00,7623,Unoccupied,54065,"-37.81728823580427, 144.96162989440703"
2026-08-10T20:09:39+10:00,2026-08-10T19:02:32+10:00,7592,Present,53931,"-37.81833392755065, 144.9622309130329"
2026-08-10T20:09:39+10:00,2026-08-10T18:46:34+10:00,7592,Present,53948,"-37.81836934729492, 144.96212279568851"
2026-08-10T20:09:39+10:00,2026-08-10T17:59:56+10:00,7592,Present,53926,"-37.81847630914179, 144.96229607296874"
2026-08-10T20:09:39+10:00,2026-08-10T18:42:57+10:00,7592,Present,53949,"-37.8183134106813, 144.9620969422225"
2026-08-10T20:09:39+10:00,2026-08-10T19:26:08+10:00,7592,Unoccupied,53928,"-37.81839907395185, 144.96226072406253"
2026-08-10T20:09:39+10:00,2026-08-10T19:04:00+10:00,7592,Unoccupied,53950,"-37.8182542716343, 144.96206932733858"
2026-08-10T20:09:39+10:00,2026-08-10T19:32:41+10:00,7592,Unoccupied,53934,"-37.81823583353717, 144.96218586494632"
2026-08-10T20:09:39+10:00,2026-08-10T20:07:32+10:00,7696,Present,53915,"-37.8183352010723, 144.96235620749508"
2026-08-10T20:09:39+10:00,2026-08-10T20:01:23+10:00,7697,Present,53920,"-37.81806845854699, 144.96223400578788"
2026-08-10T20:09:39+10:00,2026-08-10T20:06:46+10:00,7697,Unoccupied,53918,"-37.81817514263396, 144.9622829157367"
2026-08-10T20:09:39+10:00,2026-08-10T19:01:59+10:00,7697,Present,53917,"-37.81822848238929, 144.96230737028097"
2026-08-10T20:09:39+10:00,2026-08-10T20:00:39+10:00,7537,Unoccupied,63348,"-37.81776326102175, 144.9549589773298"
2026-08-10T20:09:39+10:00,2026-08-10T20:02:13+10:00,7537,Unoccupied,63345,"-37.81770785128694, 144.95515107738171"
2026-08-10T20:09:39+10:00,2026-08-10T20:01:48+10:00,7537,Unoccupied,63316,"-37.81759365761293, 144.9552596352234"
2026-08-10T20:09:39+10:00,2024-11-28T14:20:36+11:00,7537,Unoccupied,63341,"-37.817631960140055, 144.95541409698671"
2026-08-10T20:09:39+10:00,2026-08-10T18:45:42+10:00,,Unoccupied,63361,"-37.81800020752271, 144.9541341621802"
2026-08-10T20:09:39+10:00,2026-08-10T17:54:42+10:00,7506,Present,63328,"-37.817819867448804, 144.9544594584814"
2026-08-10T20:09:39+10:00,2026-08-10T20:04:02+10:00,7506,Unoccupied,63335,"-37.81751071462992, 144.95583433895183"
2026-08-10T20:09:39+10:00,2026-08-10T18:17:46+10:00,7537,Present,63353,"-37.81784719018296, 144.9546668200337"
2026-08-10T20:09:39+10:00,2026-08-10T20:00:46+10:00,7537,Present,63344,"-37.81768937506971, 144.95521511779842"
2026-08-10T20:09:39+10:00,2026-08-10T17:27:44+10:00,7506,Unoccupied,63359,"-37.81796339879945, 144.9542623065159"
2026-08-10T20:09:39+10:00,2026-08-10T19:22:40+10:00,7537,Present,63315,"-37.81757659693908, 144.9553194889391"
2026-08-10T20:09:39+10:00,2026-08-10T20:07:36+10:00,7537,Unoccupied,63349,"-37.817781684238135, 144.95489497822973"
2026-08-10T20:09:39+10:00,2026-08-10T20:04:46+10:00,7537,Unoccupied,63336,"-37.81752919296524, 144.95577029762285"
2026-08-10T20:09:39+10:00,2026-08-10T19:38:17+10:00,7607,Present,54226,"-37.815637286069745, 144.96099145074135"
2026-08-10T20:09:39+10:00,2026-08-10T20:05:18+10:00,7608,Unoccupied,54245,"-37.81580552679101, 144.9609445799225"
2026-08-10T20:09:39+10:00,2026-08-10T12:46:30+10:00,7607,Present,54228,"-37.81558445424304, 144.96096722232483"
2026-08-10T20:09:39+10:00,2026-08-10T18:59:37+10:00,,Unoccupied,54248,"-37.815645480403646, 144.96087041827332"
2026-08-10T20:09:39+10:00,2025-03-04T07:54:29+11:00,7608,Unoccupied,54244,"-37.81585666180969, 144.96096829718877"
2026-08-10T20:09:39+10:00,2026-08-10T19:58:35+10:00,7595,Present,54139,"-37.81615960288106, 144.9612316737149"
2026-08-10T20:09:39+10:00,2026-08-10T19:32:33+10:00,7595,Present,54135,"-37.81627003940035, 144.96128235331545"
2026-08-10T20:09:39+10:00,2026-08-10T19:20:13+10:00,7595,Present,54130,"-37.816401326157404, 144.96134293377554"
2026-08-10T20:09:39+10:00,2026-08-10T19:33:49+10:00,7594,Present,54337,"-37.81418708917743, 144.9603241836145"
2026-08-10T20:09:39+10:00,2026-08-10T18:49:32+10:00,7594,Present,54335,"-37.814261128001256, 144.96035819165826"
2026-08-10T20:09:39+10:00,2026-08-10T19:48:22+10:00,7594,Unoccupied,54333,"-37.814306163364876, 144.96037886545093"
2026-08-10T20:09:39+10:00,2026-08-10T19:09:18+10:00,7594,Present,54329,"-37.8144249931935, 144.9604334680899"
2026-08-10T20:09:39+10:00,2026-08-10T19:16:37+10:00,7594,Present,54324,"-37.81456816526176, 144.9604991544885"
2026-08-10T20:09:39+10:00,2026-08-10T12:13:26+10:00,7676,Unoccupied,54422,"-37.81321977572493, 144.9600086484636"
2026-08-10T20:09:39+10:00,2026-08-10T19:53:57+10:00,7676,Unoccupied,54421,"-37.813270555846785, 144.96003182896388"
2026-08-10T20:09:39+10:00,2026-08-10T17:56:49+10:00,7612,Unoccupied,54419,"-37.813369731195095, 144.96007705373032"
2026-08-10T20:09:39+10:00,2024-05-18T23:18:47+10:00,7605,Unoccupied,54441,"-37.813379476509326, 144.9599541841302"
2026-08-10T20:09:39+10:00,2026-08-10T19:31:14+10:00,7605,Unoccupied,54424,"-37.81384760004092, 144.96017014817437"
2026-08-10T20:09:39+10:00,2026-08-10T18:54:22+10:00,7605,Present,54425,"-37.81382423563896, 144.96015936545342"
2026-08-10T20:09:39+10:00,2026-08-10T19:55:19+10:00,7605,Present,54427,"-37.81377844110391, 144.9601382741797"
2026-08-10T20:09:39+10:00,2026-08-10T20:00:16+10:00,7605,Unoccupied,54435,"-37.81354416575893, 144.96003016181191"
2026-08-10T20:09:39+10:00,2026-08-10T18:56:13+10:00,7605,Present,54429,"-37.81370642544597, 144.96010492990618"
2026-08-10T20:09:39+10:00,2026-08-10T19:15:10+10:00,7690,Unoccupied,54321,"-37.81415024868862, 144.96043413985802"
2026-08-10T20:09:39+10:00,2026-08-10T18:49:52+10:00,7690,Unoccupied,54320,"-37.81420358514674, 144.96045850918097"
2026-08-10T20:09:39+10:00,2026-08-10T18:59:42+10:00,7614,Present,54634,"-37.811582207875794, 144.95914220671528"
2026-08-10T20:09:39+10:00,2026-08-10T18:41:45+10:00,7614,Present,54631,"-37.811676681158545, 144.9591853849827"
2026-08-10T20:09:39+10:00,2026-08-10T20:00:28+10:00,7614,Present,54629,"-37.811723924153966, 144.95920697367882"
2026-08-10T20:09:39+10:00,2026-08-10T14:19:57+10:00,7614,Present,54628,"-37.81174679330102, 144.9592174258368"
2026-08-10T20:09:39+10:00,2026-08-10T19:02:38+10:00,7614,Present,54627,"-37.81176902703331, 144.9592275876551"
2026-08-10T20:09:39+10:00,2026-08-10T19:35:36+10:00,7614,Present,54623,"-37.811890062399186, 144.95928210413547"
2026-08-10T20:09:39+10:00,2025-07-18T19:50:13+10:00,7615,Unoccupied,54617,"-37.81141555471598, 144.95919110655336"
2026-08-10T20:09:39+10:00,2026-08-10T19:40:06+10:00,7610,Present,54529,"-37.8124856734189, 144.95955181649907"
2026-08-10T20:09:39+10:00,2026-08-10T19:49:55+10:00,7611,Present,54519,"-37.812183699725175, 144.95953624823449"
2026-08-10T20:09:39+10:00,2026-08-10T19:59:53+10:00,7485,Unoccupied,56925,"-37.81694986976067, 144.9558616915677"
2026-08-10T20:09:39+10:00,2026-08-10T20:00:06+10:00,7486,Present,56922,"-37.81711484049472, 144.9559376963074"
2026-08-10T20:09:39+10:00,2026-08-10T19:31:04+10:00,7486,Unoccupied,56920,"-37.817217334803146, 144.9559842619019"
2026-08-10T20:09:39+10:00,2026-08-10T17:44:25+10:00,7485,Unoccupied,56928,"-37.81679658224592, 144.9557915530827"
2026-08-10T20:09:39+10:00,2024-06-27T15:40:55+10:00,7485,Unoccupied,56927,"-37.81684693601877, 144.95581472950056"
2026-08-10T20:09:39+10:00,2026-08-10T19:54:18+10:00,7485,Unoccupied,56914,"-37.81687779548948, 144.95607844612044"
2026-08-10T20:09:39+10:00,2026-08-10T19:26:00+10:00,7485,Present,56913,"-37.81692953258536, 144.95610179300294"
2026-08-10T20:09:39+10:00,2026-08-10T19:17:58+10:00,7485,Unoccupied,56910,"-37.81707745376239, 144.956168806464"
2026-08-10T20:09:39+10:00,2026-08-10T15:08:28+10:00,7485,Unoccupied,56912,"-37.81697789237569, 144.95612358725003"
2026-08-10T20:09:39+10:00,2026-08-10T12:42:30+10:00,7612,Unoccupied,54416,"-37.81354274368513, 144.96015603675647"
2026-08-10T20:09:39+10:00,2026-08-10T19:49:49+10:00,7612,Present,54417,"-37.8134969966321, 144.960135162915"
2026-08-10T20:09:39+10:00,2025-02-10T12:37:51+11:00,7642,Unoccupied,58211,"-37.81632513216525, 144.95302271228667"
2026-08-10T20:09:39+10:00,2026-08-10T17:17:25+10:00,7642,Present,58213,"-37.816223948303374, 144.95297624708968"
2026-08-10T20:09:39+10:00,2026-08-10T16:07:00+10:00,,Unoccupied,64723,"-37.814368430715575, 144.95882990564317"
2026-08-10T20:09:39+10:00,2026-08-10T19:07:35+10:00,7519,Present,64738,"-37.81429416557771, 144.95927261553263"
2026-08-10T20:09:39+10:00,2026-08-10T19:11:39+10:00,7519,Unoccupied,64718,"-37.814247785406906, 144.95925375020423"
2026-08-10T20:09:39+10:00,2026-08-10T19:04:32+10:00,7503,Unoccupied,67216,"-37.81124426926189, 144.9579464896738"
2026-08-10T20:09:39+10:00,2026-08-10T19:48:28+10:00,7500,Unoccupied,67231,"-37.811405973019575, 144.9578711976557"
2026-08-10T20:09:39+10:00,2026-08-10T20:01:40+10:00,7705,Present,55314,"-37.81115537146814, 144.95748749120327"
2026-08-10T20:09:39+10:00,2026-08-09T14:11:20+10:00,,Present,55310,"-37.81126220107813, 144.9575365797064"
2026-08-10T20:09:39+10:00,2026-08-10T19:58:43+10:00,7705,Unoccupied,55316,"-37.81111058901165, 144.9574669364946"
2026-08-10T20:09:39+10:00,2026-08-10T19:54:53+10:00,7705,Present,55315,"-37.811133103344815, 144.95747725078772"
2026-08-10T20:09:39+10:00,2026-08-10T16:49:31+10:00,7705,Present,55317,"-37.811058034453524, 144.95744272907837"
2026-08-10T20:09:39+10:00,2026-08-10T18:44:53+10:00,7498,Unoccupied,67322,"-37.812085652050754, 144.9550140022447"
2026-08-10T20:09:39+10:00,2026-08-10T19:06:24+10:00,7498,Unoccupied,67324,"-37.81212183561699, 144.95488565262986"
2026-08-10T20:09:39+10:00,2026-08-10T19:59:43+10:00,7949,Present,67332,"-37.81226727791963, 144.95437225149678"
2026-08-10T20:09:39+10:00,2026-07-06T22:59:44+10:00,7498,Unoccupied,67328,"-37.8121945706852, 144.95462895258106"
2026-08-10T20:09:39+10:00,2026-08-10T19:52:46+10:00,7949,Unoccupied,67334,"-37.81230363471879, 144.9542439012972"
2026-08-10T20:09:39+10:00,2026-08-10T19:59:52+10:00,7498,Unoccupied,67331,"-37.81224916076433, 144.9544364035221"
2026-08-10T20:09:39+10:00,2026-08-10T19:40:29+10:00,7576,Present,57319,"-37.8127273292411, 144.95416523391526"
2026-08-10T20:09:39+10:00,2026-08-10T18:57:29+10:00,7624,Present,57310,"-37.81318241643244, 144.95437718209934"
2026-08-10T20:09:39+10:00,2026-08-10T19:20:31+10:00,7624,Present,57317,"-37.8128316126089, 144.95421383234896"
2026-08-10T20:09:39+10:00,2026-08-10T18:24:33+10:00,7576,Unoccupied,57329,"-37.81285802612559, 144.95397486293464"
2026-08-10T20:09:39+10:00,2026-08-10T19:53:15+10:00,7624,Present,57327,"-37.81295734679007, 144.95402114690148"
2026-08-10T20:09:39+10:00,2026-08-10T19:57:15+10:00,7624,Unoccupied,57326,"-37.81308087665099, 144.95407873949551"
2026-08-10T20:09:39+10:00,2026-08-10T19:04:48+10:00,7624,Present,57311,"-37.813135120137346, 144.9543550292893"
2026-08-10T20:09:39+10:00,2026-08-10T19:46:18+10:00,7621,Unoccupied,57220,"-37.81355986032554, 144.95455297802664"
2026-08-10T20:09:39+10:00,2026-08-10T19:47:20+10:00,7621,Present,57218,"-37.81365927015733, 144.95459882213538"
2026-08-10T20:09:39+10:00,2026-08-10T19:59:39+10:00,7621,Unoccupied,57215,"-37.813811150462705, 144.95466936048354"
2026-08-10T20:09:39+10:00,2026-08-10T19:19:20+10:00,7622,Unoccupied,57211,"-37.81402348845401, 144.95476823758"
2026-08-10T20:09:39+10:00,2026-08-10T19:04:39+10:00,7621,Present,57228,"-37.81384932123389, 144.95443349398442"
2026-08-10T20:09:39+10:00,2026-08-10T18:39:09+10:00,7621,Unoccupied,57216,"-37.81376059419755, 144.95464575261047"
2026-08-10T20:09:39+10:00,2026-08-10T19:17:35+10:00,7622,Present,57210,"-37.814071684734614, 144.95479060312823"
2026-08-10T20:09:39+10:00,2026-08-10T18:34:57+10:00,7948,Present,67435,"-37.81265649519399, 144.95349866861588"
2026-08-10T20:09:39+10:00,2026-08-10T18:43:19+10:00,7542,Present,66332,"-37.81256887060002, 144.95737195796855"
2026-08-10T20:09:39+10:00,2026-08-10T20:03:26+10:00,7542,Unoccupied,66333,"-37.812587931836994, 144.957306255361"
2026-08-10T20:09:39+10:00,2024-07-29T20:16:41+10:00,7545,Unoccupied,66322,"-37.81237158592207, 144.95805437962542"
2026-08-10T20:09:39+10:00,2026-08-10T18:03:31+10:00,,Present,66343,"-37.812290336222645, 144.95851093627442"
2026-08-10T20:09:39+10:00,2026-08-10T18:10:30+10:00,7542,Present,66316,"-37.81223551787371, 144.9585237805627"
2026-08-10T20:09:39+10:00,2026-08-10T19:59:40+10:00,7545,Present,66319,"-37.8122966910766, 144.95831314083955"
2026-08-10T20:09:39+10:00,2026-03-16T19:42:18+11:00,7479,Present,56616,"-37.81965703917745, 144.95735584482327"
2026-08-10T20:09:39+10:00,2026-03-16T20:08:26+11:00,7479,Unoccupied,56615,"-37.81971271071612, 144.9573815110314"
2026-08-10T20:09:39+10:00,2026-08-10T19:26:57+10:00,7474,Unoccupied,56722,"-37.8192216250759, 144.95690531385517"
2026-08-10T20:09:39+10:00,2026-08-10T15:37:22+10:00,7474,Unoccupied,56724,"-37.81911992038748, 144.95685871824975"
2026-08-10T20:09:39+10:00,2026-03-16T19:44:24+11:00,7478,Unoccupied,56614,"-37.81978441503779, 144.9574143505606"
2026-08-10T20:09:39+10:00,2026-03-16T19:59:53+11:00,7479,Present,56618,"-37.81954857202497, 144.95730605648407"
2026-08-10T20:09:39+10:00,2026-08-10T13:04:48+10:00,7474,Unoccupied,56718,"-37.81870223318014, 144.95691458482557"
2026-08-10T20:09:39+10:00,2026-08-10T15:58:16+10:00,7474,Unoccupied,56715,"-37.818854986469205, 144.956985175657"
2026-08-10T20:09:39+10:00,2026-08-10T18:06:03+10:00,7476,Unoccupied,56733,"-37.81867682009409, 144.9566546658723"
2026-08-10T20:09:39+10:00,2026-08-10T02:34:44+10:00,7701,Unoccupied,55924,"-37.81426767569998, 144.95747111248096"
2026-08-10T20:09:39+10:00,2026-08-09T23:27:29+10:00,,Unoccupied,55912,"-37.81426106798155, 144.95765159659595"
2026-08-10T20:09:39+10:00,2026-08-10T03:39:40+10:00,7701,Unoccupied,55925,"-37.81420629732301, 144.95744294085466"
2026-08-10T20:09:39+10:00,2026-08-10T00:21:39+10:00,7631,Unoccupied,51619,"-37.815908054657584, 144.96965123731835"
2026-08-10T20:09:39+10:00,2026-08-10T19:46:14+10:00,7791,Unoccupied,56435,"-37.81568150533303, 144.95653706797742"
2026-08-10T20:09:39+10:00,2026-08-10T19:38:36+10:00,7791,Unoccupied,56438,"-37.815521310237656, 144.95646429223166"
2026-08-10T20:09:39+10:00,2026-08-10T17:47:28+10:00,7792,Present,58012,"-37.81773001493447, 144.95418519218777"
2026-08-10T20:09:39+10:00,2025-04-06T22:12:29+10:00,7792,Unoccupied,58013,"-37.81767086942417, 144.9541585826897"
2026-08-10T20:09:39+10:00,2026-07-07T15:20:52+10:00,7389,Unoccupied,53214,"-37.81269869482525, 144.96255296030284"
2026-08-10T20:09:39+10:00,2026-07-08T08:01:42+10:00,7379,Unoccupied,53224,"-37.81288318547357, 144.96242908195768"
2026-08-10T20:09:39+10:00,2026-07-08T06:59:51+10:00,7389,Present,53220,"-37.813101787043266, 144.9625293297599"
2026-08-10T20:09:39+10:00,2026-07-07T23:48:16+10:00,7389,Unoccupied,53222,"-37.812982263201675, 144.96247452105328"
2026-08-10T20:09:39+10:00,2026-07-08T06:07:20+10:00,7379,Present,53225,"-37.81283245261398, 144.9624057011988"
2026-08-10T20:09:39+10:00,2026-08-10T19:56:06+10:00,7695,Unoccupied,55517,"-37.81789891165239, 144.95931979324925"
2026-08-10T20:09:39+10:00,2026-06-14T16:32:20+10:00,7695,Present,55524,"-37.81827123676198, 144.95930572670258"
2026-08-10T20:09:39+10:00,2026-08-10T19:29:13+10:00,7692,Present,55522,"-37.818396184799624, 144.95936308207587"
2026-08-10T20:09:39+10:00,2025-05-19T00:10:57+10:00,,Unoccupied,55530,"-37.81903337857524, 144.9596700798047"
2026-08-10T20:09:39+10:00,2026-08-10T18:48:49+10:00,7695,Unoccupied,55514,"-37.81806392214321, 144.9593958187303"
2026-08-10T20:09:39+10:00,2026-08-10T17:35:50+10:00,7695,Present,55515,"-37.81801061185077, 144.95937125441878"
2026-08-10T20:09:39+10:00,2026-08-10T18:08:29+10:00,7939,Unoccupied,57640,"-37.81014123833853, 144.95271508397371"
2026-08-10T20:09:39+10:00,2026-08-10T17:39:58+10:00,7939,Unoccupied,57645,"-37.8098906355965, 144.9525865367229"
2026-08-10T20:09:39+10:00,2024-12-01T21:03:35+11:00,7939,Unoccupied,57647,"-37.809790870724726, 144.9525336522114"
2026-08-10T20:09:39+10:00,2026-08-10T18:33:31+10:00,7556,Present,65146,"-37.81042151264754, 144.96861424686875"
2026-08-10T20:09:39+10:00,2026-08-10T19:55:48+10:00,7556,Unoccupied,65145,"-37.810412827837034, 144.9686441031432"
2026-08-10T20:09:39+10:00,2026-08-10T19:58:45+10:00,7556,Present,65143,"-37.81039540990433, 144.96870376894992"
2026-08-10T20:09:39+10:00,2026-08-10T19:47:27+10:00,7518,Present,64834,"-37.814877027288816, 144.9572323930507"
2026-08-10T20:09:39+10:00,2026-08-10T19:55:37+10:00,7518,Unoccupied,64838,"-37.81495531089226, 144.95695891763057"
2026-08-10T20:09:39+10:00,2026-08-10T18:24:16+10:00,7518,Present,64816,"-37.81492239697805, 144.95689242099542"
2026-08-10T20:09:39+10:00,2024-04-01T22:32:17+11:00,7518,Unoccupied,64836,"-37.81491616940224, 144.9570956556792"
2026-08-10T20:09:39+10:00,2026-08-10T19:44:28+10:00,7518,Present,64835,"-37.81489659792048, 144.95716402407308"
2026-08-10T20:09:39+10:00,2026-08-10T14:29:32+10:00,,Unoccupied,64842,"-37.81481836742441, 144.95743750535982"
2026-08-10T20:09:39+10:00,2026-08-07T21:41:02+10:00,7521,Unoccupied,64812,"-37.814798378786335, 144.95732361318838"
2026-08-10T20:09:39+10:00,2026-08-10T18:57:50+10:00,7518,Present,64814,"-37.81488352759975, 144.95702868569998"
2026-08-10T20:09:39+10:00,2026-08-10T13:57:43+10:00,7518,Unoccupied,64817,"-37.814941646185694, 144.95682561784764"
2026-08-10T20:09:39+10:00,2026-08-10T19:53:52+10:00,7521,Unoccupied,64828,"-37.81516716968076, 144.95603745927696"
2026-08-10T20:09:39+10:00,2026-08-10T19:50:15+10:00,7333,Present,63810,"-37.81431749162729, 144.962648266511"
2026-08-10T20:09:39+10:00,2026-05-28T13:20:08+10:00,7332,Present,63825,"-37.81466444628833, 144.9614574139802"
2026-08-10T20:09:39+10:00,2026-08-10T19:45:52+10:00,7333,Unoccupied,63813,"-37.81437442154599, 144.96245410216721"
2026-08-10T20:09:39+10:00,2026-08-10T14:00:44+10:00,,Unoccupied,63818,"-37.814473619506714, 144.96211501203257"
2026-08-10T20:09:39+10:00,2026-08-10T19:25:00+10:00,7333,Unoccupied,63843,"-37.81454959097074, 144.9624221466601"
2026-08-10T20:09:39+10:00,2026-08-10T10:42:56+10:00,7333,Unoccupied,63811,"-37.81433676074869, 144.96258254879268"
2026-08-10T20:09:39+10:00,2026-08-10T16:12:14+10:00,7332,Unoccupied,63815,"-37.814412856979295, 144.96232302723405"
2026-08-10T20:09:39+10:00,2026-08-10T15:29:26+10:00,7333,Unoccupied,63841,"-37.814506257285274, 144.96257147609847"
2026-08-10T20:09:39+10:00,2026-08-10T17:45:04+10:00,7333,Present,63842,"-37.81452792671706, 144.9624968062531"
2026-08-10T20:09:39+10:00,2026-08-10T17:43:09+10:00,7445,Present,62545,"-37.81805289774185, 144.95576273823986"
2026-08-10T20:09:39+10:00,2026-08-10T19:52:10+10:00,7445,Present,62544,"-37.81803452280925, 144.95582675675763"
2026-08-10T20:09:39+10:00,2026-08-10T17:21:34+10:00,7445,Present,62543,"-37.81801586074662, 144.95589198674628"
2026-08-10T20:09:39+10:00,2026-08-10T18:16:06+10:00,7445,Present,62542,"-37.817997769618984, 144.95595497522484"
2026-08-10T20:09:39+10:00,2026-08-10T18:58:46+10:00,7445,Present,62540,"-37.81795102734901, 144.95611796944266"
2026-08-10T20:09:39+10:00,2026-08-04T08:09:20+10:00,7444,Present,62527,"-37.81822365955372, 144.9549952600501"
2026-08-10T20:09:39+10:00,2026-08-10T18:58:33+10:00,7378,Unoccupied,53025,"-37.814818003502644, 144.96331287532365"
2026-08-10T20:09:39+10:00,2026-08-10T19:50:01+10:00,,Unoccupied,53029,"-37.81460801767281, 144.96320121700958"
2026-08-10T20:09:39+10:00,2026-08-10T18:52:05+10:00,7378,Unoccupied,53011,"-37.81481204345859, 144.96352171429135"
2026-08-10T20:09:39+10:00,2026-08-10T19:02:21+10:00,7380,Present,53023,"-37.8149306733375, 144.9633686048779"
2026-08-10T20:09:39+10:00,2026-08-10T17:20:45+10:00,7351,Present,62115,"-37.81653618604406, 144.9626767432741"
2026-08-10T20:09:39+10:00,2026-08-10T18:38:59+10:00,7349,Unoccupied,62113,"-37.816498568344905, 144.96280630645708"
2026-08-10T20:09:39+10:00,2026-08-10T19:53:06+10:00,7351,Unoccupied,62119,"-37.816616898799694, 144.9623989049283"
2026-08-10T20:09:39+10:00,2026-08-10T20:00:37+10:00,7349,Unoccupied,62126,"-37.8167507680344, 144.96193677941244"
2026-08-10T20:09:39+10:00,2024-07-06T21:19:16+10:00,7351,Unoccupied,62140,"-37.81673719187262, 144.9625360670152"
2026-08-10T20:09:39+10:00,2026-02-13T10:48:37+11:00,7349,Unoccupied,62147,"-37.81687689209738, 144.9620526171365"
2026-08-10T20:09:39+10:00,2025-08-14T07:34:50+10:00,7471,Unoccupied,57021,"-37.815506397693994, 144.95545093189384"
2026-08-10T20:09:39+10:00,2025-12-11T06:24:56+11:00,7471,Unoccupied,57031,"-37.81572775436486, 144.95530285555185"
2026-08-10T20:09:39+10:00,2026-03-19T12:54:08+11:00,7472,Present,57023,"-37.816147644008694, 144.95549554657967"
2026-08-10T20:09:39+10:00,2026-03-19T11:14:03+11:00,7471,Present,57029,"-37.81583356152596, 144.9553514181648"
2026-08-10T20:09:39+10:00,2026-03-19T11:58:21+11:00,7471,Present,57028,"-37.815886477583604, 144.9553757053934"
2026-08-10T20:09:39+10:00,2026-03-19T13:03:39+11:00,7471,Unoccupied,57027,"-37.8159393931864, 144.95539999322324"
2026-08-10T20:09:39+10:00,2026-03-19T12:33:12+11:00,7471,Present,57026,"-37.81599230879458, 144.9554242805312"
2026-08-10T20:09:39+10:00,2026-08-10T19:21:05+10:00,7481,Present,57124,"-37.81514187258864, 144.95503370188558"
2026-08-10T20:09:39+10:00,2026-08-10T14:48:50+10:00,7482,Unoccupied,57119,"-37.81467251587734, 144.95506800907393"
2026-08-10T20:09:39+10:00,2026-08-10T14:48:09+10:00,7482,Unoccupied,57118,"-37.81472322831732, 144.95509139896348"
2026-08-10T20:09:39+10:00,2026-08-10T19:59:10+10:00,7482,Present,57128,"-37.8149337337928, 144.954937666693"
2026-08-10T20:09:39+10:00,2026-08-10T19:27:20+10:00,7481,Unoccupied,57125,"-37.8150906861673, 144.95501008361558"
2026-08-10T20:09:39+10:00,2026-08-10T19:54:02+10:00,7225,Present,58528,"-37.8146422598826, 144.95199432084115"
2026-08-10T20:09:39+10:00,2026-08-10T20:00:00+10:00,7225,Present,58527,"-37.81468994374296, 144.95201649462"
2026-08-10T20:09:39+10:00,2026-08-10T19:59:09+10:00,7225,Present,58530,"-37.81453871504742, 144.95194607649557"
2026-08-10T20:09:39+10:00,2026-08-10T19:55:02+10:00,7225,Present,58515,"-37.81432987481514, 144.95210614579122"
2026-08-10T20:09:39+10:00,2026-08-10T19:48:59+10:00,7225,Unoccupied,58516,"-37.81427926734709, 144.95208230048064"
2026-08-10T20:09:39+10:00,2026-05-22T20:42:58+10:00,7216,Unoccupied,58524,"-37.81346075623291, 144.9517031109293"
2026-08-10T20:09:39+10:00,2026-08-10T18:55:15+10:00,,Unoccupied,67120,"-37.81065835632261, 144.9599660216639"
2026-08-10T20:09:39+10:00,2026-08-10T19:51:39+10:00,7972,Unoccupied,58827,"-37.810652561857395, 144.95014043298335"
2026-08-10T20:09:39+10:00,2026-08-10T19:20:24+10:00,7967,Present,58817,"-37.810365978072994, 144.9502473874266"
2026-08-10T20:09:39+10:00,2026-08-10T19:11:32+10:00,7972,Unoccupied,58811,"-37.81075713292, 144.95044497354075"
2026-08-10T20:09:39+10:00,2026-08-10T19:59:34+10:00,7972,Unoccupied,58810,"-37.81080534020596, 144.9504672328998"
2026-08-10T20:09:39+10:00,2026-08-10T19:57:08+10:00,7971,Unoccupied,58742,"-37.81146122259169, 144.95052271822323"
2026-08-10T20:09:39+10:00,2026-08-10T17:20:56+10:00,7971,Present,58716,"-37.81159887659963, 144.950833595784"
2026-08-10T20:09:39+10:00,2026-08-10T17:55:59+10:00,7971,Unoccupied,58744,"-37.81135615515895, 144.9504741041651"
2026-08-10T20:09:39+10:00,2026-08-10T18:11:12+10:00,7968,Unoccupied,58611,"-37.8126872625526, 144.95133815890236"
2026-08-10T20:09:39+10:00,2026-08-10T15:33:58+10:00,7968,Unoccupied,58635,"-37.812311501810555, 144.95091510677076"
2026-08-10T20:09:39+10:00,2026-08-10T15:17:00+10:00,7968,Unoccupied,58633,"-37.812410847734114, 144.950961200417"
2026-08-10T20:09:39+10:00,2026-08-10T19:56:33+10:00,7968,Present,58610,"-37.812745501566425, 144.95136516295037"
2026-08-10T20:09:39+10:00,2026-08-10T19:59:41+10:00,7132,Present,69225,"-37.80730794264032, 144.96809505211183"
2026-08-10T20:09:39+10:00,2026-08-10T19:22:57+10:00,7127,Unoccupied,69315,"-37.80695534548087, 144.96654773905914"
2026-08-10T20:09:39+10:00,2026-08-10T18:53:43+10:00,7128,Unoccupied,69214,"-37.80712629794385, 144.96815004241068"
2026-08-10T20:09:39+10:00,2026-05-09T10:03:27+10:00,7127,Unoccupied,69319,"-37.80692833363751, 144.96630061639368"
2026-08-10T20:09:39+10:00,2026-08-10T18:13:31+10:00,7127,Unoccupied,69316,"-37.8069486193982, 144.96648647050552"
2026-08-10T20:09:39+10:00,2026-08-10T18:46:48+10:00,7128,Unoccupied,69213,"-37.80713392156861, 144.9682225366829"
2026-08-10T20:09:39+10:00,2024-07-14T14:44:14+10:00,7131,Unoccupied,69327,"-37.807152707536304, 144.9666000337199"
2026-08-10T20:09:39+10:00,2026-08-10T14:18:37+10:00,7131,Unoccupied,69322,"-37.80719131864514, 144.96696574094204"
2026-08-10T20:09:39+10:00,2024-12-22T10:23:31+11:00,7131,Unoccupied,69332,"-37.80711717637946, 144.9662556850074"
2026-08-10T20:09:39+10:00,2026-08-10T14:04:31+10:00,7127,Unoccupied,69317,"-37.80694198311406, 144.96642418673548"
2026-08-10T20:09:39+10:00,2025-04-03T06:56:02+11:00,7133,Unoccupied,69215,"-37.80711048315224, 144.9680032052134"
2026-08-10T20:09:39+10:00,2026-08-10T13:34:19+10:00,7943,Unoccupied,57420,"-37.81162602940204, 144.9536536825368"
2026-08-10T20:09:39+10:00,2026-08-10T14:54:13+10:00,7943,Unoccupied,57417,"-37.81177374275342, 144.9537224947149"
2026-08-10T20:09:39+10:00,2026-08-10T18:34:37+10:00,7943,Unoccupied,57415,"-37.811871822709676, 144.95376819008902"
2026-08-10T20:09:39+10:00,2026-08-10T18:34:35+10:00,7943,Unoccupied,57410,"-37.81211584440646, 144.9538818794186"
2026-08-10T20:09:39+10:00,2026-08-08T18:52:09+10:00,7943,Unoccupied,57444,"-37.811660440579516, 144.95342440897957"
2026-08-10T20:09:39+10:00,2026-08-10T18:54:48+10:00,7943,Unoccupied,57441,"-37.811812547775126, 144.95349529680078"
2026-08-10T20:09:39+10:00,2026-08-10T19:58:18+10:00,7943,Unoccupied,57440,"-37.81186316855129, 144.9535188878661"
2026-08-10T20:09:39+10:00,2026-08-10T19:52:10+10:00,7943,Unoccupied,57437,"-37.811993458528356, 144.9535765703549"
2026-08-10T20:09:39+10:00,2026-08-10T19:55:25+10:00,7944,Unoccupied,57542,"-37.811148750807135, 144.95318599127353"
2026-08-10T20:09:39+10:00,2025-01-24T06:39:11+11:00,7942,Unoccupied,57513,"-37.81104346065372, 144.953386294609"
2026-08-10T20:09:39+10:00,2026-08-10T17:05:59+10:00,7942,Unoccupied,57514,"-37.81099339166415, 144.95336323548224"
2026-08-10T20:09:39+10:00,2026-08-10T19:39:23+10:00,7943,Present,57435,"-37.81209071861974, 144.9536216495335"
2026-08-10T20:09:39+10:00,2025-05-15T15:47:31+10:00,,Unoccupied,35211,"-37.8078938307733, 144.9555062903146"
2026-08-10T20:09:39+10:00,2026-08-10T19:19:05+10:00,,Unoccupied,68965,"-37.80978360566416, 144.95111406187863"
2026-08-10T20:09:39+10:00,2026-08-10T19:18:28+10:00,,Unoccupied,68968,"-37.80987224080931, 144.95088111888447"
2026-08-10T20:09:39+10:00,2026-08-10T19:01:34+10:00,7927,Unoccupied,68961,"-37.80966279583488, 144.95143161051737"
2026-08-10T20:09:39+10:00,2026-07-30T02:44:32+10:00,7927,Present,68960,"-37.80963754899139, 144.95149793226284"
2026-08-10T20:09:39+10:00,2026-08-10T19:00:34+10:00,7632,Present,52511,"-37.80750908310358, 144.96590150996965"
2026-08-10T20:09:39+10:00,2026-08-10T19:24:00+10:00,7632,Unoccupied,52513,"-37.80740153216516, 144.96591541566923"
2026-08-10T20:09:39+10:00,2026-08-10T18:49:59+10:00,7641,Present,52420,"-37.80803999838692, 144.96604209588145"
2026-08-10T20:09:39+10:00,2026-08-10T19:12:41+10:00,7641,Present,52417,"-37.808207475275836, 144.9661188419813"
2026-08-10T20:09:39+10:00,2026-08-10T19:46:06+10:00,7641,Unoccupied,52422,"-37.80793927082644, 144.96599596443622"
2026-08-10T20:09:39+10:00,2026-08-10T18:49:04+10:00,7641,Present,52419,"-37.8080960121241, 144.9660677527818"
2026-08-10T20:09:39+10:00,2026-08-10T19:38:18+10:00,,Unoccupied,52412,"-37.8086716740292, 144.96608389761838"
2026-08-10T20:09:39+10:00,2026-08-10T18:54:31+10:00,7641,Present,52421,"-37.807989189193, 144.9660188302666"
2026-08-10T20:09:39+10:00,2026-08-10T18:16:53+10:00,7565,Present,67625,"-37.80739948208542, 144.9673956888526"
2026-08-10T20:09:39+10:00,2026-08-10T19:31:06+10:00,7580,Unoccupied,67644,"-37.807744394378666, 144.9661874773044"
2026-08-10T20:09:39+10:00,2026-08-10T20:06:15+10:00,7580,Present,67629,"-37.80747410565047, 144.96714292170287"
2026-08-10T20:09:39+10:00,2026-08-10T19:22:32+10:00,7580,Unoccupied,67640,"-37.807668059501424, 144.96643795967796"
2026-08-10T20:09:39+10:00,2026-05-03T10:38:18+10:00,7580,Unoccupied,67639,"-37.80765569064543, 144.96648000906234"
2026-08-10T20:09:39+10:00,2026-08-10T18:32:44+10:00,7408,Present,51513,"-37.807652378447166, 144.9685446122277"
2026-08-10T20:09:39+10:00,2026-08-10T10:14:32+10:00,,Present,51510,"-37.80771904393151, 144.96857395709839"
2026-08-10T20:09:39+10:00,2026-08-10T20:03:05+10:00,7408,Unoccupied,51531,"-37.80748854535027, 144.96833945669601"
2026-08-10T20:09:39+10:00,2026-08-10T19:53:05+10:00,7408,Unoccupied,51530,"-37.80754761459572, 144.96836734176864"
2026-08-10T20:09:39+10:00,2026-08-10T19:28:54+10:00,7408,Unoccupied,51528,"-37.8077147325106, 144.96844463503325"
2026-08-10T20:09:39+10:00,2026-08-10T19:36:00+10:00,7408,Unoccupied,51527,"-37.807765773400845, 144.96846709739583"
2026-08-10T20:09:39+10:00,2026-08-10T19:40:18+10:00,7409,Unoccupied,51526,"-37.80781893964384, 144.9684904948254"
2026-08-10T20:09:39+10:00,2026-08-10T19:34:38+10:00,7409,Unoccupied,51525,"-37.807874231219415, 144.96851482791635"
2026-08-10T20:09:39+10:00,2026-08-10T19:41:44+10:00,7602,Unoccupied,54920,"-37.80807570162669, 144.95806784699693"
2026-08-10T20:09:39+10:00,2026-08-10T19:55:53+10:00,7601,Unoccupied,54910,"-37.80861954304161, 144.9579723411033"
2026-08-10T20:09:39+10:00,2026-08-10T00:24:29+10:00,7932,Unoccupied,68826,"-37.80894998424186, 144.95313143378894"
2026-08-10T20:09:39+10:00,2026-08-10T18:15:39+10:00,7932,Unoccupied,68820,"-37.80883181316302, 144.95354249961454"
2026-08-10T20:09:39+10:00,2026-08-10T18:53:26+10:00,7932,Present,68819,"-37.80881209865709, 144.95361115205299"
2026-08-10T20:09:39+10:00,2026-08-08T10:36:28+10:00,7932,Unoccupied,68813,"-37.808612275222615, 144.95430203540747"
2026-08-10T20:09:39+10:00,2026-08-10T14:18:53+10:00,7932,Unoccupied,68812,"-37.808594407615104, 144.95436484839348"
2026-08-10T20:09:39+10:00,2026-08-10T19:40:17+10:00,,Unoccupied,68838,"-37.808725655089006, 144.95443489437665"
2026-08-10T20:09:39+10:00,2026-08-10T20:07:46+10:00,7932,Present,68854,"-37.80904047172233, 144.9533401129657"
2026-08-10T20:09:39+10:00,2026-08-10T18:42:39+10:00,7932,Unoccupied,68857,"-37.809099263016606, 144.95313559018194"
2026-08-10T20:09:39+10:00,2026-08-10T19:45:27+10:00,7932,Unoccupied,68849,"-37.808942745511615, 144.95368000364888"
2026-08-10T20:09:39+10:00,2026-08-06T08:41:16+10:00,7687,Unoccupied,69112,"-37.80735189776571, 144.97023574502953"
2026-08-10T20:09:39+10:00,2026-08-10T17:40:12+10:00,7691,Unoccupied,69138,"-37.80745851570401, 144.9695055830581"
2026-08-10T20:09:39+10:00,2026-08-10T13:14:17+10:00,7691,Unoccupied,69131,"-37.807506692444434, 144.96995863145202"
2026-08-10T20:09:39+10:00,2026-04-21T17:46:52+10:00,7687,Unoccupied,69111,"-37.80735917921301, 144.97030323905142"
2026-08-10T20:09:39+10:00,2024-12-01T15:27:35+11:00,7691,Unoccupied,69134,"-37.80748426051191, 144.9697480992644"
2026-08-10T20:09:39+10:00,2025-08-31T04:08:02+10:00,7687,Unoccupied,69113,"-37.80734461581015, 144.97016825157817"
2026-08-10T20:09:39+10:00,2024-07-12T10:31:35+10:00,7687,Present,69116,"-37.80732278964757, 144.969965784816"
2026-08-10T20:09:39+10:00,2024-12-05T11:52:09+11:00,7687,Unoccupied,69125,"-37.807257221101935, 144.96935823355474"
2026-08-10T20:09:39+10:00,2026-08-10T15:23:25+10:00,7687,Unoccupied,69121,"-37.8072864283796, 144.96962826703924"
2026-08-10T20:09:39+10:00,2026-08-10T17:32:36+10:00,7691,Unoccupied,69135,"-37.80747740650119, 144.96968137064582"
2026-08-10T20:09:39+10:00,2026-08-10T19:15:32+10:00,7136,Unoccupied,69519,"-37.806600144486666, 144.9633195513479"
2026-08-10T20:09:39+10:00,2026-08-10T16:08:45+10:00,7136,Unoccupied,69518,"-37.80661483483896, 144.96344972856167"
2026-08-10T20:09:39+10:00,2026-08-10T19:39:27+10:00,7136,Unoccupied,69510,"-37.80667475542301, 144.963980928975"
2026-08-10T20:09:39+10:00,2024-11-07T05:57:27+11:00,7139,Present,69525,"-37.806844391996464, 144.96380383373912"
2026-08-10T20:09:39+10:00,2026-08-10T19:03:03+10:00,7144,Unoccupied,69421,"-37.80703201217452, 144.9654891560015"
2026-08-10T20:09:39+10:00,2026-08-10T19:30:32+10:00,7144,Present,69423,"-37.807017486000646, 144.965358663306"
2026-08-10T20:09:39+10:00,2026-08-10T18:54:54+10:00,7144,Present,69424,"-37.80700950105642, 144.9652858997431"
2026-08-10T20:09:39+10:00,2026-08-10T16:55:43+10:00,7162,Unoccupied,69425,"-37.807001524895135, 144.9652131276587"
2026-08-10T20:09:39+10:00,2026-08-10T14:38:30+10:00,7141,Unoccupied,69418,"-37.80675649097219, 144.96471270673874"
2026-08-10T20:09:39+10:00,2026-08-10T18:38:17+10:00,7141,Unoccupied,69417,"-37.80676451602207, 144.9647846229444"
2026-08-10T20:09:39+10:00,2025-11-08T19:51:13+11:00,7141,Unoccupied,69416,"-37.80677251027565, 144.96485620848983"
2026-08-10T20:09:39+10:00,2026-08-10T20:04:43+10:00,7141,Unoccupied,69412,"-37.80682465305274, 144.96532761199126"
2026-08-10T20:09:39+10:00,2026-08-10T19:57:33+10:00,7141,Unoccupied,69411,"-37.806831697771216, 144.96539170868607"
2026-08-10T20:09:39+10:00,2026-08-10T20:04:31+10:00,7141,Unoccupied,69410,"-37.80683857316646, 144.96545359015948"
2026-08-10T20:09:39+10:00,2026-08-10T19:34:22+10:00,7136,Present,69512,"-37.806660016718, 144.96385023972658"
2026-08-10T20:09:39+10:00,2026-08-10T16:38:05+10:00,7162,Unoccupied,69426,"-37.80699406079861, 144.96514574643032"
2026-08-10T20:09:39+10:00,2026-08-10T20:05:09+10:00,7162,Unoccupied,69427,"-37.8069867011524, 144.96507924378972"
2026-08-10T20:09:39+10:00,2026-08-09T22:10:05+10:00,7404,Unoccupied,53719,"-37.80745452608738, 144.96014104398526"
2026-08-10T20:09:39+10:00,2026-08-10T20:06:40+10:00,7383,Unoccupied,53713,"-37.807780513762125, 144.9602904404697"
2026-08-10T20:09:39+10:00,2026-08-10T10:43:26+10:00,7404,Unoccupied,53716,"-37.80762821878824, 144.9602202114509"
2026-08-10T20:09:39+10:00,2026-03-16T02:11:23+11:00,7990,Unoccupied,56358,"-37.81009253218916, 144.95555611518535"
2026-08-10T20:09:39+10:00,2026-08-10T19:06:22+10:00,7990,Unoccupied,56354,"-37.81031606542858, 144.9556585540132"
2026-08-10T20:09:39+10:00,2025-10-31T02:39:36+11:00,7990,Present,56346,"-37.810661166635, 144.9558166845021"
2026-08-10T20:09:39+10:00,2026-08-10T19:39:26+10:00,7990,Unoccupied,56345,"-37.810717056593454, 144.9558422955235"
2026-08-10T20:09:39+10:00,2026-07-18T20:30:52+10:00,,Unoccupied,56338,"-37.81110823986158, 144.95602159199387"
2026-08-10T20:09:39+10:00,2026-08-10T14:41:45+10:00,,Present,56336,"-37.81122000737218, 144.95607281807838"
2026-08-10T20:09:39+10:00,2026-08-10T19:06:30+10:00,7990,Unoccupied,56355,"-37.810260183498755, 144.95563293466"
2026-08-10T20:09:39+10:00,2026-08-08T20:42:13+10:00,,Present,56333,"-37.81138765753884, 144.9561496643365"
2026-08-10T20:09:39+10:00,2026-08-09T08:58:49+10:00,,Present,56332,"-37.81144353980875, 144.95617527697274"
2026-08-10T20:09:39+10:00,2026-08-10T18:35:19+10:00,7822,Present,70660,"-37.822361190233245, 144.9649185712248"
2026-08-10T20:09:39+10:00,2026-08-10T19:03:30+10:00,7822,Present,70658,"-37.82230514010774, 144.9650423671195"
2026-08-10T20:09:39+10:00,2025-11-04T10:25:04+11:00,7822,Present,70654,"-37.822180511136914, 144.96531893919462"
2026-08-10T20:09:39+10:00,2026-08-10T19:06:09+10:00,7822,Present,70661,"-37.822390269840156, 144.96485450431499"
2026-08-10T20:09:39+10:00,2026-08-10T19:50:59+10:00,7816,Present,70651,"-37.82208994510994, 144.96551990329834"
2026-08-10T20:09:39+10:00,2026-08-10T19:04:53+10:00,7823,Present,70620,"-37.821381351577074, 144.966532903299"
2026-08-10T20:09:39+10:00,2026-08-10T19:53:04+10:00,7824,Present,70641,"-37.82164319988908, 144.96651022002177"
2026-08-10T20:09:39+10:00,2026-08-10T19:40:29+10:00,7824,Present,70640,"-37.821616358681894, 144.96657054265097"
2026-08-10T20:09:39+10:00,2026-08-08T09:17:02+10:00,,Present,70625,"-37.821508141659876, 144.96622806286655"
2026-08-10T20:09:39+10:00,2026-08-10T18:27:07+10:00,7823,Present,70621,"-37.821406525293064, 144.9664672280345"
2026-08-10T20:09:39+10:00,2026-08-10T14:53:57+10:00,,Present,70626,"-37.82153465404508, 144.96616549838217"
2026-08-10T20:09:39+10:00,2026-08-10T20:05:34+10:00,7824,Unoccupied,70642,"-37.82168032470278, 144.96642794285347"
2026-08-10T20:09:39+10:00,2026-08-10T19:45:36+10:00,,Present,72636,"-37.825645815275166, 144.95982079752298"
2026-08-10T20:09:39+10:00,2026-08-10T19:37:37+10:00,,Unoccupied,72635,"-37.825606659590996, 144.9597822708971"
2026-08-10T20:09:39+10:00,2026-08-10T18:05:50+10:00,7872,Present,72024,"-37.820451665135536, 144.96762561754727"
2026-08-10T20:09:39+10:00,2026-08-10T17:10:46+10:00,7872,Present,72023,"-37.82047411273656, 144.96765353641"
2026-08-10T20:09:39+10:00,2026-08-10T11:54:24+10:00,,Present,72021,"-37.82052075913033, 144.96771162822705"
2026-08-10T20:09:39+10:00,2026-08-10T12:04:28+10:00,,Present,72020,"-37.82054333904928, 144.96773977298056"
2026-08-10T20:09:39+10:00,2026-08-10T20:05:45+10:00,7872,Present,72027,"-37.820387067065255, 144.96754577588896"
2026-08-10T20:09:39+10:00,2026-08-10T20:00:40+10:00,,Unoccupied,72010,"-37.820513303608934, 144.9678394214995"
2026-08-10T20:09:39+10:00,2026-08-10T20:00:31+10:00,,Unoccupied,71820,"-37.822755789822, 144.96667263266178"
2026-08-10T20:09:39+10:00,2026-08-10T19:38:52+10:00,7801,Unoccupied,71231,"-37.82705539249284, 144.95891862009086"
2026-08-10T20:09:39+10:00,2026-08-10T19:51:50+10:00,7821,Unoccupied,71117,"-37.82624366023661, 144.95959520238878"
2026-08-10T20:09:39+10:00,2026-08-10T19:55:21+10:00,7821,Unoccupied,71118,"-37.826286516135326, 144.95955466010253"
2026-08-10T20:09:39+10:00,2026-08-10T19:12:23+10:00,7810,Unoccupied,71216,"-37.82705401938765, 144.95866827938497"
2026-08-10T20:09:39+10:00,2026-08-10T18:24:58+10:00,7810,Present,71214,"-37.82697545126102, 144.958760818757"
2026-08-10T20:09:39+10:00,2026-08-10T15:30:20+10:00,7820,Present,71138,"-37.82661895130393, 144.95943048114634"
2026-08-10T20:09:39+10:00,2026-08-10T19:24:54+10:00,7820,Present,71141,"-37.82673650578267, 144.95929379059606"
2026-08-10T20:09:39+10:00,2026-08-10T18:50:26+10:00,7820,Present,71140,"-37.826698424600785, 144.95933807022186"
2026-08-10T20:09:39+10:00,2026-08-10T18:21:03+10:00,7820,Present,71136,"-37.82653961915926, 144.9595229339007"
2026-08-10T20:09:39+10:00,2026-08-10T18:51:47+10:00,7810,Unoccupied,71217,"-37.827097935478776, 144.95861616335281"
2026-08-10T20:09:39+10:00,2026-08-10T19:37:43+10:00,7811,Present,71220,"-37.827217155089315, 144.95846504289273"
2026-08-10T20:09:39+10:00,2026-08-10T17:26:09+10:00,7579,Unoccupied,63451,"-37.81203957621293, 144.970983593582"
2026-08-10T20:09:39+10:00,2026-08-10T18:21:55+10:00,7850,Present,73122,"-37.82632848996059, 144.95808400796088"
2026-08-10T20:09:39+10:00,2026-08-10T20:05:46+10:00,7604,Present,54735,"-37.8107948057358, 144.95866014892857"
2026-08-10T20:09:39+10:00,2026-08-10T20:04:55+10:00,7693,Present,54716,"-37.810302445885284, 144.958682998151"
2026-08-10T20:09:39+10:00,2026-08-10T19:49:07+10:00,7693,Present,54717,"-37.81025164691165, 144.95865970089443"
2026-08-10T20:09:39+10:00,2026-08-10T17:34:03+10:00,,Present,54820,"-37.809846541450874, 144.95822580859146"
2026-08-10T20:09:39+10:00,2026-08-10T18:33:02+10:00,7819,Unoccupied,70945,"-37.82535384701153, 144.96063830099928"
2026-08-10T20:09:39+10:00,2026-08-10T17:57:34+10:00,7818,Present,70944,"-37.82531766102389, 144.96068079135682"
2026-08-10T20:09:39+10:00,2026-08-10T19:49:44+10:00,7818,Unoccupied,70922,"-37.824504003128325, 144.9616374062682"
2026-08-10T20:09:39+10:00,2026-08-09T23:58:54+10:00,7818,Unoccupied,70921,"-37.824465493056294, 144.96168269986134"
2026-08-10T20:09:39+10:00,2026-08-10T19:04:13+10:00,,Present,70953,"-37.82443524825243, 144.96199419972947"
2026-08-10T20:09:39+10:00,2026-08-09T04:34:37+10:00,7818,Present,70957,"-37.82468201905897, 144.96170311892075"
2026-08-10T20:09:39+10:00,2026-08-10T18:54:09+10:00,7818,Present,70959,"-37.82476394919172, 144.96160655082275"
2026-08-10T20:09:39+10:00,2026-08-10T19:58:30+10:00,7818,Unoccupied,70961,"-37.824843009528195, 144.96151356835108"
2026-08-10T20:09:39+10:00,2026-08-10T19:40:11+10:00,7818,Unoccupied,70962,"-37.82488253986703, 144.96146708456382"
2026-08-10T20:09:39+10:00,2026-06-11T19:42:30+10:00,7818,Unoccupied,70963,"-37.8249221048191, 144.96142064405925"
2026-08-10T20:09:39+10:00,2026-08-10T20:06:36+10:00,,Present,70952,"-37.824398728964965, 144.9620365877305"
2026-08-10T20:09:39+10:00,2026-08-10T18:03:27+10:00,7819,Present,70950,"-37.82432001888161, 144.96212985058344"
2026-08-10T20:09:39+10:00,2026-08-10T19:21:02+10:00,7818,Present,70930,"-37.824793384088785, 144.9612974751745"
2026-08-10T20:09:39+10:00,2026-08-10T20:07:36+10:00,7818,Unoccupied,70964,"-37.82496171666247, 144.96137426595612"
2026-08-10T20:09:39+10:00,2026-08-10T19:12:11+10:00,7819,Present,70965,"-37.82500133419515, 144.9613279029224"
2026-08-10T20:09:39+10:00,2026-08-10T20:04:59+10:00,7897,Unoccupied,70910,"-37.82401813095776, 144.96220661976167"
2026-08-10T20:09:39+10:00,2026-07-21T07:00:53+10:00,7450,Unoccupied,61139,"-37.816803779356526, 144.96591987033625"
2026-08-10T20:09:39+10:00,2026-08-09T13:47:28+10:00,,Unoccupied,61137,"-37.81675514971775, 144.9660867513672"
2026-08-10T20:09:39+10:00,2026-08-08T00:50:12+10:00,7893,Unoccupied,75984,"-37.82810028125719, 144.96605229113038"
2026-08-10T20:09:39+10:00,2026-08-08T01:09:51+10:00,7893,Unoccupied,75975,"-37.82764228314582, 144.96619054849592"
2026-08-10T20:09:39+10:00,2026-08-10T17:24:36+10:00,7893,Present,75915,"-37.82628579891664, 144.96640087541772"
2026-08-10T20:09:39+10:00,2026-08-10T20:06:43+10:00,7893,Unoccupied,75916,"-37.82633836453782, 144.96638496884083"
2026-08-10T20:09:39+10:00,2026-08-10T19:52:25+10:00,7893,Unoccupied,75917,"-37.826390970960325, 144.96636928545695"
2026-08-10T20:09:39+10:00,2026-08-10T17:28:33+10:00,7893,Present,75924,"-37.82675903437709, 144.96625854085465"
2026-08-10T20:09:39+10:00,2026-08-10T17:40:19+10:00,7893,Present,75950,"-37.8263373000669, 144.96658455583415"
2026-08-10T20:09:39+10:00,2026-08-10T17:19:57+10:00,7893,Present,75952,"-37.82644251664954, 144.96655311477824"
2026-08-10T20:09:39+10:00,2026-08-10T19:48:59+10:00,7893,Present,75953,"-37.8264951211562, 144.9665373789165"
2026-08-10T20:09:39+10:00,2026-08-10T20:03:10+10:00,7893,Present,75954,"-37.82654769116646, 144.96652161345517"
2026-08-10T20:09:39+10:00,2026-08-10T19:33:53+10:00,7893,Present,75955,"-37.826600290780505, 144.96650585179736"
2026-08-10T20:09:39+10:00,2026-08-10T20:04:17+10:00,7893,Unoccupied,75956,"-37.82665289217323, 144.9664900881775"
2026-08-10T20:09:39+10:00,2026-08-10T17:05:11+10:00,7893,Present,75958,"-37.826758060887315, 144.96645855470655"
2026-08-10T20:09:39+10:00,2026-08-07T23:37:55+10:00,7893,Unoccupied,75941,"-37.82769134882476, 144.96599252083348"
2026-08-10T20:09:39+10:00,2026-08-07T21:30:27+10:00,7893,Unoccupied,75947,"-37.828035444054514, 144.9658889234616"
2026-08-10T20:09:39+10:00,2026-08-07T18:25:06+10:00,7893,Present,75940,"-37.827638769800316, 144.96600835173027"
2026-08-10T20:09:39+10:00,2026-03-18T11:10:09+11:00,7866,Unoccupied,70743,"-37.82219636407522, 144.96660052629085"
2026-08-10T20:09:39+10:00,2025-11-07T23:01:36+11:00,7866,Unoccupied,70745,"-37.8222526096046, 144.96647729467784"
2026-08-10T20:09:39+10:00,2026-03-18T11:22:11+11:00,,Unoccupied,70741,"-37.82213707688253, 144.96673188566825"
2026-08-10T20:09:39+10:00,2026-03-23T13:46:27+11:00,7866,Present,70732,"-37.82264164343922, 144.9654980591564"
2026-08-10T20:09:39+10:00,2026-08-10T17:45:49+10:00,7825,Present,72811,"-37.82643517544002, 144.95901423374323"
2026-08-10T20:09:39+10:00,2026-08-10T20:03:54+10:00,7825,Unoccupied,72813,"-37.82626792112731, 144.9589370868826"
2026-08-10T20:09:39+10:00,2026-08-10T19:03:50+10:00,7825,Present,72837,"-37.82622265776705, 144.95879673174358"
2026-08-10T20:09:39+10:00,2025-07-09T11:05:01+10:00,7875,Unoccupied,72834,"-37.82642846369972, 144.95889205903285"
2026-08-10T20:09:39+10:00,2026-08-10T19:54:46+10:00,7551,Present,65436,"-37.812362841149934, 144.9619371874914"
2026-08-10T20:09:39+10:00,2026-08-10T18:04:01+10:00,7953,Present,78333,"-37.82601434633129, 144.96706427167499"
2026-08-10T20:09:39+10:00,2026-08-10T18:10:08+10:00,,Present,55218,"-37.81901709238769, 144.96083415612688"
2026-08-10T20:09:39+10:00,2026-08-10T18:23:39+10:00,7583,Present,55224,"-37.81810045213285, 144.9606624117323"
2026-08-10T20:09:39+10:00,2026-08-10T18:29:14+10:00,7462,Present,53140,"-37.808981401562846, 144.95894790166102"
2026-08-10T20:09:39+10:00,2026-08-10T15:57:26+10:00,7462,Present,53117,"-37.80918924906397, 144.95910128086228"
2026-08-10T20:09:39+10:00,2026-08-08T15:39:18+10:00,7890,Present,75830,"-37.82514378112137, 144.966762387681"
2026-08-10T20:09:39+10:00,2026-08-10T17:02:49+10:00,7890,Present,75825,"-37.82487571253092, 144.96684370651138"
2026-08-10T20:09:39+10:00,2026-08-08T14:19:01+10:00,7890,Present,75831,"-37.825197298984605, 144.96674647882082"
2026-08-10T20:09:39+10:00,2026-08-10T16:20:20+10:00,7890,Present,75823,"-37.82476852888526, 144.96687610469507"
2026-08-10T20:09:39+10:00,2026-08-10T19:55:45+10:00,7890,Present,75826,"-37.82493132309075, 144.9668268478689"
2026-08-10T20:09:39+10:00,2026-08-10T18:44:13+10:00,7890,Present,75824,"-37.82482096193078, 144.96686029223636"
2026-08-10T20:09:39+10:00,2026-08-10T20:03:39+10:00,7890,Unoccupied,75829,"-37.82509120939176, 144.96677825694633"
2026-08-10T20:09:39+10:00,2026-08-10T17:34:54+10:00,7890,Present,75827,"-37.82498523941017, 144.96681048450074"
2026-08-10T20:09:39+10:00,2026-08-09T18:31:40+10:00,,Present,75839,"-37.825630608688364, 144.96660634747911"
2026-08-10T20:09:39+10:00,2026-08-10T18:56:19+10:00,7890,Present,75878,"-37.82545821381558, 144.9668610163307"
2026-08-10T20:09:39+10:00,2026-08-10T18:35:44+10:00,7890,Present,75879,"-37.82550221906067, 144.96684859663162"
2026-08-10T20:09:39+10:00,2026-08-10T19:26:49+10:00,,Unoccupied,75860,"-37.82453307289385, 144.967129415309"
2026-08-10T20:09:39+10:00,2026-08-08T00:52:02+10:00,7896,Unoccupied,76062,"-37.829170951101254, 144.9657273970457"
2026-08-10T20:09:39+10:00,2026-08-07T19:16:55+10:00,7896,Unoccupied,76058,"-37.82896679023051, 144.96578988670515"
2026-08-10T20:09:39+10:00,2026-08-08T00:21:11+10:00,7896,Unoccupied,76037,"-37.82990674254552, 144.96531504551226"
2026-08-10T20:09:39+10:00,2026-08-08T01:45:39+10:00,7896,Unoccupied,76036,"-37.82985526707957, 144.96533398011607"
2026-08-10T20:09:39+10:00,2026-08-08T02:45:23+10:00,7896,Unoccupied,76035,"-37.82980374113194, 144.96535292445301"
2026-08-10T20:09:39+10:00,2026-08-07T22:52:40+10:00,7896,Unoccupied,76034,"-37.829752912744524, 144.96536989493032"
2026-08-10T20:09:39+10:00,2026-08-07T12:48:46+10:00,7892,Unoccupied,76029,"-37.829483300887205, 144.96545478361776"
2026-08-10T20:09:39+10:00,2026-08-07T23:46:16+10:00,7896,Unoccupied,76023,"-37.829170016706826, 144.9655500606616"
2026-08-10T20:09:39+10:00,2026-08-07T23:18:31+10:00,7892,Unoccupied,76015,"-37.82874227821386, 144.96567932800804"
2026-08-10T20:09:39+10:00,2026-08-07T23:58:17+10:00,7896,Unoccupied,76072,"-37.82967286991281, 144.96559184914693"
2026-08-10T20:09:39+10:00,2026-08-10T19:52:49+10:00,7357,Unoccupied,62440,"-37.81858778355529, 144.9561211807604"
2026-08-10T20:09:39+10:00,2026-08-10T19:54:59+10:00,7357,Unoccupied,62438,"-37.81854967641618, 144.95625409501795"
2026-08-10T20:09:39+10:00,2023-01-14T10:58:09+11:00,,Present,6547,"-37.809835026066864, 144.95863398972602"
2026-08-10T20:09:39+10:00,2024-04-11T13:06:54+10:00,7306,Present,6542,"-37.80972513150164, 144.9590147947672"
2026-08-10T20:09:39+10:00,2024-04-11T12:10:26+10:00,7306,Present,20524,"-37.809456876027085, 144.9599434074425"
2026-08-10T20:09:39+10:00,2026-08-09T21:38:32+10:00,,Present,67865,"-37.80978098749581, 144.95923996102786"
2026-08-10T20:09:39+10:00,2026-08-10T19:11:27+10:00,7307,Present,67872,"-37.8099110019257, 144.95879207525178"
2026-08-10T20:09:39+10:00,2026-08-10T19:36:05+10:00,7306,Present,67851,"-37.8095327150987, 144.9600953129998"
2026-08-10T20:09:39+10:00,2025-05-13T20:30:46+10:00,7306,Present,67854,"-37.80958746883582, 144.95990666841857"
2026-08-10T20:09:39+10:00,2026-08-10T19:45:42+10:00,7938,Unoccupied,23837,"-37.81196123963217, 144.951246571573"
2026-08-10T20:09:39+10:00,2026-08-10T18:27:20+10:00,7938,Present,23835,"-37.81191442676921, 144.9514121646309"
2026-08-10T20:09:39+10:00,2026-08-10T17:33:16+10:00,7938,Present,23820,"-37.81159624830087, 144.95253676839363"
2026-08-10T20:09:39+10:00,2026-08-10T18:55:28+10:00,7938,Present,23818,"-37.811560711178714, 144.95266258350728"
2026-08-10T20:09:39+10:00,2026-08-10T20:05:36+10:00,7951,Present,23841,"-37.81154627492886, 144.95312951405137"
2026-08-10T20:09:39+10:00,2025-05-15T13:42:51+10:00,7938,Unoccupied,23847,"-37.811668102005434, 144.9526989486269"
2026-08-10T20:09:39+10:00,2026-08-10T16:32:42+10:00,7938,Present,23851,"-37.81173638827259, 144.9524571847956"
2026-08-10T20:09:39+10:00,2026-08-10T19:32:43+10:00,7938,Unoccupied,23852,"-37.81175304685548, 144.9523983118441"
2026-08-10T20:09:39+10:00,2026-08-10T20:04:22+10:00,7938,Unoccupied,23856,"-37.81182574918229, 144.95214162638536"
2026-08-10T20:09:39+10:00,2026-08-10T19:45:08+10:00,7938,Unoccupied,23858,"-37.81186210037012, 144.95201328289414"
2026-08-10T20:09:39+10:00,2026-08-10T17:30:07+10:00,7938,Present,23867,"-37.812053305305284, 144.9513360846771"
2026-08-10T20:09:39+10:00,2026-08-10T18:49:19+10:00,7952,Present,23812,"-37.81145338951559, 144.9530420100263"
2026-08-10T20:09:39+10:00,2026-08-10T19:30:33+10:00,7951,Unoccupied,23824,"-37.81167376522381, 144.95226234145088"
2026-08-10T20:09:39+10:00,2026-08-10T17:53:41+10:00,7871,Present,72523,"-37.82464460903405, 144.9604760819723"
2026-08-10T20:09:39+10:00,2026-08-10T17:53:30+10:00,7871,Unoccupied,72522,"-37.82469736742203, 144.9604587336382"
2026-08-10T20:09:39+10:00,2026-05-20T16:25:39+10:00,7871,Present,72530,"-37.82429379258844, 144.96059151402804"
2026-08-10T20:09:39+10:00,2026-08-10T19:36:44+10:00,7871,Present,72528,"-37.824397738153245, 144.96055730920628"
2026-08-10T20:09:39+10:00,2026-08-10T19:39:43+10:00,7871,Present,72527,"-37.82444944590364, 144.96054036455013"
2026-08-10T20:09:39+10:00,2026-08-10T17:49:49+10:00,7868,Present,72532,"-37.82420613114366, 144.96061967378415"
2026-08-10T20:09:39+10:00,2026-08-10T19:51:46+10:00,7868,Present,72536,"-37.823998254411535, 144.96069051041383"
2026-08-10T20:09:39+10:00,2026-08-10T14:22:46+10:00,7871,Present,72562,"-37.82459588917753, 144.9602626609576"
2026-08-10T20:09:39+10:00,2026-08-10T17:49:16+10:00,7871,Unoccupied,72563,"-37.824545763778914, 144.96027915918302"
2026-08-10T20:09:39+10:00,2026-08-10T20:05:30+10:00,7871,Unoccupied,72566,"-37.824388850774014, 144.96033080604917"
2026-08-10T20:09:39+10:00,2026-08-10T18:26:29+10:00,7871,Unoccupied,72567,"-37.824336546591724, 144.9603480208538"
2026-08-10T20:09:39+10:00,2026-08-10T18:16:11+10:00,7871,Unoccupied,72568,"-37.82428425198165, 144.96036523733568"
2026-08-10T20:09:39+10:00,2026-08-10T18:52:51+10:00,7871,Present,72525,"-37.82458236816918, 144.96049658841173"
2026-08-10T20:09:39+10:00,2026-08-10T18:47:22+10:00,7871,Present,72541,"-37.82372418734431, 144.96077837984438"
2026-08-10T20:09:39+10:00,2026-08-10T17:06:21+10:00,7871,Unoccupied,72542,"-37.82366476720894, 144.96079737579706"
2026-08-10T20:09:39+10:00,2026-08-10T17:30:27+10:00,7868,Unoccupied,72537,"-37.823949216096665, 144.96070631101549"
2026-08-10T20:09:39+10:00,2026-08-10T19:58:42+10:00,7871,Unoccupied,72517,"-37.824962552125314, 144.9603711692923"
2026-08-10T20:09:39+10:00,2026-07-08T19:48:35+10:00,7846,Unoccupied,78158,"-37.82529992344985, 144.9698552124544"
2026-08-10T20:09:39+10:00,2026-07-08T17:05:02+10:00,7846,Unoccupied,78159,"-37.82531900015133, 144.9697908808855"
2026-08-10T20:09:39+10:00,2026-07-09T10:31:02+10:00,7846,Present,78114,"-37.82507069569607, 144.97028293341924"
2026-08-10T20:09:39+10:00,2026-07-09T07:31:55+10:00,7846,Present,78115,"-37.82507880536036, 144.97025523871878"
2026-08-10T20:09:39+10:00,2026-07-09T08:37:14+10:00,7846,Unoccupied,78116,"-37.82508693909338, 144.97022754456802"
2026-08-10T20:09:39+10:00,2026-07-09T07:30:15+10:00,7846,Present,78121,"-37.82512948683427, 144.9700826697956"
2026-08-10T20:09:39+10:00,2026-07-09T09:37:19+10:00,7846,Present,78132,"-37.82521881059925, 144.9697761356502"
2026-08-10T20:09:39+10:00,2026-07-09T08:48:42+10:00,7846,Unoccupied,78135,"-37.82524325678055, 144.96969247252727"
2026-08-10T20:09:39+10:00,2026-07-09T09:00:30+10:00,7846,Present,78136,"-37.82525135949726, 144.96966476264592"
2026-08-10T20:09:39+10:00,2026-07-09T08:45:50+10:00,7846,Present,78137,"-37.82525883883255, 144.96963918585038"
2026-08-10T20:09:39+10:00,2026-07-09T06:46:01+10:00,,Unoccupied,78110,"-37.825040260457776, 144.9703934736653"
2026-08-10T20:09:39+10:00,2026-08-10T15:07:04+10:00,7831,Present,79060,"-37.83026130147795, 144.9658989203914"
2026-08-10T20:09:39+10:00,2026-08-10T19:57:08+10:00,7831,Unoccupied,79058,"-37.83023982422199, 144.96597243852506"
2026-08-10T20:09:39+10:00,2026-08-10T17:33:27+10:00,7831,Unoccupied,79052,"-37.83017540863184, 144.9661918327461"
2026-08-10T20:09:39+10:00,2026-08-10T19:31:11+10:00,7831,Unoccupied,79044,"-37.83009227958421, 144.96648141675706"
2026-08-10T20:09:39+10:00,2026-08-10T18:32:49+10:00,7831,Unoccupied,79056,"-37.83021747500606, 144.96604770246537"
2026-08-10T20:09:39+10:00,2026-08-10T18:51:43+10:00,7831,Unoccupied,79047,"-37.83012265180036, 144.9663755027359"
2026-08-10T20:09:39+10:00,2026-08-10T15:23:47+10:00,7831,Present,79050,"-37.830154398492596, 144.96626483170948"
2026-08-10T20:09:39+10:00,2026-08-10T19:44:59+10:00,7831,Unoccupied,79042,"-37.83007089887942, 144.96655613740467"
2026-08-10T20:09:39+10:00,2024-11-19T12:03:08+11:00,,Unoccupied,78999,"-37.82991478715231, 144.96709701553738"
2026-08-10T20:09:39+10:00,2026-08-08T20:08:10+10:00,7833,Present,78975,"-37.829648754187, 144.96802072761207"
2026-08-10T20:09:39+10:00,2026-08-10T18:28:41+10:00,7833,Present,78979,"-37.82968577460138, 144.96789331369735"
2026-08-10T20:09:39+10:00,2026-08-10T18:15:24+10:00,7833,Present,78969,"-37.82956837097657, 144.96829785677818"
2026-08-10T20:09:39+10:00,2026-08-10T20:05:46+10:00,7833,Present,78980,"-37.829695042498315, 144.96786116500795"
2026-08-10T20:09:39+10:00,2026-08-10T14:45:33+10:00,7833,Unoccupied,78984,"-37.82973226744417, 144.9677329499965"
2026-08-10T20:09:39+10:00,2024-11-20T10:24:41+11:00,,Unoccupied,78997,"-37.82989624697919, 144.96716082654373"
2026-08-10T20:09:39+10:00,2026-08-10T13:29:47+10:00,7833,Unoccupied,78962,"-37.82950571533952, 144.96851369011233"
2026-08-10T20:09:39+10:00,2026-08-10T18:40:22+10:00,7833,Unoccupied,78960,"-37.82948944557017, 144.96856970587578"
2026-08-10T20:09:39+10:00,2026-08-09T14:53:30+10:00,7833,Unoccupied,78965,"-37.829532763916575, 144.96842024880368"
2026-08-10T20:09:39+10:00,2026-08-10T14:00:12+10:00,7833,Unoccupied,78963,"-37.82951518702314, 144.96848109457838"
2026-08-10T20:09:39+10:00,2026-08-10T14:52:19+10:00,7828,Unoccupied,78823,"-37.82885307986752, 144.97032771898284"
2026-08-10T20:09:39+10:00,2026-08-10T11:49:20+10:00,7828,Present,78837,"-37.82899614305417, 144.9698330813764"
2026-08-10T20:09:39+10:00,2026-08-10T14:28:09+10:00,7828,Present,78877,"-37.8291099517104, 144.96986434550087"
2026-08-10T20:09:39+10:00,2026-08-10T09:23:11+10:00,7830,Present,78843,"-37.829065590654054, 144.96959399776233"
2026-08-10T20:09:39+10:00,2026-08-10T14:09:45+10:00,7827,Present,78863,"-37.82889320751377, 144.97060994579044"
2026-08-10T20:09:39+10:00,2026-08-10T07:57:28+10:00,7828,Present,78851,"-37.829151957787474, 144.96929770405964"
2026-08-10T20:09:39+10:00,2026-08-10T09:24:55+10:00,7830,Present,78845,"-37.82908558298082, 144.96952469573327"
2026-08-10T20:09:39+10:00,2026-08-10T14:19:54+10:00,7828,Unoccupied,78868,"-37.8290122547434, 144.97019917778658"
2026-08-10T20:09:39+10:00,2026-08-10T14:22:35+10:00,7828,Present,78858,"-37.8288424575793, 144.970803829523"
2026-08-10T20:09:39+10:00,2026-08-10T14:39:02+10:00,7828,Present,78814,"-37.828757818308006, 144.9706544722267"
2026-08-10T20:09:39+10:00,2026-08-10T12:33:23+10:00,7828,Unoccupied,78878,"-37.82912070462963, 144.96982763801748"
2026-08-10T20:09:39+10:00,2026-08-10T07:44:22+10:00,7828,Present,78812,"-37.82873688096967, 144.97072798861132"
2026-08-10T20:09:39+10:00,2026-08-10T14:21:00+10:00,7828,Unoccupied,78866,"-37.82899628586584, 144.9702666759082"
2026-08-10T20:09:39+10:00,2026-08-10T13:24:11+10:00,7828,Present,78894,"-37.82929932424854, 144.9692154741781"
2026-08-10T20:09:39+10:00,2026-08-10T14:14:59+10:00,7830,Present,78842,"-37.82905524580548, 144.96962985556675"
2026-08-10T20:09:39+10:00,2026-08-10T14:35:44+10:00,7827,Present,78864,"-37.8289039451863, 144.9705727844671"
2026-08-10T20:09:39+10:00,2026-08-10T09:58:52+10:00,7828,Present,78891,"-37.82926588099603, 144.9693297505117"
2026-08-10T20:09:39+10:00,2026-08-10T12:34:09+10:00,7828,Unoccupied,78826,"-37.82888532514178, 144.97021671236746"
2026-08-10T20:09:39+10:00,2026-08-10T18:18:31+10:00,,Present,68514,"-37.8068181326657, 144.96078014568275"
2026-08-10T20:09:39+10:00,2026-08-07T05:22:04+10:00,,Present,68541,"-37.8070516911792, 144.96030632412715"
2026-08-10T20:09:39+10:00,2026-08-10T20:03:12+10:00,7677,Unoccupied,68517,"-37.806874986849365, 144.9605876576213"
2026-08-10T20:09:39+10:00,2026-08-10T20:07:53+10:00,7542,Unoccupied,66310,"-37.81210174992744, 144.9589860831247"
2026-08-10T20:09:39+10:00,2026-08-10T20:01:02+10:00,7542,Present,66312,"-37.812136913793935, 144.9588644277165"
2026-08-10T20:09:39+10:00,2026-08-10T20:06:57+10:00,7542,Present,66338,"-37.81216982991326, 144.9589247422314"
2026-08-10T20:09:39+10:00,2026-08-10T18:51:38+10:00,,Unoccupied,52416,"-37.80829507952433, 144.96615736704754"
2026-08-10T20:09:39+10:00,2026-08-10T19:27:53+10:00,7627,Present,52318,"-37.80922706022584, 144.96658484190925"
2026-08-10T20:09:39+10:00,2026-08-10T18:08:12+10:00,7635,Present,52313,"-37.8094964825744, 144.96670891319974"
2026-08-10T20:09:39+10:00,2026-08-10T17:49:27+10:00,7627,Present,52315,"-37.80938185329829, 144.96665640066215"
2026-08-10T20:09:39+10:00,2026-08-10T17:46:26+10:00,,Present,62887,"-37.81437002737269, 144.96661304526106"
2026-08-10T20:09:39+10:00,2026-08-10T15:27:57+10:00,7629,Unoccupied,51611,"-37.81635557775395, 144.96985812486662"
2026-08-10T20:09:39+10:00,2026-08-10T14:57:26+10:00,7629,Unoccupied,51610,"-37.81640637264789, 144.96988144148827"
2026-08-10T20:09:39+10:00,2026-08-10T18:33:07+10:00,7580,Present,67617,"-37.8075059029908, 144.966638422341"
2026-08-10T20:09:39+10:00,2026-08-10T19:51:31+10:00,7850,Unoccupied,67615,"-37.807464298377916, 144.9667812158753"
2026-08-10T20:09:39+10:00,2025-06-08T17:22:37+10:00,7580,Present,67613,"-37.80742673889689, 144.96690884434327"
2026-08-10T20:09:39+10:00,2026-08-09T14:29:01+10:00,7580,Unoccupied,67614,"-37.807445502846875, 144.96684488365892"
2026-08-10T20:09:39+10:00,2026-08-10T19:46:36+10:00,7580,Unoccupied,67611,"-37.80738914501164, 144.9670364209917"
2026-08-10T20:09:39+10:00,2026-08-10T19:38:26+10:00,7580,Unoccupied,67610,"-37.80737125854908, 144.9671009208892"
2026-08-10T20:09:39+10:00,2026-08-10T18:50:33+10:00,7848,Unoccupied,75244,"-37.82803905334728, 144.95590778404983"
2026-08-10T20:09:39+10:00,2026-08-10T18:50:45+10:00,7848,Present,75241,"-37.82792082640074, 144.95604836917553"
2026-08-10T20:09:39+10:00,2026-08-09T21:57:19+10:00,7848,Unoccupied,75240,"-37.82788301875908, 144.95609291064682"
2026-08-10T20:09:39+10:00,2026-08-10T17:00:24+10:00,7848,Unoccupied,75237,"-37.8277819589124, 144.95621248576705"
2026-08-10T20:09:39+10:00,2026-08-10T19:28:15+10:00,7848,Present,75230,"-37.82750732203547, 144.9565340734541"
2026-08-10T20:09:39+10:00,2026-08-10T00:35:32+10:00,7848,Unoccupied,75227,"-37.82738886081276, 144.95667390611808"
2026-08-10T20:09:39+10:00,2026-08-10T07:13:20+10:00,7848,Unoccupied,75226,"-37.82734942568182, 144.9567203757145"
2026-08-10T20:09:39+10:00,2026-08-10T17:56:05+10:00,7848,Unoccupied,75224,"-37.827270463998616, 144.95681344442085"
2026-08-10T20:09:39+10:00,2026-08-10T19:29:52+10:00,7848,Unoccupied,75221,"-37.827152118064795, 144.95695334466785"
2026-08-10T20:09:39+10:00,2026-08-10T19:37:44+10:00,7848,Unoccupied,75219,"-37.827075214059086, 144.95704423838646"
2026-08-10T20:09:39+10:00,2026-08-09T10:01:21+10:00,7848,Present,75252,"-37.826894479293784, 144.95741901679696"
2026-08-10T20:09:39+10:00,2026-08-10T19:27:11+10:00,7848,Unoccupied,75260,"-37.82722660449721, 144.9570280611474"
2026-08-10T20:09:39+10:00,2026-08-09T07:54:14+10:00,7848,Present,75261,"-37.827266079819644, 144.95698155786377"
2026-08-10T20:09:39+10:00,2026-08-10T18:23:07+10:00,7848,Present,75264,"-37.82737320425309, 144.95685515340347"
2026-08-10T20:09:39+10:00,2026-08-10T19:10:04+10:00,7848,Present,75265,"-37.827409400651796, 144.95681247721257"
2026-08-10T20:09:39+10:00,2026-08-10T20:03:45+10:00,7848,Present,75267,"-37.82748842921778, 144.95671948402793"
2026-08-10T20:09:39+10:00,2026-08-10T18:17:58+10:00,7848,Present,75271,"-37.827646334800484, 144.95653312076402"
2026-08-10T20:09:39+10:00,2026-08-10T18:08:50+10:00,,Unoccupied,75278,"-37.82790422875841, 144.9562296869818"
2026-08-10T20:09:39+10:00,2026-07-19T05:25:33+10:00,,Unoccupied,75279,"-37.827943058824886, 144.95618398330396"
2026-08-10T20:09:39+10:00,2026-08-10T17:50:45+10:00,7848,Present,75216,"-37.826975937041404, 144.95716190593043"
2026-08-10T20:09:39+10:00,2026-08-10T19:55:34+10:00,7384,Present,53631,"-37.80862333010509, 144.96047459384178"
2026-08-10T20:09:39+10:00,2026-08-10T19:58:34+10:00,7384,Present,53616,"-37.80862289848994, 144.9606837613117"
2026-08-10T20:09:39+10:00,2026-08-10T20:03:21+10:00,7390,Present,53528,"-37.80961495227853, 144.9609268683517"
2026-08-10T20:09:39+10:00,2026-08-10T19:42:24+10:00,7390,Present,53529,"-37.809548244201565, 144.96089530412854"
2026-08-10T20:09:39+10:00,2026-08-10T20:01:48+10:00,7388,Unoccupied,53521,"-37.80997879192293, 144.9610979892875"
2026-08-10T20:09:39+10:00,2026-08-10T20:00:06+10:00,7384,Unoccupied,53628,"-37.80877568610101, 144.96054475780983"
2026-08-10T20:09:39+10:00,2026-08-10T19:39:39+10:00,7384,Present,53627,"-37.80882642871923, 144.96056814122417"
2026-08-10T20:09:39+10:00,2026-08-10T20:07:36+10:00,7384,Present,53626,"-37.80887723449562, 144.96059150912316"
2026-08-10T20:09:39+10:00,2026-08-10T19:53:03+10:00,7461,Present,53623,"-37.809029573124505, 144.96066162713652"
2026-08-10T20:09:39+10:00,2026-08-10T20:00:54+10:00,7461,Present,53618,"-37.808519994673254, 144.96063601258408"
2026-08-10T20:09:39+10:00,2026-08-10T16:41:16+10:00,7310,Present,68030,"-37.810349970082704, 144.9568236005609"
2026-08-10T20:09:39+10:00,2026-08-10T20:06:14+10:00,7311,Unoccupied,68012,"-37.8100219114171, 144.95796677487073"
2026-08-10T20:09:39+10:00,2026-08-10T19:34:01+10:00,7311,Present,68044,"-37.81017374873194, 144.95788658594765"
2026-08-10T20:09:39+10:00,2026-08-10T19:52:02+10:00,7310,Unoccupied,68019,"-37.81016311825115, 144.95747574875517"
2026-08-10T20:09:39+10:00,2026-07-09T09:42:33+10:00,7650,Present,71519,"-37.82238619818942, 144.96994213860177"
2026-08-10T20:09:39+10:00,2026-07-09T09:41:49+10:00,7650,Present,71510,"-37.82284418682235, 144.9701500143247"
2026-08-10T20:09:39+10:00,2026-07-08T15:11:35+10:00,7891,Unoccupied,76817,"-37.82466480116646, 144.97049802242054"
2026-08-10T20:09:39+10:00,2026-07-09T09:02:27+10:00,7891,Unoccupied,76819,"-37.824563385971835, 144.97045143259214"
2026-08-10T20:09:39+10:00,2026-08-10T13:31:58+10:00,7917,Present,77630,"-37.829615393858305, 144.97107167930074"
2026-08-10T20:09:39+10:00,2026-08-10T13:27:40+10:00,7884,Present,77632,"-37.82950738176582, 144.97107112530318"
2026-08-10T20:09:39+10:00,2026-07-08T22:08:33+10:00,7885,Unoccupied,77017,"-37.825370474844235, 144.97094836002822"
2026-08-10T20:09:39+10:00,2026-08-09T10:42:36+10:00,7887,Unoccupied,77422,"-37.827902527032755, 144.97128414894019"
2026-08-10T20:09:39+10:00,2026-01-20T13:30:01+11:00,7887,Unoccupied,77433,"-37.82730902212947, 144.97133388076207"
2026-08-10T20:09:39+10:00,2026-08-07T14:30:33+10:00,7887,Unoccupied,77425,"-37.82774069331862, 144.97129770640674"
2026-08-10T20:09:39+10:00,2026-08-10T09:49:52+10:00,7887,Unoccupied,77427,"-37.82763280631934, 144.97130646203115"
2026-08-10T20:09:39+10:00,2026-08-08T16:49:51+10:00,7887,Unoccupied,77437,"-37.82709390675018, 144.9713290840786"
2026-08-10T20:09:39+10:00,2026-08-09T15:34:12+10:00,7887,Unoccupied,77429,"-37.82752496330864, 144.97131585693853"
2026-08-10T20:09:39+10:00,2026-08-10T11:42:23+10:00,7887,Unoccupied,77426,"-37.82768674106215, 144.97130203241622"
2026-08-10T20:09:39+10:00,2026-08-08T11:21:43+10:00,7887,Unoccupied,77420,"-37.828007856148275, 144.97127380673345"
2026-08-10T20:09:39+10:00,2026-08-10T14:18:32+10:00,7887,Unoccupied,77418,"-37.828115658642105, 144.97126331478086"
2026-08-10T20:09:39+10:00,2026-07-08T19:48:35+10:00,7885,Unoccupied,77020,"-37.825214916547736, 144.970885369083"
2026-08-10T20:09:39+10:00,2026-07-08T20:55:07+10:00,7885,Unoccupied,77038,"-37.825342062895686, 144.97080417437598"
2026-08-10T20:09:39+10:00,2026-07-09T09:20:40+10:00,7885,Present,77036,"-37.82544522541815, 144.97084391323662"
2026-08-10T20:09:39+10:00,2026-07-08T21:46:24+10:00,7885,Unoccupied,77035,"-37.825496995942444, 144.97086298677402"
2026-08-10T20:09:39+10:00,2026-07-09T09:37:29+10:00,7885,Unoccupied,77034,"-37.82554888795268, 144.97088152757527"
2026-08-10T20:09:39+10:00,2026-08-10T20:06:28+10:00,,Present,68034,"-37.81042815199149, 144.95655097895803"
2026-08-10T20:09:39+10:00,2026-08-10T20:06:47+10:00,7927,Unoccupied,68917,"-37.809490037923744, 144.95147501535"
2026-08-10T20:09:39+10:00,2026-08-10T15:29:19+10:00,7927,Present,68916,"-37.80946364188331, 144.95154465495762"
2026-08-10T20:09:39+10:00,2026-08-10T17:09:09+10:00,,Unoccupied,68914,"-37.80941230723182, 144.95167970625246"
2026-08-10T20:09:39+10:00,2026-08-10T19:37:32+10:00,,Present,68928,"-37.80974930756512, 144.95079491251948"
2026-08-10T20:09:39+10:00,2026-08-10T19:55:34+10:00,7927,Unoccupied,68925,"-37.80967760021218, 144.9509820354276"
2026-08-10T20:09:39+10:00,2026-08-10T18:43:28+10:00,7927,Present,68923,"-37.809630244939584, 144.95110643712917"
2026-08-10T20:09:39+10:00,2025-10-25T23:29:50+11:00,7704,Unoccupied,69814,"-37.80603399690756, 144.95867183381995"
2026-08-10T20:09:39+10:00,2026-08-10T19:13:04+10:00,7106,Unoccupied,31341,"-37.80522127672334, 144.96837215406558"
2026-08-10T20:09:39+10:00,2026-08-10T19:54:53+10:00,7106,Unoccupied,31340,"-37.805230360260815, 144.9684513837604"
2026-08-10T20:09:39+10:00,2026-08-10T17:01:42+10:00,7107,Unoccupied,31323,"-37.80502199989468, 144.96822869728697"
2026-08-10T20:09:39+10:00,2026-08-10T17:52:26+10:00,7097,Present,31133,"-37.80502980779798, 144.96660651345107"
2026-08-10T20:09:39+10:00,2026-08-10T18:23:18+10:00,7097,Present,31131,"-37.8050449016139, 144.966747745195"
2026-08-10T20:09:39+10:00,2026-08-08T16:08:30+10:00,7097,Present,31126,"-37.80508382087129, 144.96711180627858"
2026-08-10T20:09:39+10:00,2026-08-10T18:03:50+10:00,7097,Present,31125,"-37.80509074088566, 144.96717595828687"
2026-08-10T20:09:39+10:00,2026-08-10T17:57:05+10:00,7099,Present,31119,"-37.8048412541555, 144.9665941808048"
2026-08-10T20:09:39+10:00,2026-08-10T15:39:22+10:00,7097,Unoccupied,31114,"-37.8048908519619, 144.9670469512617"
2026-08-10T20:09:39+10:00,2026-08-10T20:01:27+10:00,7097,Unoccupied,31110,"-37.80492206821813, 144.96733207833125"
2026-08-10T20:09:39+10:00,2026-08-10T20:01:27+10:00,7097,Present,31111,"-37.80491409239093, 144.96725931790183"
2026-08-10T20:09:39+10:00,2026-08-10T15:59:31+10:00,7097,Unoccupied,31122,"-37.80511277433292, 144.96737593190727"
2026-08-10T20:09:39+10:00,2026-08-10T20:05:03+10:00,7110,Unoccupied,19126,"-37.80495585872319, 144.96589113141147"
2026-08-10T20:09:39+10:00,2026-08-10T18:25:38+10:00,7110,Present,19137,"-37.80486187336837, 144.96503825590142"
2026-08-10T20:09:39+10:00,2026-08-10T14:08:40+10:00,,Unoccupied,34241,"-37.80472062074904, 144.96374077480982"
2026-08-10T20:09:39+10:00,2026-08-10T18:43:55+10:00,7095,Present,34233,"-37.804792760545624, 144.9644143412849"
2026-08-10T20:09:39+10:00,2026-08-10T16:56:48+10:00,7110,Present,19115,"-37.8047170477199, 144.96543846274562"
2026-08-10T20:09:39+10:00,2026-08-10T17:45:13+10:00,7110,Present,19113,"-37.80473141408477, 144.96557346953097"
2026-08-10T20:09:39+10:00,2026-08-10T17:23:54+10:00,7104,Present,19120,"-37.80467731074817, 144.96506135409095"
2026-08-10T20:09:39+10:00,2026-08-10T16:58:28+10:00,7104,Present,19128,"-37.804940962043524, 144.96575521985858"
2026-08-10T20:09:39+10:00,2026-08-10T18:57:20+10:00,7104,Present,19132,"-37.80491121173053, 144.96548433241185"
2026-08-10T20:09:39+10:00,2025-07-29T10:29:36+10:00,7110,Unoccupied,19136,"-37.80486922379849, 144.96510567822898"
2026-08-10T20:09:39+10:00,2026-08-10T18:43:07+10:00,7110,Present,19125,"-37.804962880650415, 144.96595525515875"
2026-08-10T20:09:39+10:00,2026-08-10T17:06:16+10:00,,Unoccupied,26228,"-37.80296779109544, 144.9636267677119"
2026-08-10T20:09:39+10:00,2026-08-10T19:07:00+10:00,7123,Present,26223,"-37.80324180226907, 144.96357884981802"
2026-08-10T20:09:39+10:00,2026-08-10T19:00:56+10:00,7121,Present,26213,"-37.80378066667595, 144.96348687827387"
2026-08-10T20:09:39+10:00,2026-08-10T19:56:30+10:00,7121,Present,26239,"-37.803544539627495, 144.96334969590663"
2026-08-10T20:09:39+10:00,2026-08-10T20:06:56+10:00,7123,Present,26232,"-37.804015087647116, 144.96326902135144"
2026-08-10T20:09:39+10:00,2026-08-10T19:53:02+10:00,7121,Unoccupied,26215,"-37.80366638528285, 144.96350636978065"
2026-08-10T20:09:39+10:00,2026-08-10T17:34:58+10:00,7121,Unoccupied,26216,"-37.80361147631278, 144.96351574073879"
2026-08-10T20:09:39+10:00,2026-08-10T18:32:06+10:00,7121,Unoccupied,26249,"-37.80294247573683, 144.963455720573"
2026-08-10T20:09:39+10:00,2026-08-10T20:06:09+10:00,7121,Unoccupied,26236,"-37.80371594990453, 144.96332031334032"
2026-08-10T20:09:39+10:00,2026-08-10T15:11:01+10:00,7121,Unoccupied,26248,"-37.80299949368863, 144.96344547238502"
2026-08-10T20:09:39+10:00,2026-08-10T18:26:58+10:00,7086,Present,30424,"-37.802627012995686, 144.9648165819541"
2026-08-10T20:09:39+10:00,2026-08-10T17:09:04+10:00,7086,Present,30434,"-37.80257691022319, 144.96433809813834"
2026-08-10T20:09:39+10:00,2026-08-10T19:59:01+10:00,7086,Present,30437,"-37.80256323920294, 144.9642082617891"
2026-08-10T20:09:39+10:00,2026-08-10T19:29:31+10:00,7086,Unoccupied,30440,"-37.802552913561684, 144.96411174660057"
2026-08-10T20:09:39+10:00,2026-08-10T18:59:05+10:00,7086,Present,30443,"-37.802542393412125, 144.9640132428753"
2026-08-10T20:09:39+10:00,2026-08-10T18:41:39+10:00,7086,Present,30444,"-37.802538787622574, 144.96397948233488"
2026-08-10T20:09:39+10:00,2026-08-10T19:41:37+10:00,7086,Present,30433,"-37.802580148466376, 144.96436905606063"
2026-08-10T20:09:39+10:00,2026-08-10T19:58:12+10:00,,Present,30460,"-37.80262340027835, 144.9639078917383"
2026-08-10T20:09:39+10:00,2026-08-10T20:03:52+10:00,7119,Present,37138,"-37.8009302097779, 144.96397523921553"
2026-08-10T20:09:39+10:00,2026-08-10T17:46:16+10:00,7117,Present,37132,"-37.801203303101005, 144.96392831193293"
2026-08-10T20:09:39+10:00,2026-08-10T18:58:20+10:00,7117,Present,37129,"-37.80135954770182, 144.96390174136317"
2026-08-10T20:09:39+10:00,2026-08-10T19:56:06+10:00,7119,Present,37142,"-37.8006927206994, 144.9640155572141"
2026-08-10T20:09:39+10:00,2026-08-10T11:27:23+10:00,7064,Present,36841,"-37.80458838805326, 144.96617653607547"
2026-08-10T20:09:39+10:00,2026-08-10T18:39:08+10:00,7064,Present,36850,"-37.804066787382574, 144.96626529923992"
2026-08-10T20:09:39+10:00,2026-08-06T18:20:49+10:00,,Present,36748,"-37.80253157844752, 144.96652599433497"
2026-08-10T20:09:39+10:00,2025-03-20T12:44:48+11:00,,Unoccupied,36749,"-37.802477791495704, 144.9665351153098"
2026-08-10T20:09:39+10:00,2026-08-10T20:06:48+10:00,7066,Present,36743,"-37.8027995725956, 144.96648051218654"
2026-08-10T20:09:39+10:00,2026-08-10T18:01:40+10:00,7066,Present,36742,"-37.802853127134966, 144.96647141363383"
2026-08-10T20:09:39+10:00,2026-08-10T14:15:59+10:00,7072,Present,36738,"-37.80109961516633, 144.9669597476436"
2026-08-10T20:09:39+10:00,2026-08-10T18:48:50+10:00,7072,Present,36737,"-37.80115302379447, 144.96695073686803"
2026-08-10T20:09:39+10:00,2026-08-10T19:43:31+10:00,7072,Present,36725,"-37.80179008080573, 144.96684191722068"
2026-08-10T20:09:39+10:00,2026-08-10T19:42:09+10:00,7072,Present,36753,"-37.80180257904102, 144.9666551576647"
2026-08-10T20:09:39+10:00,2026-08-10T19:09:35+10:00,7075,Present,36762,"-37.80133455249445, 144.96673413332545"
2026-08-10T20:09:39+10:00,2026-08-10T14:26:38+10:00,7075,Present,36739,"-37.80104170751758, 144.9669696021735"
2026-08-10T20:09:39+10:00,2026-08-10T18:30:35+10:00,7503,Present,67229,"-37.81136563262732, 144.95801042290748"
2026-08-10T20:09:39+10:00,2026-08-10T09:11:16+10:00,7391,Present,53310,"-37.81179469923772, 144.96213635781058"
2026-08-10T20:09:39+10:00,2026-08-10T08:39:44+10:00,7391,Present,53311,"-37.811739977041384, 144.9621110387463"
2026-08-10T20:09:39+10:00,2026-08-10T09:05:23+10:00,,Present,53312,"-37.81168094321766, 144.9620837883512"
2026-08-10T20:09:39+10:00,2026-08-10T19:45:34+10:00,7403,Unoccupied,53325,"-37.811817574156606, 144.96193771297973"
2026-08-10T20:09:39+10:00,2026-08-10T19:49:19+10:00,7403,Present,53323,"-37.81192416400938, 144.96198692272804"
2026-08-10T20:09:39+10:00,2026-08-10T19:48:38+10:00,7403,Unoccupied,53322,"-37.811977458708604, 144.9620115279416"
2026-08-10T20:09:39+10:00,2026-08-10T15:40:31+10:00,,Present,36031,"-37.80629223995245, 144.96286548361002"
2026-08-10T20:09:39+10:00,2026-08-10T18:57:03+10:00,7122,Present,36035,"-37.80606387403929, 144.96290634350345"
2026-08-10T20:09:39+10:00,2026-08-10T19:12:53+10:00,,Unoccupied,31933,"-37.80654529824371, 144.96441667682097"
2026-08-10T20:09:39+10:00,2026-08-09T22:43:12+10:00,,Present,31934,"-37.80651800741313, 144.9644213294668"
2026-08-10T20:09:39+10:00,2026-08-10T18:11:45+10:00,7043,Present,31936,"-37.80645671434354, 144.96443185386136"
2026-08-10T20:09:39+10:00,2026-08-10T18:11:49+10:00,7043,Present,31937,"-37.80643254357268, 144.96443601095982"
2026-08-10T20:09:39+10:00,2026-08-10T10:38:21+10:00,7043,Present,31941,"-37.80625644101357, 144.96446700583797"
2026-08-10T20:09:39+10:00,2026-08-10T19:52:29+10:00,7043,Present,31945,"-37.80612941331944, 144.96448952274756"
2026-08-10T20:09:39+10:00,2026-08-10T18:31:58+10:00,7043,Present,31946,"-37.80610353851672, 144.96449409794047"
2026-08-10T20:09:39+10:00,2026-08-10T18:26:55+10:00,7043,Present,31978,"-37.80573443899271, 144.96455940513806"
2026-08-10T20:09:39+10:00,2026-08-10T19:36:20+10:00,7043,Present,31954,"-37.80565414329119, 144.96457361679123"
2026-08-10T20:09:39+10:00,2026-08-10T19:53:34+10:00,7043,Unoccupied,31980,"-37.805474798008134, 144.9646053025439"
2026-08-10T20:09:39+10:00,2026-08-10T19:17:19+10:00,7043,Unoccupied,31982,"-37.8054274125701, 144.96461366793"
2026-08-10T20:09:39+10:00,2026-08-10T19:39:44+10:00,7043,Unoccupied,31985,"-37.80535477022095, 144.96462714852717"
2026-08-10T20:09:39+10:00,2026-07-22T16:53:55+10:00,7043,Unoccupied,31966,"-37.805256756420505, 144.96464393872762"
2026-08-10T20:09:39+10:00,2026-08-10T19:09:36+10:00,7043,Present,31970,"-37.80515950665304, 144.96466116276548"
2026-08-10T20:09:39+10:00,2026-08-10T19:56:19+10:00,7043,Present,31972,"-37.805110435932804, 144.96466985431104"
2026-08-10T20:09:39+10:00,2026-08-10T17:27:24+10:00,7043,Present,31973,"-37.80508694814696, 144.96467397796727"
2026-08-10T20:09:39+10:00,2026-08-09T13:30:25+10:00,,Present,31910,"-37.80643493698766, 144.96455908941442"
2026-08-10T20:09:39+10:00,2026-08-10T19:46:44+10:00,7043,Present,31914,"-37.80621808533357, 144.96459706952237"
2026-08-10T20:09:39+10:00,2026-08-10T18:53:00+10:00,,Unoccupied,31965,"-37.80599637632542, 144.96439643644356"
2026-08-10T20:09:39+10:00,2026-08-10T17:37:25+10:00,,Unoccupied,31964,"-37.806068345201915, 144.9643837258559"
2026-08-10T20:09:39+10:00,2026-08-10T20:06:03+10:00,7043,Unoccupied,31961,"-37.80625152316989, 144.96435137079163"
2026-08-10T20:09:39+10:00,2026-08-10T18:53:24+10:00,,Present,31952,"-37.8064869920643, 144.9643097675612"
2026-08-10T20:09:39+10:00,2026-08-10T18:30:00+10:00,7043,Present,31998,"-37.80506848674319, 144.9645593845372"
2026-08-10T20:09:39+10:00,2026-08-10T19:20:12+10:00,7043,Present,31976,"-37.80578451737446, 144.9645505373647"
2026-08-10T20:09:39+10:00,2026-08-10T19:41:48+10:00,,Unoccupied,30832,"-37.80484635365828, 144.96031023548375"
2026-08-10T20:09:39+10:00,2026-08-10T18:29:40+10:00,7023,Unoccupied,30834,"-37.80459181777019, 144.96035484899872"
2026-08-10T20:09:39+10:00,2026-08-10T18:55:02+10:00,7023,Unoccupied,30835,"-37.80453695255838, 144.96036432813338"
2026-08-10T20:09:39+10:00,2026-04-15T13:32:43+10:00,7025,Unoccupied,22817,"-37.80567769373023, 144.96167637992247"
2026-08-10T20:09:39+10:00,2026-08-10T10:53:39+10:00,7025,Unoccupied,22823,"-37.805239273823545, 144.96175401219003"
2026-08-10T20:09:39+10:00,2026-08-07T10:39:16+10:00,7025,Unoccupied,22827,"-37.80502638385276, 144.96179129492313"
2026-08-10T20:09:39+10:00,2026-08-05T15:39:53+10:00,7025,Unoccupied,22894,"-37.804991687301005, 144.9615618604475"
2026-08-10T20:09:39+10:00,2026-08-07T08:34:36+10:00,7025,Unoccupied,22896,"-37.80488350357061, 144.96158090286139"
2026-08-10T20:09:39+10:00,2023-08-14T08:48:24+10:00,7025,Unoccupied,22893,"-37.80504657895022, 144.96155226512576"
2026-08-10T20:09:39+10:00,2026-08-05T07:53:27+10:00,7025,Unoccupied,22858,"-37.80536790408701, 144.961612693821"
2026-08-10T20:09:39+10:00,2026-08-07T18:17:26+10:00,7025,Present,22855,"-37.80543750765152, 144.9616004757226"
2026-08-10T20:09:39+10:00,2023-04-04T23:32:01+10:00,7025,Unoccupied,22879,"-37.804687036086804, 144.96173229281166"
2026-08-10T20:09:39+10:00,2023-04-04T23:30:12+10:00,7025,Unoccupied,22880,"-37.8046623351441, 144.96173669002383"
2026-08-10T20:09:39+10:00,2026-02-18T10:06:56+11:00,7025,Unoccupied,22873,"-37.80486486595319, 144.96170099333867"
2026-08-10T20:09:39+10:00,2026-02-18T09:58:59+11:00,7025,Unoccupied,22875,"-37.80481533993958, 144.96170968846218"
2026-08-10T20:09:39+10:00,2023-04-04T19:56:48+10:00,7025,Present,22877,"-37.80476492224104, 144.96171853872244"
2026-08-10T20:09:39+10:00,2026-08-08T01:02:59+10:00,7025,Unoccupied,22868,"-37.80501567349329, 144.9616745262342"
2026-08-10T20:09:39+10:00,2026-07-24T16:40:39+10:00,7025,Unoccupied,22830,"-37.80468752763698, 144.96185205555005"
2026-08-10T20:09:39+10:00,2026-08-10T10:56:33+10:00,7025,Unoccupied,22820,"-37.8054069258631, 144.96172450890083"
2026-08-10T20:09:39+10:00,2026-08-07T18:12:22+10:00,,Unoccupied,22815,"-37.80563508578641, 144.96144916509047"
2026-08-10T20:09:39+10:00,2026-08-07T07:50:53+10:00,7025,Unoccupied,22813,"-37.806033751388576, 144.96161359538252"
2026-08-10T20:09:39+10:00,2026-08-07T06:27:38+10:00,7019,Unoccupied,22810,"-37.806192131687475, 144.96158552566067"
2026-08-10T20:09:39+10:00,2026-01-16T00:43:01+11:00,7076,Unoccupied,22341,"-37.806578982109514, 144.96580412658943"
2026-08-10T20:09:39+10:00,2026-08-10T17:55:34+10:00,7076,Present,22357,"-37.80559286207419, 144.96597375715385"
2026-08-10T20:09:39+10:00,2026-08-10T17:39:31+10:00,7076,Present,22315,"-37.806393743674285, 144.966075180882"
2026-08-10T20:09:39+10:00,2026-08-10T19:34:32+10:00,7076,Present,22344,"-37.80641652807154, 144.96583221044196"
2026-08-10T20:09:39+10:00,2026-08-10T19:21:30+10:00,7076,Present,22355,"-37.805713049089505, 144.96595302713763"
2026-08-10T20:09:39+10:00,2026-08-10T17:54:01+10:00,7076,Present,22356,"-37.80565677915172, 144.96596273264964"
2026-08-10T20:09:39+10:00,2026-08-10T19:40:19+10:00,7076,Unoccupied,22327,"-37.80576400385078, 144.96618460609042"
2026-08-10T20:09:39+10:00,2026-08-10T16:25:13+10:00,7076,Present,22319,"-37.806180980721045, 144.96611215145987"
2026-08-10T20:09:39+10:00,2026-08-10T17:52:07+10:00,7076,Present,22321,"-37.80607281981847, 144.96613095106756"
2026-08-10T20:09:39+10:00,2026-08-10T17:55:32+10:00,7076,Present,22320,"-37.80612718204307, 144.96612150454922"
2026-08-10T20:09:39+10:00,2026-08-10T16:49:02+10:00,,Unoccupied,22361,"-37.805356479632266, 144.96601454482752"
2026-08-10T20:09:39+10:00,2026-08-10T17:43:56+10:00,7070,Present,21021,"-37.79761185253564, 144.96756947443555"
2026-08-10T20:09:39+10:00,2025-09-27T08:50:07+10:00,7068,Unoccupied,21015,"-37.797944351228175, 144.96750315818787"
2026-08-10T20:09:39+10:00,2026-08-10T16:59:02+10:00,7070,Unoccupied,21010,"-37.79828401073003, 144.9674458600099"
2026-08-10T20:09:39+10:00,2026-08-10T17:40:40+10:00,7068,Present,21030,"-37.797945301894345, 144.96731983214548"
2026-08-10T20:09:39+10:00,2026-08-10T19:55:31+10:00,,Present,21035,"-37.79768127726982, 144.96736491187372"
2026-08-10T20:09:39+10:00,2026-08-10T17:52:32+10:00,7068,Present,21029,"-37.798052285408744, 144.96730156295985"
2026-08-10T20:09:39+10:00,2026-08-10T19:54:44+10:00,7068,Present,21028,"-37.79810578613685, 144.9672924193937"
2026-08-10T20:09:39+10:00,2026-08-10T18:05:29+10:00,7070,Present,21024,"-37.79838847633766, 144.96724415422585"
2026-08-10T20:09:39+10:00,2026-08-10T18:32:35+10:00,7070,Present,21022,"-37.797559596203136, 144.96758839835542"
2026-08-10T20:09:39+10:00,2026-08-10T17:44:33+10:00,7092,Unoccupied,29313,"-37.802995042250274, 144.96902963808668"
2026-08-10T20:09:39+10:00,2026-08-10T15:13:29+10:00,7092,Present,29312,"-37.80300429772741, 144.96911399863637"
2026-08-10T20:09:39+10:00,2026-08-10T19:55:44+10:00,7092,Unoccupied,29328,"-37.80309517407685, 144.9690601328466"
2026-08-10T20:09:39+10:00,2026-08-10T18:35:13+10:00,7092,Unoccupied,29329,"-37.80309170167089, 144.96902853528042"
2026-08-10T20:09:39+10:00,2026-08-10T19:51:20+10:00,7092,Present,29332,"-37.80307790365256, 144.96890299603518"
2026-08-10T20:09:39+10:00,2026-08-10T19:21:05+10:00,7092,Unoccupied,29333,"-37.80307440890164, 144.96887120370587"
2026-08-10T20:09:39+10:00,2026-08-10T17:18:36+10:00,7092,Present,29334,"-37.80307097225993, 144.96883993285005"
2026-08-10T20:09:39+10:00,2026-08-10T20:03:35+10:00,7092,Present,29346,"-37.80302338426897, 144.9684069741205"
2026-08-10T20:09:39+10:00,2026-08-10T15:49:12+10:00,7092,Unoccupied,29363,"-37.803135095701805, 144.96858114324465"
2026-08-10T20:09:39+10:00,2026-08-10T17:24:29+10:00,7092,Present,29361,"-37.80315183356605, 144.9687329901081"
2026-08-10T20:09:39+10:00,2026-08-10T14:49:05+10:00,7092,Unoccupied,29324,"-37.80311230520104, 144.9692159901897"
2026-08-10T20:09:39+10:00,2026-08-10T19:09:04+10:00,7092,Present,29322,"-37.8029240206061, 144.96838744644495"
2026-08-10T20:09:39+10:00,2026-08-10T18:34:00+10:00,7069,Present,34926,"-37.79942097185448, 144.96724797000786"
2026-08-10T20:09:39+10:00,2025-11-18T08:08:52+11:00,7069,Present,34920,"-37.79977382803961, 144.96718744398393"
2026-08-10T20:09:39+10:00,2026-08-10T18:25:49+10:00,7069,Present,34915,"-37.80015943972228, 144.9671207901137"
2026-08-10T20:09:39+10:00,2026-08-10T16:34:34+10:00,7069,Present,34914,"-37.80021699639936, 144.96711092755567"
2026-08-10T20:09:39+10:00,2026-08-10T18:44:57+10:00,7071,Present,34911,"-37.80043933745151, 144.967072227362"
2026-08-10T20:09:39+10:00,2026-08-10T18:29:18+10:00,,Present,34940,"-37.800441319890716, 144.96689214294906"
2026-08-10T20:09:39+10:00,2026-08-10T18:44:19+10:00,,Present,34939,"-37.80049550335458, 144.9668825885488"
2026-08-10T20:09:39+10:00,2026-08-10T10:14:24+10:00,7069,Present,34946,"-37.800099079514595, 144.96695257453817"
2026-08-10T20:09:39+10:00,2026-08-10T17:42:55+10:00,7069,Present,34947,"-37.800042414843574, 144.9669625197378"
2026-08-10T20:09:39+10:00,2026-08-10T19:25:24+10:00,7069,Present,34948,"-37.7999857491576, 144.96697246372298"
2026-08-10T20:09:39+10:00,2026-08-10T18:45:19+10:00,7069,Present,34949,"-37.79992908441514, 144.96698241216546"
2026-08-10T20:09:39+10:00,2026-08-10T19:21:05+10:00,7071,Present,34960,"-37.79931159203046, 144.96708954501332"
2026-08-10T20:09:39+10:00,2026-08-10T19:33:04+10:00,7071,Present,34963,"-37.79912635820321, 144.96712145797187"
2026-08-10T20:09:39+10:00,2026-08-10T17:27:00+10:00,7069,Present,34925,"-37.79947013519199, 144.96723964791465"
2026-08-10T20:09:39+10:00,2026-08-10T18:50:34+10:00,7069,Present,34953,"-37.79968271516066, 144.96702564207223"
2026-08-10T20:09:39+10:00,2023-11-01T17:06:24+11:00,7089,Present,16746,"-37.80285502474163, 144.96687098883416"
2026-08-10T20:09:39+10:00,2026-08-10T20:06:40+10:00,7089,Present,16741,"-37.80287587552772, 144.96706096046358"
2026-08-10T20:09:39+10:00,2026-08-10T19:43:57+10:00,7089,Present,16738,"-37.80288624434611, 144.96715479462233"
2026-08-10T20:09:39+10:00,2026-08-10T18:19:22+10:00,7089,Present,16735,"-37.80291135194249, 144.96738370057952"
2026-08-10T20:09:39+10:00,2026-08-10T19:59:43+10:00,7089,Present,16731,"-37.80292853073615, 144.96753996694014"
2026-08-10T20:09:39+10:00,2026-08-10T17:11:10+10:00,7089,Present,16728,"-37.80294280058094, 144.96766992351934"
2026-08-10T20:09:39+10:00,2026-08-10T17:26:19+10:00,7089,Present,16727,"-37.80294624118255, 144.96770108498458"
2026-08-10T20:09:39+10:00,2026-08-10T19:29:24+10:00,7089,Present,16720,"-37.80278119826933, 144.96708565412496"
2026-08-10T20:09:39+10:00,2026-08-10T18:30:37+10:00,7089,Present,16756,"-37.802979018105006, 144.96714913657752"
2026-08-10T20:09:39+10:00,2023-11-01T19:03:55+11:00,7090,Present,16751,"-37.80301651986615, 144.9674918974476"
2026-08-10T20:09:39+10:00,2026-08-10T18:34:07+10:00,7090,Unoccupied,16722,"-37.802756176822555, 144.96685381749336"
2026-08-10T20:09:39+10:00,2023-11-01T19:12:51+11:00,7090,Present,16752,"-37.80300968515433, 144.9674300407838"
2026-08-10T20:09:39+10:00,2026-08-10T18:55:57+10:00,7029,Present,36341,"-37.80246069806738, 144.96512883787238"
2026-08-10T20:09:39+10:00,2026-08-10T17:03:09+10:00,7029,Present,36342,"-37.80243505137853, 144.96513326507338"
2026-08-10T20:09:39+10:00,2026-08-10T13:55:04+10:00,7029,Present,36344,"-37.80238505856995, 144.9651418460388"
2026-08-10T20:09:39+10:00,2026-08-10T18:53:30+10:00,7029,Present,36345,"-37.80236006284562, 144.96514613596125"
2026-08-10T20:09:39+10:00,2026-08-10T19:25:13+10:00,7029,Present,36346,"-37.80233506621038, 144.9651504256826"
2026-08-10T20:09:39+10:00,2026-08-10T19:38:22+10:00,7029,Present,36348,"-37.80226122416704, 144.96516310055966"
2026-08-10T20:09:39+10:00,2026-08-10T19:16:47+10:00,7028,Present,29610,"-37.80172927164316, 144.9653764722704"
2026-08-10T20:09:39+10:00,2026-08-10T19:55:45+10:00,7028,Unoccupied,29615,"-37.801420170845375, 144.96542977274143"
2026-08-10T20:09:39+10:00,2026-08-10T19:31:26+10:00,7028,Present,29682,"-37.801391029316655, 144.96519906380286"
2026-08-10T20:09:39+10:00,2024-12-06T12:32:12+11:00,7029,Unoccupied,36325,"-37.80234431843381, 144.96527295595075"
2026-08-10T20:09:39+10:00,2026-08-10T18:56:11+10:00,7029,Present,36326,"-37.80229077150409, 144.96528230050825"
2026-08-10T20:09:39+10:00,2026-08-10T18:49:46+10:00,7029,Present,36327,"-37.80223722455314, 144.9652916444703"
2026-08-10T20:09:39+10:00,2026-08-10T18:34:37+10:00,7029,Present,36328,"-37.80218546243022, 144.96530067650104"
2026-08-10T20:09:39+10:00,2026-07-25T18:35:31+10:00,7028,Present,29625,"-37.80174660671024, 144.9652527588952"
2026-08-10T20:09:39+10:00,2026-08-10T19:56:32+10:00,7028,Present,29626,"-37.801722565191014, 144.96525688509053"
2026-08-10T20:09:39+10:00,2026-08-10T19:57:11+10:00,7028,Present,29632,"-37.80155456314388, 144.96528520790707"
2026-08-10T20:09:39+10:00,2026-08-10T19:39:46+10:00,7028,Present,29633,"-37.80153090620193, 144.9652892678837"
2026-08-10T20:09:39+10:00,2026-08-10T20:04:43+10:00,7028,Present,29635,"-37.801483585469384, 144.9652974876772"
2026-08-10T20:09:39+10:00,2026-08-10T19:41:49+10:00,7028,Unoccupied,29639,"-37.80136040496791, 144.9653188544421"
2026-08-10T20:09:39+10:00,2026-08-10T19:33:32+10:00,7028,Present,29643,"-37.801268304711435, 144.9653347617257"
2026-08-10T20:09:39+10:00,2026-08-10T17:32:14+10:00,7028,Present,29644,"-37.801243933216234, 144.96533891759339"
2026-08-10T20:09:39+10:00,2026-08-10T19:49:49+10:00,7028,Present,29646,"-37.80116988155065, 144.96535174237314"
2026-08-10T20:09:39+10:00,2026-08-10T18:57:26+10:00,7028,Present,29648,"-37.80112078138677, 144.96536016903917"
2026-08-10T20:09:39+10:00,2026-08-10T16:45:46+10:00,7028,Present,29651,"-37.80102321673774, 144.96537691458144"
2026-08-10T20:09:39+10:00,2026-08-10T18:26:33+10:00,7028,Present,29653,"-37.80097411747066, 144.96538534120913"
2026-08-10T20:09:39+10:00,2026-08-10T19:56:41+10:00,7028,Unoccupied,29641,"-37.80131394426009, 144.96532701681969"
2026-08-10T20:09:39+10:00,2026-08-10T19:53:26+10:00,7028,Present,29640,"-37.80133670899544, 144.96532311084553"
2026-08-10T20:09:39+10:00,2026-08-10T16:34:00+10:00,7029,Unoccupied,36330,"-37.803180307247466, 144.96501118179506"
2026-08-10T20:09:39+10:00,2026-08-10T17:19:48+10:00,7029,Unoccupied,36334,"-37.803084300224405, 144.96502786522683"
2026-08-10T20:09:39+10:00,2026-08-10T16:58:00+10:00,7029,Present,36336,"-37.80296397622709, 144.96504584989026"
2026-08-10T20:09:39+10:00,2026-08-10T18:34:53+10:00,7029,Present,36337,"-37.802938987033244, 144.96505020499137"
2026-08-10T20:09:39+10:00,2025-03-04T09:03:42+11:00,7011,Present,29765,"-37.80389523658826, 144.96476484927098"
2026-08-10T20:09:39+10:00,2026-08-10T18:34:26+10:00,7055,Present,29756,"-37.804502352669815, 144.96465994924725"
2026-08-10T20:09:39+10:00,2026-08-10T18:40:20+10:00,7029,Present,36318,"-37.802759203659406, 144.96519994759296"
2026-08-10T20:09:39+10:00,2026-08-10T19:33:58+10:00,7029,Present,36319,"-37.80270786588558, 144.9652087104128"
2026-08-10T20:09:39+10:00,2026-08-10T18:51:26+10:00,7029,Present,36320,"-37.802654312342305, 144.96521785692997"
2026-08-10T20:09:39+10:00,2026-08-10T16:31:07+10:00,7029,Present,36321,"-37.80260297590683, 144.965226621821"
2026-08-10T20:09:39+10:00,2026-08-10T19:14:15+10:00,7055,Present,29757,"-37.80445058196918, 144.96466884800586"
2026-08-10T20:09:39+10:00,2026-08-10T20:00:54+10:00,7001,Present,35759,"-37.80212494834727, 144.96610065069058"
2026-08-10T20:09:39+10:00,2026-08-10T19:31:21+10:00,,Present,35768,"-37.802059046682004, 144.9654927079195"
2026-08-10T20:09:39+10:00,2026-08-10T18:34:33+10:00,7001,Present,35767,"-37.802065358057696, 144.96555087358252"
2026-08-10T20:09:39+10:00,2025-04-15T12:07:01+10:00,7001,Unoccupied,35765,"-37.80207856071728, 144.9656725475348"
2026-08-10T20:09:39+10:00,2026-08-10T18:17:12+10:00,7001,Present,35764,"-37.80208661209001, 144.9657467461472"
2026-08-10T20:09:39+10:00,2026-08-10T20:03:57+10:00,7001,Present,35745,"-37.80199363243456, 144.9657257025405"
2026-08-10T20:09:39+10:00,2026-08-10T18:34:50+10:00,7001,Present,35741,"-37.8020070769221, 144.9658502489505"
2026-08-10T20:09:39+10:00,2026-08-10T18:12:07+10:00,7001,Present,35739,"-37.80201373750884, 144.96591219208565"
2026-08-10T20:09:39+10:00,2026-08-10T19:00:01+10:00,7001,Present,35726,"-37.802060409229526, 144.96634577861607"
2026-08-10T20:09:39+10:00,2026-08-10T17:25:54+10:00,7001,Present,35725,"-37.80206365389438, 144.96637762617274"
2026-08-10T20:09:39+10:00,2026-08-10T19:18:51+10:00,7001,Present,35762,"-37.80210131395937, 144.96588217362063"
2026-08-10T20:09:39+10:00,2026-08-10T17:54:55+10:00,7001,Present,35746,"-37.801990169277744, 144.9656921258294"
2026-08-10T20:09:39+10:00,2026-08-10T18:16:09+10:00,7001,Present,35747,"-37.801986658147776, 144.96565910958165"
2026-08-10T20:09:39+10:00,2026-08-10T18:42:12+10:00,,Present,37320,"-37.800442464850775, 144.9646231038243"
2026-08-10T20:09:39+10:00,2026-08-10T19:46:32+10:00,7108,Present,16224,"-37.801879691759154, 144.96982283068715"
2026-08-10T20:09:39+10:00,2026-08-10T18:50:01+10:00,7108,Present,16228,"-37.801670230150535, 144.9698592507445"
2026-08-10T20:09:39+10:00,2026-08-10T20:07:26+10:00,7112,Unoccupied,16255,"-37.80164776996838, 144.9697137672776"
2026-08-10T20:09:39+10:00,2026-08-10T20:06:08+10:00,7112,Unoccupied,16254,"-37.801701362822214, 144.96970444550357"
2026-08-10T20:09:39+10:00,2026-08-10T17:56:06+10:00,7199,Unoccupied,16257,"-37.80154072991324, 144.96973250503837"
2026-08-10T20:09:39+10:00,2026-08-10T18:26:19+10:00,7111,Unoccupied,16251,"-37.80186687071612, 144.96967560068097"
2026-08-10T20:09:39+10:00,2026-08-10T15:34:21+10:00,7111,Unoccupied,16250,"-37.80193248339374, 144.96966416504694"
2026-08-10T20:09:39+10:00,2026-08-10T19:23:25+10:00,7198,Unoccupied,16217,"-37.80225016032484, 144.96975941772942"
2026-08-10T20:09:39+10:00,2026-08-10T18:30:24+10:00,7108,Unoccupied,16212,"-37.802523659440745, 144.96971102532473"
2026-08-10T20:09:39+10:00,2026-08-10T17:57:05+10:00,7108,Unoccupied,16211,"-37.802578971343856, 144.9697014200152"
2026-08-10T20:09:39+10:00,2026-08-10T18:19:23+10:00,7199,Present,16239,"-37.80293422662799, 144.96949253594283"
2026-08-10T20:09:39+10:00,2026-08-10T19:41:36+10:00,7112,Present,16243,"-37.80268871236083, 144.96953439082324"
2026-08-10T20:09:39+10:00,2026-08-10T18:19:14+10:00,7112,Unoccupied,16240,"-37.80286947066482, 144.96950339740943"
2026-08-10T20:09:39+10:00,2026-08-10T18:39:34+10:00,7096,Present,22415,"-37.80639041159406, 144.96516745152726"
2026-08-10T20:09:39+10:00,2026-08-10T19:59:37+10:00,,Unoccupied,22416,"-37.80653077721751, 144.96514281467523"
2026-08-10T20:09:39+10:00,2026-08-10T19:41:49+10:00,,Unoccupied,22419,"-37.80667360361259, 144.96511785359968"
2026-08-10T20:09:39+10:00,2026-08-10T20:03:35+10:00,7096,Present,22431,"-37.80646889526538, 144.96523046172106"
2026-08-10T20:09:39+10:00,2026-08-10T20:00:32+10:00,7113,Unoccupied,33846,"-37.80390149824195, 144.96932277965362"
2026-08-10T20:09:39+10:00,2026-08-10T19:39:00+10:00,7113,Present,33847,"-37.80384791609661, 144.96933203995553"
2026-08-10T20:09:39+10:00,2026-08-10T18:32:55+10:00,7113,Present,33853,"-37.803526560585354, 144.96938756446164"
2026-08-10T20:09:39+10:00,2026-08-10T18:33:13+10:00,,Unoccupied,33810,"-37.80473631182403, 144.96934738732458"
2026-08-10T20:09:39+10:00,2026-02-11T16:55:49+11:00,7113,Unoccupied,33835,"-37.80449809025424, 144.96922758973676"
2026-08-10T20:09:39+10:00,2026-08-10T18:37:27+10:00,7113,Present,33850,"-37.80368458696603, 144.96936026886863"
2026-08-10T20:09:39+10:00,2026-08-10T19:56:12+10:00,7113,Present,33836,"-37.80444316255867, 144.96923678758685"
2026-08-10T20:09:39+10:00,2026-08-10T19:55:22+10:00,7113,Present,33833,"-37.80460614995073, 144.96920949121358"
2026-08-10T20:09:39+10:00,2026-08-10T18:57:52+10:00,7054,Present,36610,"-37.80064535206219, 144.9664898579304"
2026-08-10T20:09:39+10:00,2026-08-10T18:49:36+10:00,7054,Present,36611,"-37.80063804406009, 144.9664223117569"
2026-08-10T20:09:39+10:00,2026-08-10T18:00:06+10:00,7054,Present,36612,"-37.80063073160318, 144.96635476441412"
2026-08-10T20:09:39+10:00,2026-08-10T19:03:56+10:00,7048,Present,36630,"-37.80070524040514, 144.96615237346583"
2026-08-10T20:09:39+10:00,2026-08-10T19:05:50+10:00,7048,Present,36629,"-37.80071269361281, 144.96621982059514"
2026-08-10T20:09:39+10:00,2026-08-09T21:47:19+10:00,7048,Unoccupied,36619,"-37.80056668542713, 144.96576356576128"
2026-08-10T20:09:39+10:00,2026-08-10T19:42:53+10:00,7048,Present,36615,"-37.800595101982296, 144.96602688609346"
2026-08-10T20:09:39+10:00,2026-08-10T19:28:51+10:00,7034,Present,19262,"-37.798803502249704, 144.9657529116273"
2026-08-10T20:09:39+10:00,2026-08-10T17:10:12+10:00,7034,Present,19254,"-37.79904197955817, 144.96571226281"
2026-08-10T20:09:39+10:00,2026-08-10T17:46:51+10:00,7034,Present,19253,"-37.799065025310256, 144.96570823131677"
2026-08-10T20:09:39+10:00,2025-04-22T19:52:17+10:00,7034,Unoccupied,19241,"-37.7993951815281, 144.96565155168955"
2026-08-10T20:09:39+10:00,2026-08-10T20:06:19+10:00,7034,Unoccupied,19235,"-37.79955379895852, 144.9656242164922"
2026-08-10T20:09:39+10:00,2026-08-10T17:55:02+10:00,7034,Present,19233,"-37.799596759048725, 144.9656167702612"
2026-08-10T20:09:39+10:00,2026-08-10T17:48:42+10:00,7034,Present,19216,"-37.80003588946278, 144.96554144012316"
2026-08-10T20:09:39+10:00,2026-08-10T16:50:13+10:00,7034,Present,19215,"-37.800061842655595, 144.96553692781495"
2026-08-10T20:09:39+10:00,2026-08-10T18:39:28+10:00,7046,Present,19280,"-37.79955397962922, 144.96551277845862"
2026-08-10T20:09:39+10:00,2026-08-10T18:39:16+10:00,7046,Present,19281,"-37.79950048125496, 144.96552197092547"
2026-08-10T20:09:39+10:00,2026-08-10T18:25:32+10:00,7037,Present,19274,"-37.79988234030405, 144.96545625873918"
2026-08-10T20:09:39+10:00,2026-08-10T20:00:33+10:00,7037,Present,19273,"-37.799937680508194, 144.96544666524252"
2026-08-10T20:09:39+10:00,2026-08-10T18:18:53+10:00,7037,Present,19272,"-37.79999302894598, 144.96543710962663"
2026-08-10T20:09:39+10:00,2026-08-10T19:34:59+10:00,7034,Unoccupied,19271,"-37.800048377356035, 144.96542760886362"
2026-08-10T20:09:39+10:00,2026-08-10T18:23:55+10:00,7046,Present,19286,"-37.79920338110696, 144.96557298912535"
2026-08-10T20:09:39+10:00,2026-08-10T20:07:32+10:00,7034,Present,19265,"-37.79874036310237, 144.96576371276677"
2026-08-10T20:09:39+10:00,2026-08-10T18:54:21+10:00,7493,Present,67125,"-37.81077837384274, 144.95955456612887"
2026-08-10T20:09:39+10:00,2026-08-10T20:07:39+10:00,7493,Present,67124,"-37.810759588890505, 144.95961844229862"
2026-08-10T20:09:39+10:00,2026-08-10T18:18:29+10:00,7492,Present,67150,"-37.81084412334141, 144.95980623702243"
2026-08-10T20:09:39+10:00,2026-08-10T18:38:18+10:00,,Unoccupied,66960,"-37.80919122373305, 144.965460665788"
2026-08-10T20:09:39+10:00,2026-08-10T19:53:45+10:00,,Unoccupied,66961,"-37.80921570690346, 144.96537744875275"
2026-08-10T20:09:39+10:00,2026-08-10T19:07:36+10:00,7502,Present,66956,"-37.80911520221784, 144.9657084094328"
2026-08-10T20:09:39+10:00,2026-08-10T20:01:37+10:00,7497,Unoccupied,66836,"-37.80870551853567, 144.96661172128603"
2026-08-10T20:09:39+10:00,2026-08-10T20:05:56+10:00,7497,Present,66842,"-37.80833540085349, 144.9683876315044"
2026-08-10T20:09:39+10:00,2026-08-10T01:58:15+10:00,7193,Present,15010,"-37.81464135014181, 144.93998463088107"
2026-08-10T20:09:39+10:00,2026-08-10T19:27:55+10:00,7339,Present,63921,"-37.815425407679804, 144.95882194708173"
2026-08-10T20:09:39+10:00,2026-08-10T19:57:46+10:00,7339,Present,63920,"-37.81540657845852, 144.95888819866462"
2026-08-10T20:09:39+10:00,2026-08-10T18:31:09+10:00,7339,Present,63919,"-37.81538773900992, 144.9589544856983"
2026-08-10T20:09:39+10:00,2026-08-10T19:34:26+10:00,7338,Present,63913,"-37.8152794978195, 144.95933355387893"
2026-08-10T20:09:39+10:00,2026-08-10T18:19:35+10:00,7103,Present,31030,"-37.80438569732165, 144.96074339739363"
2026-08-10T20:09:39+10:00,2026-08-10T18:13:42+10:00,7103,Unoccupied,31027,"-37.80440835784631, 144.960945786899"
2026-08-10T20:09:39+10:00,2026-08-10T19:04:31+10:00,7103,Unoccupied,31025,"-37.804423465206895, 144.96108070784504"
2026-08-10T20:09:39+10:00,2026-08-10T18:28:14+10:00,7102,Present,31023,"-37.804440502376224, 144.96123292319544"
2026-08-10T20:09:39+10:00,2024-12-23T11:14:28+11:00,7102,Unoccupied,31022,"-37.80446889403372, 144.9614854231321"
2026-08-10T20:09:39+10:00,2026-08-10T19:16:58+10:00,7101,Unoccupied,31010,"-37.80427699492975, 144.96144437366235"
2026-08-10T20:09:39+10:00,2026-08-10T16:05:15+10:00,7103,Unoccupied,31020,"-37.804187390323506, 144.96064409556527"
2026-08-10T20:09:39+10:00,2026-08-10T18:19:35+10:00,7102,Present,31024,"-37.804431672037495, 144.96115401587213"
2026-08-10T20:09:39+10:00,2026-08-10T18:14:09+10:00,7109,Present,31837,"-37.80455883302112, 144.96230845271864"
2026-08-10T20:09:39+10:00,2026-08-10T19:01:21+10:00,7109,Present,31836,"-37.8045668632635, 144.96238156711394"
2026-08-10T20:09:39+10:00,2026-08-10T20:06:23+10:00,7169,Present,31828,"-37.804634869232615, 144.96300072709147"
2026-08-10T20:09:39+10:00,2026-08-10T18:24:16+10:00,7109,Present,31816,"-37.80440154025864, 144.96258698333082"
2026-08-10T20:09:39+10:00,2026-08-10T14:09:19+10:00,,Present,31838,"-37.80455079535781, 144.96223530208675"
2026-08-10T20:09:39+10:00,2026-08-10T19:06:32+10:00,7169,Present,31819,"-37.804374424876144, 144.9623373055457"
2026-08-10T20:09:39+10:00,2026-08-10T19:29:23+10:00,7109,Unoccupied,31814,"-37.804417572526745, 144.96273491542178"
2026-08-10T20:09:39+10:00,2026-08-10T20:06:16+10:00,7109,Present,31813,"-37.80442500771811, 144.96280354605744"
2026-08-10T20:09:39+10:00,2026-08-10T18:48:18+10:00,7169,Present,31812,"-37.80443244376079, 144.96287217728832"
2026-08-10T20:09:39+10:00,2026-08-06T18:38:33+10:00,,Present,30793,"-37.80228207189218, 144.9593830854177"
2026-08-10T20:09:39+10:00,2026-08-10T19:16:58+10:00,7057,Present,30638,"-37.803621804925704, 144.96040722548452"
2026-08-10T20:09:39+10:00,2026-08-10T17:53:29+10:00,7057,Unoccupied,30640,"-37.8035754200009, 144.96041552422474"
2026-08-10T20:09:39+10:00,2026-08-10T18:48:27+10:00,7057,Unoccupied,30646,"-37.803406536897576, 144.9604457367704"
2026-08-10T20:09:39+10:00,2026-08-10T16:00:55+10:00,7057,Unoccupied,30649,"-37.80333695479918, 144.96045829860483"
2026-08-10T20:09:39+10:00,2026-08-10T18:32:39+10:00,7057,Unoccupied,30652,"-37.80326739826677, 144.96047070652537"
2026-08-10T20:09:39+10:00,2026-08-10T18:23:35+10:00,7057,Unoccupied,30656,"-37.80314387234335, 144.96049280550477"
2026-08-10T20:09:39+10:00,2026-08-10T19:29:53+10:00,7057,Present,30659,"-37.80307161906903, 144.96050573197977"
2026-08-10T20:09:39+10:00,2026-08-10T18:25:22+10:00,7057,Present,30661,"-37.803023583573335, 144.9605143494045"
2026-08-10T20:09:39+10:00,2026-08-07T22:42:26+10:00,,Present,30674,"-37.80256362952225, 144.96059662239105"
2026-08-10T20:09:39+10:00,2026-08-10T19:05:01+10:00,7057,Unoccupied,30692,"-37.802890670593115, 144.96042113718053"
2026-08-10T20:09:39+10:00,2026-08-10T17:34:49+10:00,,Present,30699,"-37.80240973438987, 144.9605065789084"
2026-08-10T20:09:39+10:00,2026-08-10T19:57:14+10:00,7056,Present,30611,"-37.8039590514999, 144.96046460439305"
2026-08-10T20:09:39+10:00,2026-08-09T15:26:04+10:00,,Present,68353,"-37.80855889728203, 144.95906811859254"
2026-08-10T20:09:39+10:00,2026-08-10T18:13:37+10:00,7448,Present,68367,"-37.80873667828442, 144.95845516671378"
2026-08-10T20:09:39+10:00,2026-08-10T16:54:19+10:00,7448,Unoccupied,68364,"-37.80871070586094, 144.95854417038208"
2026-08-10T20:09:39+10:00,2026-08-10T19:36:32+10:00,7448,Unoccupied,68327,"-37.80864121556548, 144.95844602117631"
2026-08-10T20:09:39+10:00,2026-08-10T19:38:06+10:00,7448,Unoccupied,68373,"-37.808796403013844, 144.95824862804653"
2026-08-10T20:09:39+10:00,2025-08-22T21:18:33+10:00,7448,Unoccupied,68386,"-37.80855847777111, 144.95941119429634"
2026-08-10T20:09:39+10:00,2026-08-03T11:08:47+10:00,,Present,68375,"-37.80881355217676, 144.95818968819754"
2026-08-10T20:09:39+10:00,2026-08-10T19:45:19+10:00,7448,Unoccupied,68372,"-37.80878804963815, 144.9582774250888"
2026-08-10T20:09:39+10:00,2025-02-21T10:19:46+11:00,,Unoccupied,68356,"-37.808584647693124, 144.95897933722284"
2026-08-10T20:09:39+10:00,2025-07-13T22:28:51+10:00,7448,Unoccupied,68369,"-37.808753872361876, 144.9583956923487"
2026-08-10T20:09:39+10:00,2026-08-10T19:53:17+10:00,7448,Present,68322,"-37.80852623624561, 144.9588408693177"
2026-08-10T20:09:39+10:00,2026-08-10T18:26:52+10:00,,Present,21509,"-37.834747598471, 144.9752779375195"
2026-08-10T20:09:39+10:00,2026-08-09T18:18:03+10:00,,Present,17265,"-37.80281166800094, 144.95880048276157"
2026-08-10T20:09:39+10:00,2026-08-10T17:59:18+10:00,7012,Unoccupied,17225,"-37.80310911770046, 144.95908671537637"
2026-08-10T20:09:39+10:00,2026-08-10T19:07:37+10:00,7012,Unoccupied,17221,"-37.803352237601544, 144.9591979140979"
2026-08-10T20:09:39+10:00,2026-08-10T16:11:36+10:00,7012,Unoccupied,17214,"-37.80371746162696, 144.95936640605436"
2026-08-10T20:09:39+10:00,2026-08-10T18:29:59+10:00,7012,Present,17254,"-37.803373901455956, 144.95905753869272"
2026-08-10T20:09:39+10:00,2026-06-14T13:20:05+10:00,7012,Unoccupied,17223,"-37.803210629181514, 144.95913362932725"
2026-08-10T20:09:39+10:00,2026-07-29T09:14:10+10:00,7012,Unoccupied,17239,"-37.802404175177585, 144.9587609190893"
2026-08-10T20:09:39+10:00,2026-08-10T17:21:32+10:00,7012,Present,17236,"-37.80255635263053, 144.9588312867489"
2026-08-10T20:09:39+10:00,2026-08-10T17:11:15+10:00,7010,Present,17243,"-37.80218970086564, 144.9586617931266"
2026-08-10T20:09:39+10:00,2026-08-10T19:14:40+10:00,7010,Unoccupied,17248,"-37.803711780705086, 144.95921339597533"
2026-08-10T20:09:39+10:00,2026-08-10T20:01:27+10:00,7062,Present,32015,"-37.80325227848173, 144.96297319130076"
2026-08-10T20:09:39+10:00,2026-08-10T19:21:54+10:00,7062,Present,32014,"-37.80325986262486, 144.96304294182488"
2026-08-10T20:09:39+10:00,2026-08-10T18:51:42+10:00,7063,Unoccupied,32024,"-37.80317964135002, 144.96230758500946"
2026-08-10T20:09:39+10:00,2026-08-10T17:35:36+10:00,7061,Unoccupied,35522,"-37.801552771551584, 144.96258336692927"
2026-08-10T20:09:39+10:00,2026-08-10T13:07:34+10:00,7061,Present,35519,"-37.80157566852675, 144.96278696580225"
2026-08-10T20:09:39+10:00,2026-08-10T18:03:41+10:00,7045,Present,30352,"-37.79839824627477, 144.9647112405806"
2026-08-10T20:09:39+10:00,2026-08-10T18:30:45+10:00,7045,Present,30351,"-37.79840150781523, 144.96474236318852"
2026-08-10T20:09:39+10:00,2026-08-10T19:20:04+10:00,7045,Present,30349,"-37.7984080013249, 144.96480353262416"
2026-08-10T20:09:39+10:00,2026-08-10T19:25:49+10:00,7045,Present,30344,"-37.79842760075331, 144.96498739105783"
2026-08-10T20:09:39+10:00,2026-08-10T17:46:29+10:00,7045,Present,30341,"-37.79844107461073, 144.9651089486308"
2026-08-10T20:09:39+10:00,2026-08-10T20:07:47+10:00,7045,Unoccupied,30340,"-37.79844487858048, 144.96514275066022"
2026-08-10T20:09:39+10:00,2026-08-10T18:48:29+10:00,7045,Present,30338,"-37.79845223982586, 144.9652091739342"
2026-08-10T20:09:39+10:00,2026-08-10T19:52:41+10:00,7045,Present,30364,"-37.7985348584598, 144.965142188811"
2026-08-10T20:09:39+10:00,2026-08-10T18:57:13+10:00,,Present,30366,"-37.79851692454446, 144.96497981375228"
2026-08-10T20:09:39+10:00,2026-08-10T18:40:37+10:00,7045,Present,30353,"-37.798394745514486, 144.96467962205918"
2026-08-10T20:09:39+10:00,2026-08-10T07:20:18+10:00,7494,Unoccupied,67046,"-37.80990717641929, 144.96301888674088"
2026-08-10T20:09:39+10:00,2026-08-10T17:24:27+10:00,7495,Present,67051,"-37.810005718826915, 144.96267355535707"
2026-08-10T20:09:39+10:00,2026-08-10T19:50:04+10:00,7495,Unoccupied,67053,"-37.810043091401525, 144.9625456829915"
2026-08-10T20:09:39+10:00,2026-08-10T20:07:56+10:00,7495,Present,67054,"-37.810061775804314, 144.9624817467575"
2026-08-10T20:09:39+10:00,2026-08-10T20:05:07+10:00,7494,Present,67049,"-37.809964822983446, 144.96282704636855"
2026-08-10T20:09:39+10:00,2026-08-10T19:24:56+10:00,7589,Unoccupied,32316,"-37.801915612699155, 144.95831428544255"
2026-08-10T20:09:39+10:00,2026-08-10T18:20:31+10:00,7589,Present,32319,"-37.80190628685269, 144.9582263582459"
2026-08-10T20:09:39+10:00,2026-08-10T16:33:39+10:00,7589,Unoccupied,32327,"-37.801874296770734, 144.95792979941675"
2026-08-10T20:09:39+10:00,2026-08-10T19:34:39+10:00,7589,Unoccupied,32326,"-37.801877514651096, 144.95796018832124"
2026-08-10T20:09:39+10:00,2026-08-10T20:00:59+10:00,7009,Unoccupied,16822,"-37.80105145957495, 144.95868400742654"
2026-08-10T20:09:39+10:00,2026-08-10T15:57:07+10:00,7009,Unoccupied,16825,"-37.800881414057066, 144.95871408287047"
2026-08-10T20:09:39+10:00,2025-10-01T17:07:16+10:00,7009,Unoccupied,16826,"-37.80082431309464, 144.95872418666573"
2026-08-10T20:09:39+10:00,2026-08-10T19:41:55+10:00,7017,Unoccupied,16838,"-37.80013955428142, 144.95884457614815"
2026-08-10T20:09:39+10:00,2026-08-10T20:03:17+10:00,7017,Unoccupied,16840,"-37.801736926752696, 144.9584241559613"
2026-08-10T20:09:39+10:00,2026-05-16T07:59:50+10:00,7017,Present,16846,"-37.801396059966045, 144.95848435072242"
2026-08-10T20:09:39+10:00,2026-08-10T18:12:17+10:00,7009,Unoccupied,16856,"-37.80085136167963, 144.95858071828832"
2026-08-10T20:09:39+10:00,2026-08-10T18:48:48+10:00,7009,Unoccupied,16862,"-37.800498946205, 144.95864306080105"
2026-08-10T20:09:39+10:00,2026-08-10T16:00:02+10:00,,Unoccupied,16864,"-37.80038329231457, 144.95866351030253"
2026-08-10T20:09:39+10:00,2026-08-10T19:52:01+10:00,7017,Present,16867,"-37.80021733263371, 144.95869286553622"
2026-08-10T20:09:39+10:00,2026-08-10T18:48:22+10:00,7017,Present,16839,"-37.80007151840782, 144.95885636926283"
2026-08-10T20:09:39+10:00,2026-08-10T19:45:09+10:00,7017,Present,16868,"-37.80016195748427, 144.9587026734562"
2026-08-10T20:09:39+10:00,2026-08-10T18:04:41+10:00,7083,Present,32229,"-37.80196253298372, 144.95875440436726"
2026-08-10T20:09:39+10:00,2026-08-10T19:36:31+10:00,7083,Present,32227,"-37.80196883421262, 144.95881289794585"
2026-08-10T20:09:39+10:00,2026-08-10T19:53:52+10:00,7083,Present,32220,"-37.801996832169976, 144.95907461714194"
2026-08-10T20:09:39+10:00,2026-08-10T20:04:36+10:00,7083,Unoccupied,32230,"-37.80195943464745, 144.95872533115715"
2026-08-10T20:09:39+10:00,2026-08-10T18:10:26+10:00,7176,Present,32210,"-37.80192337387269, 144.9592439755584"
2026-08-10T20:09:39+10:00,2026-08-08T21:34:23+10:00,,Present,32218,"-37.80200337605981, 144.95913183179806"
2026-08-10T20:09:39+10:00,2026-08-04T19:22:13+10:00,,Unoccupied,32216,"-37.8018746392971, 144.95879383964896"
2026-08-10T20:09:39+10:00,2026-08-10T17:07:07+10:00,7020,Unoccupied,36573,"-37.80295578683375, 144.96203570120548"
2026-08-10T20:09:39+10:00,2026-08-10T19:11:50+10:00,7020,Present,36572,"-37.802975798420206, 144.96203190042124"
2026-08-10T20:09:39+10:00,2026-08-10T17:42:10+10:00,7020,Unoccupied,36575,"-37.802888300266865, 144.96204752496328"
2026-08-10T20:09:39+10:00,2026-08-10T19:35:40+10:00,7020,Unoccupied,36579,"-37.802795992235914, 144.96206363274857"
2026-08-10T20:09:39+10:00,2026-08-10T17:52:05+10:00,7020,Present,36580,"-37.802772025190066, 144.9620678114569"
2026-08-10T20:09:39+10:00,2026-08-10T17:29:29+10:00,7020,Unoccupied,36585,"-37.80263203008478, 144.96209184929802"
2026-08-10T20:09:39+10:00,2026-08-10T18:05:17+10:00,7020,Unoccupied,36565,"-37.802886458412466, 144.96192974239136"
2026-08-10T20:09:39+10:00,2026-08-10T16:27:44+10:00,7020,Unoccupied,36567,"-37.802778302621405, 144.96194845476094"
2026-08-10T20:09:39+10:00,2026-08-10T19:14:31+10:00,7020,Unoccupied,36569,"-37.8026698080964, 144.96196722654292"
2026-08-10T20:09:39+10:00,2026-08-10T14:52:17+10:00,7020,Present,36519,"-37.80256839792679, 144.96222013979315"
2026-08-10T20:09:39+10:00,2026-08-10T19:43:50+10:00,7020,Unoccupied,36516,"-37.802729026202414, 144.9621919997495"
2026-08-10T20:09:39+10:00,2026-08-10T19:23:43+10:00,7020,Present,36515,"-37.80278212344979, 144.9621826977026"
2026-08-10T20:09:39+10:00,2026-08-10T18:46:29+10:00,7020,Unoccupied,36514,"-37.80283258463729, 144.96217385762498"
2026-08-10T20:09:39+10:00,2026-08-10T20:01:52+10:00,7020,Unoccupied,36513,"-37.80288259838018, 144.96216509100353"
2026-08-10T20:09:39+10:00,2026-08-10T14:28:52+10:00,7020,Unoccupied,36552,"-37.8033582060107, 144.962081237403"
2026-08-10T20:09:39+10:00,2026-08-10T18:07:01+10:00,7020,Unoccupied,36520,"-37.80377629050983, 144.96200865253223"
2026-08-10T20:09:39+10:00,2026-08-10T19:12:51+10:00,7020,Unoccupied,36563,"-37.80366182601806, 144.96179555322828"
2026-08-10T20:09:39+10:00,2026-08-10T19:44:02+10:00,7020,Unoccupied,36547,"-37.80348918255316, 144.9619421487074"
2026-08-10T20:09:39+10:00,2026-08-10T19:54:50+10:00,7020,Unoccupied,36545,"-37.80353560883498, 144.96193422797467"
2026-08-10T20:09:39+10:00,2026-08-10T19:18:57+10:00,7020,Unoccupied,36543,"-37.80358203509596, 144.96192630610807"
2026-08-10T20:09:39+10:00,2026-08-10T17:13:54+10:00,7007,Unoccupied,36597,"-37.80304437749355, 144.96190240497728"
2026-08-10T20:09:39+10:00,2026-08-10T17:41:05+10:00,7020,Unoccupied,36526,"-37.804159380371814, 144.96182544351"
2026-08-10T20:09:39+10:00,2026-08-10T14:23:45+10:00,7020,Present,36527,"-37.80413529898769, 144.96182977423956"
2026-08-10T20:09:39+10:00,2026-08-10T17:52:58+10:00,7020,Unoccupied,36555,"-37.80416055544282, 144.96170720364617"
2026-08-10T20:09:39+10:00,2026-08-10T15:59:46+10:00,7020,Unoccupied,36510,"-37.80405245126841, 144.96196051485276"
2026-08-10T20:09:39+10:00,2026-08-10T19:35:20+10:00,7084,Unoccupied,32145,"-37.8022226362048, 144.9611170811944"
2026-08-10T20:09:39+10:00,2026-08-10T19:44:28+10:00,7084,Present,32148,"-37.80221016614006, 144.96099993830137"
2026-08-10T20:09:39+10:00,2026-08-10T19:34:12+10:00,7084,Unoccupied,32144,"-37.802225758630584, 144.9611462393919"
2026-08-10T20:09:39+10:00,2026-08-10T19:55:31+10:00,7084,Unoccupied,32142,"-37.802231995035896, 144.96120475964"
2026-08-10T20:09:39+10:00,2026-08-10T08:26:29+10:00,7084,Present,32133,"-37.80226629743261, 144.96152661998948"
2026-08-10T20:09:39+10:00,2026-08-10T16:42:37+10:00,7084,Unoccupied,32125,"-37.80229748048623, 144.96181922161855"
2026-08-10T20:09:39+10:00,2026-08-10T19:00:35+10:00,7084,Unoccupied,32137,"-37.80225068808988, 144.96137995065342"
2026-08-10T20:09:39+10:00,2026-08-10T17:23:05+10:00,7084,Present,32141,"-37.802235100227364, 144.96123396257548"
2026-08-10T20:09:39+10:00,2026-08-10T19:02:09+10:00,7084,Unoccupied,32112,"-37.80218984734584, 144.96169295471816"
2026-08-10T20:09:39+10:00,2026-08-09T16:46:46+10:00,,Unoccupied,32122,"-37.80211245061355, 144.96098401400275"
2026-08-10T20:09:39+10:00,2026-08-10T17:29:30+10:00,7084,Present,32132,"-37.80226945585717, 144.96155573859124"
2026-08-10T20:09:39+10:00,2026-08-10T13:53:20+10:00,7059,Unoccupied,32110,"-37.80220651227695, 144.96184621162968"
2026-08-10T20:09:39+10:00,2026-08-10T17:44:18+10:00,7084,Unoccupied,32118,"-37.80214314019187, 144.96126581031135"
2026-08-10T20:09:39+10:00,2026-08-10T19:01:56+10:00,7059,Unoccupied,32111,"-37.80219821131531, 144.96176944617932"
2026-08-10T20:09:39+10:00,2026-08-10T17:18:22+10:00,7059,Present,32164,"-37.80229859245127, 144.96094869759136"
2026-08-10T20:09:39+10:00,2026-08-10T16:21:39+10:00,7177,Unoccupied,36422,"-37.80205886103157, 144.96230949298956"
2026-08-10T20:09:39+10:00,2026-08-10T18:29:54+10:00,7177,Unoccupied,36421,"-37.80211242470385, 144.962300108524"
2026-08-10T20:09:39+10:00,2026-08-10T17:19:22+10:00,7177,Unoccupied,36420,"-37.802164129499, 144.96229103906762"
2026-08-10T20:09:39+10:00,2026-08-10T19:37:56+10:00,7177,Unoccupied,36426,"-37.80184314958477, 144.962347736428"
2026-08-10T20:09:39+10:00,2026-08-10T18:30:56+10:00,7674,Present,51819,"-37.814010865674746, 144.96877776293968"
2026-08-10T20:09:39+10:00,2025-08-24T11:20:32+10:00,7733,Present,9609,"-37.803775427031525, 144.94940056402066"
2026-08-10T20:09:39+10:00,2026-06-06T00:08:49+10:00,7394,Unoccupied,26133,"-37.80473921122358, 144.95906785578438"
2026-08-10T20:09:39+10:00,2026-06-05T21:32:26+10:00,7394,Unoccupied,26132,"-37.80478787139392, 144.95909026506115"
2026-08-10T20:09:39+10:00,2026-06-06T00:07:08+10:00,7394,Unoccupied,26129,"-37.80494022537165, 144.95916038346434"
2026-08-10T20:09:39+10:00,2026-06-05T23:06:16+10:00,7394,Unoccupied,26128,"-37.80499100216038, 144.95918375630845"
2026-08-10T20:09:39+10:00,2026-06-06T00:13:14+10:00,7394,Unoccupied,26125,"-37.80514334427039, 144.95925386433643"
2026-08-10T20:09:39+10:00,2026-06-06T00:25:20+10:00,7394,Unoccupied,26159,"-37.80493565024764, 144.95863920189714"
2026-08-10T20:09:39+10:00,2026-06-06T01:05:43+10:00,7394,Unoccupied,26157,"-37.80503719977952, 144.9586859656893"
2026-08-10T20:09:39+10:00,2026-06-06T05:54:43+10:00,7394,Present,26156,"-37.805085858802315, 144.9587083716034"
2026-08-10T20:09:39+10:00,2026-06-05T23:12:40+10:00,7394,Present,26144,"-37.80563547969652, 144.95896146899787"
2026-08-10T20:09:39+10:00,2026-06-05T23:02:16+10:00,7394,Unoccupied,26122,"-37.805295627302705, 144.95932398443864"
2026-08-10T20:09:39+10:00,2026-06-06T05:21:48+10:00,7520,Unoccupied,26143,"-37.80569050279671, 144.95898679564118"
2026-08-10T20:09:39+10:00,2026-05-31T23:54:43+10:00,7394,Unoccupied,26150,"-37.80533085373524, 144.95882115267017"
2026-08-10T20:09:39+10:00,2026-06-05T22:24:06+10:00,7394,Present,26146,"-37.80553394659395, 144.95891469753036"
2026-08-10T20:09:39+10:00,2026-06-05T18:45:29+10:00,7394,Present,26164,"-37.80468185265978, 144.95852235387238"
2026-08-10T20:09:39+10:00,2026-06-05T21:34:23+10:00,7520,Present,26166,"-37.80457776879044, 144.9584744311846"
2026-08-10T20:09:39+10:00,2026-06-06T00:19:36+10:00,7520,Unoccupied,26140,"-37.80436589303201, 144.95889601740527"
2026-08-10T20:09:39+10:00,2026-06-05T23:03:59+10:00,7520,Unoccupied,26138,"-37.80446743941445, 144.95894275926668"
2026-08-10T20:09:39+10:00,2026-06-05T23:12:45+10:00,7394,Unoccupied,26121,"-37.80534643676472, 144.9593473590702"
2026-08-10T20:09:39+10:00,2026-06-05T22:34:18+10:00,7520,Unoccupied,26120,"-37.80539714355288, 144.95937070646835"
2026-08-10T20:09:39+10:00,2026-06-06T01:53:52+10:00,7392,Unoccupied,20112,"-37.803442866514814, 144.9584329575796"
2026-08-10T20:09:39+10:00,2026-06-06T01:29:17+10:00,,Unoccupied,20116,"-37.803235197506915, 144.95833702205303"
2026-08-10T20:09:39+10:00,2025-12-24T20:40:30+11:00,7393,Present,20122,"-37.8029264402134, 144.95819438121816"
2026-08-10T20:09:39+10:00,2026-06-06T00:41:56+10:00,7393,Unoccupied,20141,"-37.80356385577863, 144.95800880676393"
2026-08-10T20:09:39+10:00,2026-06-05T23:18:48+10:00,7393,Unoccupied,20154,"-37.80290318607443, 144.95770545477"
2026-08-10T20:09:39+10:00,2026-06-05T22:35:32+10:00,7393,Unoccupied,20160,"-37.802598431325315, 144.9575655287217"
2026-08-10T20:09:39+10:00,2026-06-05T20:56:37+10:00,7393,Unoccupied,20163,"-37.80244605664524, 144.95749556667894"
2026-08-10T20:09:39+10:00,2026-08-10T19:21:55+10:00,7534,Present,63235,"-37.81685469348979, 144.958060212521"
2026-08-10T20:09:39+10:00,2026-08-10T19:20:23+10:00,7023,Present,30837,"-37.806002978275444, 144.95999226310028"
2026-08-10T20:09:39+10:00,2026-08-10T19:03:16+10:00,7335,Unoccupied,64137,"-37.81661814208146, 144.9552603208842"
2026-08-10T20:09:39+10:00,2026-08-10T19:16:19+10:00,7265,Present,17957,"-37.81037889742889, 144.97293892344447"
2026-08-10T20:09:39+10:00,2026-08-10T15:47:07+10:00,7265,Unoccupied,17955,"-37.81026115836301, 144.97294181070765"
2026-08-10T20:09:39+10:00,2026-08-10T17:51:21+10:00,7265,Present,17952,"-37.81008064330046, 144.97295945855475"
2026-08-10T20:09:39+10:00,2026-08-10T15:35:12+10:00,7265,Unoccupied,17949,"-37.80991962745114, 144.97298012356163"
2026-08-10T20:09:39+10:00,2026-06-29T22:51:40+10:00,7265,Present,17950,"-37.80997391735848, 144.972973110736"
2026-08-10T20:09:39+10:00,2026-08-10T17:02:08+10:00,,Unoccupied,17960,"-37.810684451948006, 144.97295146327076"
2026-08-10T20:09:39+10:00,2026-08-10T18:59:50+10:00,7303,Present,51615,"-37.816135024219605, 144.96975660668517"
2026-08-10T20:09:39+10:00,2025-05-21T08:46:58+10:00,7297,Present,89958,"-37.808005570931115, 144.97275304738568"
2026-08-10T20:09:39+10:00,2026-08-10T14:21:37+10:00,7297,Unoccupied,89964,"-37.807955403495754, 144.97230211648963"
2026-08-10T20:09:39+10:00,2026-08-10T18:49:21+10:00,7297,Present,89965,"-37.8079469549929, 144.97222620797547"
2026-08-10T20:09:39+10:00,2026-08-09T15:11:22+10:00,7297,Unoccupied,89957,"-37.80801391232718, 144.97282837870972"
2026-08-10T20:09:39+10:00,2026-08-10T15:58:23+10:00,7297,Unoccupied,89962,"-37.80797210892914, 144.97245220947747"
2026-08-10T20:09:39+10:00,2026-08-10T12:32:02+10:00,7081,Present,16120,"-37.80689490488615, 144.97324553479118"
2026-08-10T20:09:39+10:00,2026-08-09T21:12:17+10:00,,Unoccupied,16117,"-37.807048301914165, 144.97321933554417"
2026-08-10T20:09:39+10:00,2026-08-10T19:39:24+10:00,,Unoccupied,21741,"-37.84797530443915, 144.98226492474316"
2026-08-10T20:09:39+10:00,2026-08-10T15:57:26+10:00,,Present,68358,"-37.80860224835065, 144.95891864975522"
2026-08-10T20:09:39+10:00,2025-10-15T08:16:43+11:00,,Present,11184,"-37.80766039736787, 144.9544144110714"
2026-08-10T20:09:39+10:00,2025-09-22T12:08:41+10:00,7993,Present,11254,"-37.806979565519406, 144.9543519057313"
2026-08-10T20:09:39+10:00,2025-10-10T06:53:06+11:00,7987,Present,11138,"-37.808117845881284, 144.95462424933322"
2026-08-10T20:09:39+10:00,2025-09-22T12:06:35+10:00,7988,Unoccupied,11243,"-37.806693733107195, 144.95397030001217"
2026-08-10T20:09:39+10:00,2025-10-07T09:56:19+11:00,7993,Unoccupied,11255,"-37.806918966558754, 144.9543241932848"
2026-08-10T20:09:39+10:00,2025-10-07T09:58:25+11:00,7993,Unoccupied,11259,"-37.806724343501315, 144.95423536192476"
2026-08-10T20:09:39+10:00,2025-10-07T09:57:36+11:00,7993,Present,11263,"-37.80643959996925, 144.95410540428315"
2026-08-10T20:09:39+10:00,2025-09-18T12:57:36+10:00,7993,Present,11265,"-37.80634852317524, 144.95406382418602"
2026-08-10T20:09:39+10:00,2025-09-22T13:10:18+10:00,7985,Present,13127,"-37.808201119554255, 144.95327307625143"
2026-08-10T20:09:39+10:00,2023-01-25T09:20:20+11:00,7985,Unoccupied,13134,"-37.80838428467885, 144.95304611092968"
2026-08-10T20:09:39+10:00,2025-09-22T11:12:51+10:00,7985,Present,13135,"-37.80840264335448, 144.95298262988652"
2026-08-10T20:09:39+10:00,2025-09-13T23:15:26+10:00,7985,Unoccupied,13136,"-37.808421156302245, 144.9529186146771"
2026-08-10T20:09:39+10:00,2025-09-22T11:34:07+10:00,7985,Present,13139,"-37.808500453077, 144.95264442986894"
2026-08-10T20:09:39+10:00,2025-08-25T15:24:26+10:00,7922,Present,10802,"-37.80619572705747, 144.95520926099982"
2026-08-10T20:09:39+10:00,2025-02-07T10:56:20+11:00,7923,Present,10827,"-37.80718809848878, 144.95491080003936"
2026-08-10T20:09:39+10:00,2025-07-07T12:38:36+10:00,7923,Present,10832,"-37.807036841693844, 144.9549386202144"
2026-08-10T20:09:39+10:00,2023-11-14T13:53:26+11:00,7923,Unoccupied,10840,"-37.80679269983759, 144.95498356552235"
2026-08-10T20:09:39+10:00,2025-02-06T19:00:55+11:00,7923,Unoccupied,10847,"-37.80659278997972, 144.95502036689166"
2026-08-10T20:09:39+10:00,2025-07-06T19:41:55+10:00,7923,Present,10850,"-37.80649420473035, 144.9550385156125"
2026-08-10T20:09:39+10:00,2025-02-07T00:52:04+11:00,7923,Unoccupied,10851,"-37.806468747703676, 144.95504320177804"
2026-08-10T20:09:39+10:00,2025-07-07T12:37:07+10:00,7923,Unoccupied,10856,"-37.80631942354182, 144.9550706912022"
2026-08-10T20:09:39+10:00,2025-07-07T13:09:53+10:00,7923,Present,10863,"-37.806065031937344, 144.9551174840392"
2026-08-10T20:09:39+10:00,2025-02-07T10:08:47+11:00,7923,Present,10824,"-37.80726365254678, 144.95489686507085"
2026-08-10T20:09:39+10:00,2025-07-07T15:46:43+10:00,7922,Present,10875,"-37.806197932190344, 144.954974801916"
2026-08-10T20:09:39+10:00,2026-08-10T18:50:31+10:00,7918,Unoccupied,23223,"-37.81083633462421, 144.950824202643"
2026-08-10T20:09:39+10:00,2026-08-10T19:28:51+10:00,7918,Present,23268,"-37.81087318159973, 144.95104895086325"
2026-08-10T20:09:39+10:00,2026-08-10T17:33:26+10:00,7918,Present,23269,"-37.81088129144347, 144.95101947538473"
2026-08-10T20:09:39+10:00,2026-08-10T19:20:24+10:00,7918,Present,23270,"-37.810889476213106, 144.95098999876478"
2026-08-10T20:09:39+10:00,2026-08-08T12:21:00+10:00,7918,Present,23271,"-37.81089766142552, 144.95096052216365"
2026-08-10T20:09:39+10:00,2026-08-10T19:37:27+10:00,7918,Unoccupied,23272,"-37.81090584617013, 144.95093104666694"
2026-08-10T20:09:39+10:00,2026-08-10T19:37:23+10:00,7918,Present,23273,"-37.81091403137728, 144.95090157002886"
2026-08-10T20:09:39+10:00,2026-08-10T16:32:54+10:00,7918,Present,23274,"-37.8109222165571, 144.9508720945201"
2026-08-10T20:09:39+10:00,2026-08-10T18:50:23+10:00,7918,Present,23279,"-37.810963141481295, 144.95072467980796"
2026-08-10T20:09:39+10:00,2026-08-10T17:51:31+10:00,7918,Present,23295,"-37.81093259161155, 144.9511806629836"
2026-08-10T20:09:39+10:00,2026-08-10T19:24:34+10:00,7918,Unoccupied,23297,"-37.81097423175133, 144.9510341477516"
2026-08-10T20:09:39+10:00,2026-08-10T17:55:02+10:00,7918,Present,23256,"-37.81071809244352, 144.95159765905646"
2026-08-10T20:09:39+10:00,2026-08-10T19:08:46+10:00,7918,Present,23254,"-37.810701956510734, 144.95165535753316"
2026-08-10T20:09:39+10:00,2026-08-10T20:03:50+10:00,7934,Unoccupied,23260,"-37.81075336255063, 144.951472083021"
2026-08-10T20:09:39+10:00,2026-08-10T20:03:55+10:00,7934,Present,23267,"-37.81081038521976, 144.95126977920955"
2026-08-10T20:09:39+10:00,2026-08-10T19:34:26+10:00,7934,Present,23265,"-37.810793923090415, 144.95132757364627"
2026-08-10T20:09:39+10:00,2026-08-10T17:25:13+10:00,7934,Unoccupied,23263,"-37.81077773815686, 144.9513853580806"
2026-08-10T20:09:39+10:00,2026-08-10T18:22:55+10:00,7918,Present,23291,"-37.81080425064505, 144.9516330629255"
2026-08-10T20:09:39+10:00,2025-11-18T17:59:01+11:00,,Unoccupied,23288,"-37.81072694040839, 144.95190696568892"
2026-08-10T20:09:39+10:00,2025-11-18T17:15:41+11:00,,Unoccupied,23289,"-37.810746510884144, 144.95183777966383"
2026-08-10T20:09:39+10:00,2026-08-10T17:18:23+10:00,7918,Unoccupied,23210,"-37.81038474516148, 144.9524506053864"
2026-08-10T20:09:39+10:00,2026-08-10T18:46:31+10:00,7918,Present,23212,"-37.81042059965475, 144.95232207538555"
2026-08-10T20:09:39+10:00,2026-08-10T15:01:24+10:00,7918,Present,23211,"-37.810402627549415, 144.9523863206618"
2026-08-10T20:09:39+10:00,2026-04-15T18:46:03+10:00,7918,Present,23213,"-37.8104386833545, 144.9522578100627"
2026-08-10T20:09:39+10:00,2026-08-10T19:42:12+10:00,7918,Unoccupied,23214,"-37.810456221323875, 144.95219518048805"
2026-08-10T20:09:39+10:00,2026-08-10T19:43:22+10:00,7918,Unoccupied,23287,"-37.810674956472866, 144.9520894988185"
2026-08-10T20:09:39+10:00,2026-08-10T19:14:21+10:00,7918,Present,23285,"-37.810633983895094, 144.95223376678476"
2026-08-10T20:09:39+10:00,2026-08-10T20:02:59+10:00,7918,Unoccupied,23283,"-37.8105877348888, 144.9523956131049"
2026-08-10T20:09:39+10:00,2025-11-18T17:21:58+11:00,,Unoccupied,23282,"-37.8105501503064, 144.95253100718853"
2026-08-10T20:09:39+10:00,2026-08-10T17:29:10+10:00,7918,Unoccupied,23252,"-37.81066424947359, 144.95178966874101"
2026-08-10T20:09:39+10:00,2026-08-10T19:18:11+10:00,7918,Present,23237,"-37.810547229971775, 144.9522066747591"
2026-08-10T20:09:39+10:00,2026-08-10T19:00:28+10:00,7918,Unoccupied,23232,"-37.8105083791562, 144.95234510560454"
2026-08-10T20:09:39+10:00,2026-08-10T19:39:56+10:00,7918,Unoccupied,23250,"-37.81064877288641, 144.95184480579388"
2026-08-10T20:09:39+10:00,2026-08-10T19:31:41+10:00,7918,Unoccupied,23246,"-37.81061753247798, 144.95195613132083"
2026-08-10T20:09:39+10:00,2026-08-10T19:40:57+10:00,7918,Unoccupied,23238,"-37.810555036100794, 144.95217883871084"
2026-08-10T20:09:39+10:00,2026-08-10T17:15:54+10:00,7918,Present,23239,"-37.81056284820245, 144.9521510026696"
2026-08-10T20:09:39+10:00,2026-08-10T18:36:14+10:00,7918,Present,23241,"-37.81057847059388, 144.95209532942295"
2026-08-10T20:09:39+10:00,2026-08-10T20:00:30+10:00,7918,Unoccupied,23244,"-37.810601905045885, 144.95201182122128"
2026-08-10T20:09:39+10:00,2026-08-10T19:31:15+10:00,7918,Unoccupied,23235,"-37.81053163254826, 144.95226223920886"
2026-08-10T20:09:39+10:00,2026-08-10T18:16:25+10:00,7918,Present,23229,"-37.81046227114958, 144.9525065739063"
2026-08-10T20:09:39+10:00,2026-08-10T19:31:15+10:00,7458,Unoccupied,61325,"-37.81814488782854, 144.96131426331482"
2026-08-10T20:09:39+10:00,2026-08-10T19:18:56+10:00,7430,Present,53515,"-37.809501477656035, 144.96108309160797"
2026-08-10T20:09:39+10:00,2026-08-10T19:21:32+10:00,7430,Unoccupied,53514,"-37.809552416206415, 144.96110654330215"
2026-08-10T20:09:39+10:00,2023-06-08T08:47:44+10:00,7924,Present,11111,"-37.80568963815816, 144.9521707552537"
2026-08-10T20:09:39+10:00,2023-06-08T08:49:54+10:00,7924,Unoccupied,11112,"-37.805711273582574, 144.95216680591378"
2026-08-10T20:09:39+10:00,2023-06-08T06:34:08+10:00,7924,Unoccupied,11113,"-37.8057341335427, 144.9521626699863"
2026-08-10T20:09:39+10:00,2023-06-07T11:13:53+10:00,7924,Unoccupied,11116,"-37.80588394684489, 144.95213622853473"
2026-08-10T20:09:39+10:00,2026-02-08T16:47:54+11:00,7924,Present,11117,"-37.80590697204958, 144.9521320651702"
2026-08-10T20:09:39+10:00,2023-06-08T00:04:34+10:00,7924,Unoccupied,11118,"-37.805957521610026, 144.9521230066565"
2026-08-10T20:09:39+10:00,2023-06-08T09:25:51+10:00,7924,Unoccupied,11120,"-37.806003469217806, 144.9521147713499"
2026-08-10T20:09:39+10:00,2023-03-17T09:53:23+11:00,7924,Present,11124,"-37.80612299114207, 144.95209331580435"
2026-08-10T20:09:39+10:00,2026-08-10T18:26:03+10:00,7086,Present,30414,"-37.802505359936774, 144.96456181024587"
2026-08-10T20:09:39+10:00,2026-08-10T18:04:43+10:00,7029,Unoccupied,36312,"-37.803047533406286, 144.96515070043503"
2026-08-10T20:09:39+10:00,2023-11-16T16:02:04+11:00,7015,Present,10322,"-37.80107432855722, 144.96248060524562"
2026-08-10T20:09:39+10:00,2023-11-16T15:05:33+11:00,7015,Present,10325,"-37.80122963590459, 144.96245366494963"
2026-08-10T20:09:39+10:00,2026-08-10T16:16:06+10:00,,Unoccupied,86454,"-37.8101147596319, 144.9754038409589"
2026-08-10T20:09:39+10:00,2026-08-10T18:58:13+10:00,7253,Unoccupied,86411,"-37.810315602997036, 144.97565625947374"
2026-08-10T20:09:39+10:00,2026-08-10T17:18:48+10:00,7253,Unoccupied,86414,"-37.81021796547164, 144.97567247151056"
2026-08-10T20:09:39+10:00,2026-08-10T17:25:50+10:00,7253,Unoccupied,86417,"-37.81012047333607, 144.9756886076944"
2026-08-10T20:09:39+10:00,2026-08-10T18:06:56+10:00,7253,Present,86421,"-37.809990366556505, 144.97571012234073"
2026-08-10T20:09:39+10:00,2026-08-10T18:45:19+10:00,7253,Unoccupied,86422,"-37.809957839970366, 144.97571550085905"
2026-08-10T20:09:39+10:00,2026-08-10T19:04:22+10:00,7253,Unoccupied,86447,"-37.81050471230603, 144.97533844565666"
2026-08-10T20:09:39+10:00,2026-08-10T19:20:17+10:00,7253,Unoccupied,86451,"-37.810290412621754, 144.97537457602735"
2026-08-10T20:09:39+10:00,2026-08-10T19:31:28+10:00,7253,Unoccupied,86448,"-37.8104511556963, 144.97534752018657"
2026-08-10T20:09:39+10:00,2026-08-10T15:41:59+10:00,7254,Present,86453,"-37.810175406946854, 144.97539372263753"
2026-08-10T20:09:39+10:00,2026-08-10T16:05:26+10:00,7258,Unoccupied,85871,"-37.81071051102367, 144.9780555920948"
2026-08-10T20:09:39+10:00,2026-08-10T18:39:43+10:00,7258,Present,85878,"-37.810336823977984, 144.97811737262248"
2026-08-10T20:09:39+10:00,2026-08-06T17:20:04+10:00,7258,Present,85864,"-37.81129180946178, 144.977959526853"
2026-08-10T20:09:39+10:00,2026-08-10T19:06:25+10:00,7258,Unoccupied,85842,"-37.810537896729386, 144.9783239095325"
2026-08-10T20:09:39+10:00,2026-08-08T15:17:55+10:00,,Present,85849,"-37.8101786555078, 144.97838435948728"
2026-08-10T20:09:39+10:00,2026-08-10T17:29:20+10:00,7258,Unoccupied,85837,"-37.81079382516118, 144.97828084871492"
2026-08-10T20:09:39+10:00,2026-08-10T18:02:15+10:00,7258,Unoccupied,85836,"-37.810844952258236, 144.97827222815158"
2026-08-10T20:09:39+10:00,2026-08-10T17:15:28+10:00,7258,Unoccupied,85840,"-37.810640248884695, 144.9783066873236"
2026-08-10T20:09:39+10:00,2026-08-10T18:06:51+10:00,7258,Present,85881,"-37.81016363364237, 144.9781461070376"
2026-08-10T20:09:39+10:00,2026-08-10T19:08:02+10:00,7258,Unoccupied,85876,"-37.810441783666874, 144.978100019282"
2026-08-10T20:09:39+10:00,2026-08-10T18:58:44+10:00,7402,Present,50815,"-37.81463216325314, 144.97183139102785"
2026-08-10T20:09:39+10:00,2026-08-10T18:57:24+10:00,7402,Present,50852,"-37.81449048070375, 144.97159578905166"
2026-08-10T20:09:39+10:00,2026-08-04T07:46:35+10:00,7487,Unoccupied,56825,"-37.818020906310394, 144.9563521332263"
2026-08-10T20:09:39+10:00,2026-08-04T07:29:13+10:00,7487,Present,56824,"-37.81806760005445, 144.95637301784328"
2026-08-10T20:09:39+10:00,2026-08-10T16:38:26+10:00,7280,Present,86043,"-37.811759686308335, 144.9750258967145"
2026-08-10T20:09:39+10:00,2026-08-10T18:36:08+10:00,,Present,86024,"-37.811934905672246, 144.97664905876115"
2026-08-10T20:09:39+10:00,2026-08-10T18:01:17+10:00,,Unoccupied,86019,"-37.811967925384344, 144.97695366389394"
2026-08-10T20:09:39+10:00,2026-08-10T18:02:40+10:00,7280,Unoccupied,86036,"-37.811839653808505, 144.97577308659592"
2026-08-10T20:09:39+10:00,2026-08-10T20:00:39+10:00,7280,Unoccupied,86077,"-37.81191206878382, 144.97539496284242"
2026-08-10T20:09:39+10:00,2026-08-10T18:02:40+10:00,7280,Unoccupied,86056,"-37.81207246933754, 144.97685733187535"
2026-08-10T20:09:39+10:00,2026-08-10T18:27:50+10:00,7280,Unoccupied,86073,"-37.811944023566255, 144.9756849950074"
2026-08-10T20:09:39+10:00,2026-08-10T18:09:07+10:00,7280,Unoccupied,86057,"-37.81206501049819, 144.9767890144979"
2026-08-10T20:09:39+10:00,2026-08-10T14:30:13+10:00,7280,Unoccupied,86047,"-37.812140975123214, 144.97748766724575"
2026-08-10T20:09:39+10:00,2026-08-10T17:19:37+10:00,7280,Unoccupied,86055,"-37.81207934675067, 144.97691974542658"
2026-08-10T20:09:39+10:00,2026-08-10T19:38:38+10:00,7280,Unoccupied,86060,"-37.81204342877943, 144.976595999425"
2026-08-10T20:09:39+10:00,2026-08-10T18:19:18+10:00,7280,Unoccupied,86049,"-37.81212629805519, 144.97735350898935"
2026-08-10T20:09:39+10:00,2026-08-10T20:00:55+10:00,7280,Unoccupied,86070,"-37.811967229294595, 144.97589985283284"
2026-08-10T20:09:39+10:00,2026-08-10T18:36:58+10:00,7280,Present,86075,"-37.811928342607, 144.97554279926936"
2026-08-10T20:09:39+10:00,2026-08-10T18:25:38+10:00,7280,Present,86076,"-37.81191989652001, 144.97546604955306"
2026-08-10T20:09:39+10:00,2026-08-10T18:59:23+10:00,7281,Unoccupied,86011,"-37.81203575383388, 144.97757583760676"
2026-08-10T20:09:39+10:00,2026-08-10T19:00:39+10:00,7280,Present,86072,"-37.81195213331471, 144.97575613003772"
2026-08-10T20:09:39+10:00,2026-08-10T17:27:15+10:00,,Unoccupied,86374,"-37.81085763775886, 144.97590555980582"
2026-08-10T20:09:39+10:00,2026-08-10T17:21:46+10:00,,Unoccupied,86373,"-37.81086520571378, 144.97597470747922"
2026-08-10T20:09:39+10:00,2026-08-10T16:38:01+10:00,7247,Unoccupied,86340,"-37.81066886653542, 144.97586613421487"
2026-08-10T20:09:39+10:00,2026-08-10T15:43:33+10:00,7247,Unoccupied,86335,"-37.81070403249596, 144.97619029467074"
2026-08-10T20:09:39+10:00,2026-08-10T18:05:39+10:00,7247,Unoccupied,86338,"-37.81068309030741, 144.97599734756886"
2026-08-10T20:09:39+10:00,2026-08-10T14:52:29+10:00,7247,Unoccupied,86331,"-37.810732055841996, 144.9764484599453"
2026-08-10T20:09:39+10:00,2026-08-10T12:20:56+10:00,7247,Unoccupied,86313,"-37.81086262602824, 144.97765221433104"
2026-08-10T20:09:39+10:00,2026-08-10T19:23:06+10:00,7247,Unoccupied,86316,"-37.810841071144836, 144.977453497076"
2026-08-10T20:09:39+10:00,2026-02-24T14:22:24+11:00,,Unoccupied,86348,"-37.81105740201814, 144.97773113957084"
2026-08-10T20:09:39+10:00,2026-08-10T17:34:04+10:00,7247,Unoccupied,86366,"-37.81091916339547, 144.97646749577746"
2026-08-10T20:09:39+10:00,2026-08-10T18:09:20+10:00,7247,Unoccupied,86360,"-37.81096364241793, 144.97687377354418"
2026-08-10T20:09:39+10:00,2026-08-10T19:23:16+10:00,7247,Unoccupied,86315,"-37.81084835635393, 144.97752080884905"
2026-08-10T20:09:39+10:00,2026-08-02T11:24:13+10:00,7247,Present,86358,"-37.81097840243558, 144.97700887629128"
2026-08-10T20:09:39+10:00,2026-08-10T18:27:47+10:00,7247,Present,86367,"-37.81091177809387, 144.9763999983333"
2026-08-10T20:09:39+10:00,2026-08-10T19:00:06+10:00,7247,Unoccupied,86361,"-37.81095593520611, 144.97680356981857"
2026-08-10T20:09:39+10:00,2026-08-10T19:37:51+10:00,7247,Present,86368,"-37.81090442320598, 144.97633288766104"
2026-08-10T20:09:39+10:00,2026-08-10T19:42:00+10:00,7269,Unoccupied,86216,"-37.811441354684504, 144.97550422230466"
2026-08-10T20:09:39+10:00,2026-08-10T17:48:50+10:00,7269,Unoccupied,86242,"-37.81118722269679, 144.97544115296336"
2026-08-10T20:09:39+10:00,2026-08-10T18:04:55+10:00,7269,Present,86225,"-37.810977111258836, 144.97558439229243"
2026-08-10T20:09:39+10:00,2026-08-10T14:33:57+10:00,7269,Unoccupied,86221,"-37.81119642268498, 144.97554652701766"
2026-08-10T20:09:39+10:00,2026-08-02T16:09:58+10:00,,Present,86238,"-37.811416793520976, 144.97540526234633"
2026-08-10T20:09:39+10:00,2026-07-05T15:53:39+10:00,7181,Present,86214,"-37.81155298769731, 144.97548494645997"
2026-08-10T20:09:39+10:00,2026-08-10T18:37:02+10:00,7181,Unoccupied,86213,"-37.81161187834954, 144.97547476266166"
2026-08-10T20:09:39+10:00,2026-08-10T17:59:14+10:00,7030,Unoccupied,87783,"-37.81453005580256, 144.982732044596"
2026-08-10T20:09:39+10:00,2026-08-10T16:57:00+10:00,7030,Unoccupied,87784,"-37.81447715309443, 144.98274110780673"
2026-08-10T20:09:39+10:00,2026-08-10T10:06:56+10:00,7030,Unoccupied,87786,"-37.81437396594851, 144.98275884796442"
2026-08-10T20:09:39+10:00,2026-08-10T16:06:02+10:00,7030,Unoccupied,87769,"-37.81525249648016, 144.9826082303527"
2026-08-10T20:09:39+10:00,2026-08-10T18:52:50+10:00,,Unoccupied,87314,"-37.811219303177346, 144.9835323776679"
2026-08-10T20:09:39+10:00,2026-08-10T19:11:08+10:00,7243,Present,87321,"-37.81083563445006, 144.9835957644117"
2026-08-10T20:09:39+10:00,2026-08-10T18:08:07+10:00,7243,Present,87318,"-37.81100061834565, 144.98356848407514"
2026-08-10T20:09:39+10:00,2026-08-10T10:17:20+10:00,7243,Present,87324,"-37.81066947651698, 144.9836232361322"
2026-08-10T20:09:39+10:00,2026-08-10T19:25:05+10:00,7243,Present,87323,"-37.81072485680764, 144.98361406645805"
2026-08-10T20:09:39+10:00,2026-08-10T17:22:09+10:00,7250,Present,87358,"-37.81094147219501, 144.9833370872692"
2026-08-10T20:09:39+10:00,2026-08-10T19:41:51+10:00,7250,Unoccupied,87353,"-37.811199260871504, 144.9832946684702"
2026-08-10T20:09:39+10:00,2026-08-10T18:50:09+10:00,7276,Present,87532,"-37.81234164572203, 144.98333996832386"
2026-08-10T20:09:39+10:00,2024-04-10T11:29:28+10:00,7276,Unoccupied,25118,"-37.81177746971768, 144.98319700041418"
2026-08-10T20:09:39+10:00,2026-07-29T10:14:11+10:00,7276,Present,87587,"-37.812051247573365, 144.98315146109593"
2026-08-10T20:09:39+10:00,2026-08-10T16:28:57+10:00,7276,Unoccupied,87586,"-37.812103502395146, 144.98314277893326"
2026-08-10T20:09:39+10:00,2026-06-14T18:21:01+10:00,7276,Present,87584,"-37.812207099425834, 144.9831254828146"
2026-08-10T20:09:39+10:00,2024-11-03T22:06:28+11:00,7276,Unoccupied,25109,"-37.81225890892537, 144.9831167659197"
2026-08-10T20:09:39+10:00,2026-08-10T19:36:26+10:00,7276,Present,87536,"-37.81195343067694, 144.98340644364296"
2026-08-10T20:09:39+10:00,2026-03-25T08:42:54+11:00,,Unoccupied,13436,"-37.80926623299534, 144.98117392385592"
2026-08-10T20:09:39+10:00,2026-08-10T18:17:40+10:00,7251,Unoccupied,13415,"-37.80982388489492, 144.98108150724508"
2026-08-10T20:09:39+10:00,2026-03-24T12:44:51+11:00,,Present,13437,"-37.809203463506265, 144.98118421235367"
2026-08-10T20:09:39+10:00,2026-03-25T09:40:59+11:00,7251,Present,13435,"-37.80929706126314, 144.98116886297538"
2026-08-10T20:09:39+10:00,2026-06-14T18:52:04+10:00,,Unoccupied,13462,"-37.80924597495111, 144.98100148542864"
2026-08-10T20:09:39+10:00,2026-08-10T17:01:54+10:00,7251,Present,13410,"-37.80995386444492, 144.9810600481638"
2026-08-10T20:09:39+10:00,2026-03-24T14:35:03+11:00,,Unoccupied,13438,"-37.80916593862847, 144.98119036232066"
2026-08-10T20:09:39+10:00,2026-08-10T17:22:48+10:00,7026,Unoccupied,87573,"-37.812773118326504, 144.98303152995115"
2026-08-10T20:09:39+10:00,2026-08-10T15:04:01+10:00,7026,Unoccupied,87566,"-37.813136067545116, 144.9829703911222"
2026-08-10T20:09:39+10:00,2026-08-10T14:30:34+10:00,7026,Unoccupied,87560,"-37.81344618156171, 144.98291748624297"
2026-08-10T20:09:39+10:00,2026-08-10T14:13:06+10:00,7026,Unoccupied,87557,"-37.81360109380566, 144.982890995505"
2026-08-10T20:09:39+10:00,2026-08-10T18:54:46+10:00,7355,Unoccupied,62235,"-37.81712214094766, 144.96121930871175"
2026-08-10T20:09:39+10:00,2026-08-10T19:45:12+10:00,,Unoccupied,62213,"-37.81706866623178, 144.96084067956667"
2026-08-10T20:09:39+10:00,2026-08-10T19:21:14+10:00,7820,Present,71133,"-37.82640195571287, 144.95968381173918"
2026-08-10T20:09:39+10:00,2026-01-22T12:16:53+11:00,,Unoccupied,68024,"-37.810239068517454, 144.95721041910267"
2026-08-10T20:09:39+10:00,2026-03-10T13:50:05+11:00,7239,Present,7856,"-37.80997373594822, 144.978920493626"
2026-08-10T20:09:39+10:00,2026-03-10T13:29:49+11:00,7239,Unoccupied,7857,"-37.80998116698146, 144.97898762173722"
2026-08-10T20:09:39+10:00,2025-10-23T12:51:50+11:00,7308,Unoccupied,67769,"-37.809092703005085, 144.9616125609267"
2026-08-10T20:09:39+10:00,2026-08-10T15:09:46+10:00,,Unoccupied,57112,"-37.81502870012517, 144.95523211821518"
2026-08-10T20:09:39+10:00,2026-08-10T08:48:34+10:00,,Unoccupied,57111,"-37.81508116536686, 144.955256286911"
2026-08-10T20:09:39+10:00,2026-08-10T19:50:37+10:00,,Unoccupied,57110,"-37.81513278727464, 144.9552800703351"
2026-08-10T20:09:39+10:00,2026-08-10T19:21:00+10:00,,Unoccupied,71939,"-37.82175053583471, 144.96702586853422"
2026-08-10T20:09:39+10:00,2026-02-13T09:28:21+11:00,,Present,60833,"-37.81442679704464, 144.9740309403058"
2026-08-10T20:09:39+10:00,2026-08-10T18:57:41+10:00,7308,Present,67737,"-37.8090617648528, 144.9613107847249"
2026-08-10T20:09:39+10:00,2026-08-10T18:46:03+10:00,7308,Present,67740,"-37.80911621174844, 144.96112122203039"
2026-08-10T20:09:39+10:00,2026-08-10T17:40:20+10:00,7308,Unoccupied,67772,"-37.809181777964184, 144.96129982225517"
2025-03-26T14:44:37+11:00,2025-03-12T17:42:04+11:00,7297,Unoccupied,18076,"-37.80799792682947, 144.97267761034158"
2025-01-21T14:42:37+11:00,2025-01-21T12:37:41+11:00,7053,Unoccupied,10286,"-37.79493418293051, 144.97155131195115"
2025-01-21T14:42:37+11:00,2025-01-20T21:25:07+11:00,7049,Present,10288,"-37.79508290762313, 144.9712217164565"
2025-01-21T14:42:37+11:00,2025-01-20T15:35:08+11:00,7049,Present,24423,"-37.79522276647609, 144.97252655504798"
2024-12-30T11:44:37+11:00,2024-08-17T14:23:15+10:00,7394,Unoccupied,9340,"-37.804743069707, 144.9590686672812"
2024-12-30T11:44:37+11:00,2024-08-21T10:38:04+10:00,7520,Unoccupied,9354,"-37.804888632324605, 144.95861698154164"
2025-06-10T09:44:34+10:00,2025-06-03T15:44:03+10:00,7674,Present,51833,"-37.81436063653405, 144.96881309882076"
2025-06-10T09:44:34+10:00,2025-06-05T09:04:48+10:00,7634,Unoccupied,52127,"-37.81142548616736, 144.96746628848203"
2025-06-10T09:44:34+10:00,2025-01-22T16:45:55+11:00,7634,Present,52136,"-37.81118718768919, 144.9673575748426"
2025-06-10T09:44:34+10:00,2025-06-03T15:16:10+10:00,7634,Present,52130,"-37.811353469691866, 144.96743345892386"
2025-06-10T09:44:34+10:00,2025-06-03T14:48:35+10:00,7634,Present,52125,"-37.81157057130334, 144.9675323437682"
2025-06-10T09:44:34+10:00,2025-06-03T14:27:19+10:00,7634,Present,52126,"-37.811474617980764, 144.96748890010622"
2025-06-10T09:44:34+10:00,2025-06-03T14:56:48+10:00,,Unoccupied,51861,"-37.8141078113969, 144.968573043307"
2025-06-10T09:44:34+10:00,2025-06-08T09:44:59+10:00,7674,Unoccupied,51858,"-37.81425734115078, 144.9686424943515"
2025-06-10T09:44:34+10:00,2025-06-03T14:28:45+10:00,7628,Present,51855,"-37.81441288536085, 144.96871471911504"
2025-06-10T09:44:34+10:00,2025-05-27T14:25:51+10:00,7345,Present,63638,"-37.81308624975232, 144.96731523005406"
2025-06-10T09:44:34+10:00,2025-06-03T15:23:50+10:00,7633,Unoccupied,52150,"-37.81122603637375, 144.96725057400243"
2025-01-21T14:42:37+11:00,2025-01-21T13:05:42+11:00,7049,Unoccupied,10292,"-37.79518653207636, 144.9721837897584"
2025-01-21T14:42:37+11:00,2025-01-21T12:13:40+11:00,7049,Present,10289,"-37.79509907800954, 144.97137500175876"
2025-01-22T14:44:37+11:00,2024-10-02T09:19:46+10:00,7550,Present,66012,"-37.80997748265579, 144.96622767038411"
2025-01-22T14:44:37+11:00,2024-10-02T09:13:32+10:00,7549,Present,66015,"-37.81003389356151, 144.96603423975398"
2025-01-22T14:44:37+11:00,2024-10-11T14:47:33+11:00,7539,Present,66235,"-37.811877579625715, 144.9598062312323"
2024-12-05T10:44:37+11:00,2024-11-28T13:31:34+11:00,7084,Present,8733,"-37.80222694998491, 144.9611463167968"
2024-12-05T10:44:37+11:00,2024-11-28T12:08:40+11:00,7084,Present,8734,"-37.80223015354606, 144.96117556264676"
2024-12-30T11:44:37+11:00,2024-08-18T14:18:56+10:00,7394,Unoccupied,9337,"-37.80451636413345, 144.95896440445114"
2024-12-30T11:44:37+11:00,2024-08-21T10:54:44+10:00,7394,Present,9342,"-37.804842508920245, 144.95911440077234"
2024-12-30T11:44:37+11:00,2024-08-21T10:57:37+10:00,7394,Present,9343,"-37.80489329212841, 144.9591379098078"
2024-12-30T11:44:37+11:00,2024-03-31T16:05:44+11:00,,Present,9350,"-37.80565351681687, 144.95948789411494"
2024-12-30T11:44:37+11:00,2024-08-21T10:05:59+10:00,7394,Present,9346,"-37.8050455821287, 144.95920805754236"
2025-01-10T13:44:36+11:00,2024-08-18T17:45:59+10:00,7392,Unoccupied,9375,"-37.803180763794366, 144.95831256720936"
2025-01-10T13:44:36+11:00,2024-08-17T22:54:54+10:00,7392,Unoccupied,9379,"-37.80297774274466, 144.95821878140055"
2025-01-10T13:44:36+11:00,2024-08-21T14:12:54+10:00,7392,Unoccupied,9384,"-37.8025970744775, 144.95804292882846"
2025-04-09T09:44:37+10:00,2025-04-07T15:26:25+10:00,7081,Present,8394,"-37.8069450486633, 144.97323522855623"
2025-01-22T14:44:37+11:00,2024-10-02T09:28:05+10:00,7549,Present,66019,"-37.81010741367011, 144.96578340582943"
2025-01-22T14:44:37+11:00,2024-10-11T16:45:34+11:00,7539,Present,66238,"-37.81193846853491, 144.95959884908208"
2025-06-10T09:44:34+10:00,2025-06-03T14:37:29+10:00,,Unoccupied,51862,"-37.81403788673833, 144.96854058670203"
2025-06-10T09:44:34+10:00,2025-06-03T14:35:39+10:00,7674,Present,51830,"-37.81443007116168, 144.9688443057432"
2025-06-10T09:44:34+10:00,2025-06-04T08:41:19+10:00,7634,Present,52143,"-37.81160724067987, 144.96742623305317"
2025-06-10T09:44:34+10:00,2025-06-05T09:04:48+10:00,7634,Unoccupied,52148,"-37.81133180085283, 144.96729931159854"
2025-06-10T09:44:34+10:00,2025-06-03T14:09:16+10:00,7625,Present,52026,"-37.81233250018402, 144.96775809792723"
2025-06-10T09:44:34+10:00,2025-05-27T13:50:19+10:00,7345,Unoccupied,63634,"-37.81300650474007, 144.9675879095477"
2025-06-10T09:44:34+10:00,2025-01-22T17:42:55+11:00,7345,Unoccupied,63636,"-37.813046053715205, 144.96745269047844"
2025-06-04T09:44:34+10:00,2025-06-03T20:30:02+10:00,7993,Unoccupied,11253,"-37.807030788089975, 144.95437489033912"
2025-06-13T09:44:34+10:00,2025-06-12T19:24:13+10:00,7993,Present,11261,"-37.80657634053621, 144.95416798458052"
2025-06-13T09:44:34+10:00,2025-06-13T08:39:51+10:00,7993,Present,11266,"-37.806287742591834, 144.95403606699995"
2025-06-13T09:44:34+10:00,2025-06-12T20:29:47+10:00,7993,Unoccupied,11269,"-37.8061385514563, 144.95396800725834"
2025-01-22T14:44:37+11:00,2024-05-03T12:55:43+10:00,,Unoccupied,22774,"-37.8233950937474, 144.96674793778274"
2025-01-22T14:44:37+11:00,2024-10-11T15:06:49+11:00,7539,Unoccupied,66222,"-37.81164001991529, 144.96061716652716"
2025-01-22T14:44:37+11:00,2024-10-02T09:22:55+10:00,7550,Present,66010,"-37.8099402111704, 144.96635508204457"
2025-01-22T14:44:37+11:00,2024-10-02T08:50:25+10:00,7550,Unoccupied,66032,"-37.81036492957013, 144.96490200828873"
2025-01-22T14:44:37+11:00,2024-10-02T08:48:56+10:00,7549,Unoccupied,66063,"-37.81020592601129, 144.96563071540535"
2025-01-22T14:44:37+11:00,2024-10-02T08:53:36+10:00,7549,Unoccupied,66026,"-37.810245537194746, 144.9653118312001"
2025-01-22T14:44:37+11:00,2024-10-02T08:33:54+10:00,7550,Present,66074,"-37.81040728241008, 144.96494093126182"
2025-01-22T14:44:37+11:00,2024-10-11T13:41:57+11:00,7539,Present,66237,"-37.8119181725674, 144.9596677505574"
2025-01-10T13:44:36+11:00,2024-08-22T07:30:55+10:00,7392,Unoccupied,9386,"-37.80249768155137, 144.95799701463113"
2025-06-23T15:44:34+10:00,2025-06-01T10:13:00+10:00,7922,Present,10803,"-37.80625739731009, 144.95519868633625"
2025-06-26T12:44:34+10:00,2025-06-16T13:31:11+10:00,7610,Present,54551,"-37.81242203861288, 144.95939783747593"
2025-06-26T12:44:34+10:00,2025-06-16T13:32:03+10:00,7610,Present,54536,"-37.81229716390683, 144.9594658637529"
2025-06-04T09:44:34+10:00,2025-06-03T21:12:46+10:00,7993,Unoccupied,11247,"-37.807257983959346, 144.95447866610417"
2025-07-07T11:44:34+10:00,2025-07-01T12:14:03+10:00,7930,Present,9727,"-37.81068435233683, 144.94881538112529"
2025-06-23T15:44:34+10:00,2025-02-28T13:17:36+11:00,7922,Unoccupied,10804,"-37.806343223584506, 144.9551838594689"
2025-06-23T15:44:34+10:00,2025-02-07T01:58:06+11:00,7923,Unoccupied,10839,"-37.80681932378045, 144.9549816085488"
2025-06-10T09:44:34+10:00,2025-03-21T09:42:19+11:00,7674,Unoccupied,51831,"-37.81440744563561, 144.9688341372144"
2025-06-10T09:44:34+10:00,2025-06-03T15:11:56+10:00,7626,Present,52031,"-37.81205388870055, 144.9676313369007"
2025-06-10T09:44:34+10:00,2025-06-08T08:37:36+10:00,7634,Present,52132,"-37.81130687084874, 144.96741221654668"
2025-06-10T09:44:34+10:00,2025-06-03T15:05:38+10:00,7634,Present,52131,"-37.8113301702805, 144.96742283715793"
2025-06-10T09:44:34+10:00,2025-06-04T10:08:11+10:00,,Present,51859,"-37.814205775020824, 144.96861855008223"
2025-06-10T09:44:34+10:00,2025-06-03T15:27:39+10:00,7633,Unoccupied,52151,"-37.81117525856173, 144.967227152054"
2025-06-10T09:44:34+10:00,2025-06-03T14:39:34+10:00,7628,Unoccupied,51854,"-37.81446444012603, 144.96873866896908"
2025-06-26T12:44:34+10:00,2025-06-16T12:19:24+10:00,,Present,54553,"-37.81230450551044, 144.95934507153942"
2025-06-13T09:44:34+10:00,2025-06-09T19:14:06+10:00,7993,Present,11264,"-37.806393265822635, 144.9540842220135"
2025-06-26T12:44:34+10:00,2025-06-16T13:13:44+10:00,7611,Present,54546,"-37.81268700721902, 144.95951651382325"
2025-07-07T11:44:34+10:00,2025-07-01T09:33:06+10:00,7930,Present,9730,"-37.810611148913466, 144.94900805910913"
2025-07-07T11:44:34+10:00,2025-07-07T08:37:34+10:00,7936,Present,11423,"-37.81212940205131, 144.9506509809102"
2025-07-07T11:44:34+10:00,2025-07-01T09:33:06+10:00,7930,Present,9734,"-37.81051864102663, 144.94925120073324"
2025-03-26T14:44:37+11:00,2025-03-26T13:38:29+11:00,7297,Present,18168,"-37.80795579700932, 144.9723020581336"
2025-03-26T14:44:37+11:00,2025-03-26T07:09:11+11:00,7297,Present,18166,"-37.80793895281839, 144.9721519501125"
2024-12-05T10:44:37+11:00,2024-11-28T14:15:03+11:00,7084,Unoccupied,8728,"-37.802207077793355, 144.9609705575371"
2024-12-05T10:44:37+11:00,2024-11-28T13:32:55+11:00,7084,Unoccupied,8730,"-37.802223746396926, 144.96111707151726"
2024-12-05T10:44:37+11:00,2024-11-28T04:25:40+11:00,7084,Unoccupied,8745,"-37.80228396713595, 144.96167287954006"
2024-12-05T10:44:37+11:00,2024-10-19T22:10:53+11:00,7084,Unoccupied,8746,"-37.802294006064535, 144.9617628633649"
2025-05-08T15:44:34+10:00,2025-04-13T16:30:29+10:00,7219,Present,69942,"-37.82249515523104, 144.9521959601043"
2025-05-08T15:44:34+10:00,2025-04-14T09:45:30+10:00,7219,Present,69977,"-37.82252556959601, 144.95265277617113"
2025-05-08T15:44:34+10:00,2025-04-14T13:18:28+10:00,7223,Present,69961,"-37.822237339850616, 144.9536460664737"
2025-05-08T15:44:34+10:00,2025-04-14T13:18:13+10:00,7219,Unoccupied,69967,"-37.82234105011817, 144.953287549408"
2025-05-08T15:44:34+10:00,2025-04-14T12:57:25+10:00,7643,Present,57918,"-37.82023275888777, 144.95481596362043"
2025-05-08T15:44:34+10:00,2025-04-14T12:30:15+10:00,7643,Present,57917,"-37.820280977934516, 144.95483806102732"
2025-03-25T10:44:37+11:00,2025-03-12T10:17:58+11:00,,Present,17698,"-37.820820169304454, 144.94077706396166"
2025-05-22T10:44:34+10:00,2025-05-21T06:10:13+10:00,7214,Unoccupied,20926,"-37.82107646203974, 144.946243382511"
2025-06-23T15:44:34+10:00,2025-02-28T15:29:29+11:00,7923,Present,10861,"-37.8061167292377, 144.95510711737495"
2025-06-23T15:44:34+10:00,2023-08-23T20:27:45+10:00,7922,Present,10877,"-37.80608612708157, 144.95499411601747"
2025-06-25T15:44:34+10:00,2025-06-25T15:12:45+10:00,7431,Unoccupied,60958,"-37.8156566520518, 144.96982565810208"
2025-06-26T12:44:34+10:00,2025-06-16T13:02:39+10:00,7610,Present,54535,"-37.812320463144786, 144.9594764871128"
2025-06-26T12:44:34+10:00,2025-06-16T13:47:22+10:00,7610,Present,54539,"-37.81220269747047, 144.95942279143043"
2025-01-22T14:44:37+11:00,2024-10-11T16:45:20+11:00,,Unoccupied,66035,"-37.810422676785635, 144.96470249302843"
2025-01-22T14:44:37+11:00,2024-10-11T15:57:59+11:00,7549,Unoccupied,66066,"-37.8102629212641, 144.9654357091361"
2025-01-22T14:44:37+11:00,2024-10-04T08:09:14+10:00,7549,Present,66064,"-37.81022373324706, 144.96556979001764"
2025-01-22T14:44:37+11:00,2024-10-02T08:49:02+10:00,7549,Present,66065,"-37.81024273165785, 144.96550478754781"
2024-12-05T10:44:37+11:00,2024-11-28T13:00:16+11:00,7084,Present,8729,"-37.80220387416213, 144.9609413122746"
2025-05-08T15:44:34+10:00,2025-04-14T12:03:22+10:00,7218,Present,57941,"-37.820218307476466, 144.9545594873518"
2025-05-08T15:44:34+10:00,2023-10-26T12:13:49+11:00,,Unoccupied,5706,"-37.814205155104744, 144.95595242244616"
2025-07-07T11:44:34+10:00,2025-07-01T12:14:04+10:00,7930,Present,9735,"-37.8104952625608, 144.94931263579855"
2025-06-23T15:44:34+10:00,2025-06-01T12:40:33+10:00,7923,Present,10846,"-37.80661752132907, 144.95501761173506"
2025-01-21T14:42:37+11:00,2025-01-17T23:05:13+11:00,7049,Present,10293,"-37.795206472874796, 144.97236828462442"
2025-01-21T14:42:37+11:00,2025-01-21T10:06:56+11:00,7053,Present,24368,"-37.794905845458956, 144.9712873309125"
2025-01-21T14:42:37+11:00,2025-01-19T21:04:37+11:00,7053,Present,24421,"-37.795019908030056, 144.97234003956544"
2025-01-22T14:44:37+11:00,2024-10-02T09:28:58+10:00,7550,Present,66013,"-37.80999600439242, 144.96616377274182"
2025-01-22T14:44:37+11:00,2024-10-02T09:32:50+10:00,7550,Present,66076,"-37.810446242750956, 144.96480321905187"
2025-01-22T14:44:37+11:00,2024-10-11T16:42:42+11:00,7550,Unoccupied,66073,"-37.81038873358746, 144.96500475513582"
2025-01-22T14:44:37+11:00,2024-10-11T15:31:40+11:00,7539,Unoccupied,66221,"-37.811621249789724, 144.96068101888056"
2025-01-10T13:44:36+11:00,2024-08-21T14:13:39+10:00,7392,Unoccupied,9376,"-37.80313000809029, 144.95828911989497"
2025-05-08T15:44:34+10:00,2025-04-14T13:01:40+10:00,7219,Present,69976,"-37.822507063095294, 144.95271680525497"
2025-05-08T15:44:34+10:00,2025-04-14T13:16:44+10:00,7223,Present,69962,"-37.82225614441157, 144.9535811474653"
2025-02-13T16:44:36+11:00,2025-01-29T11:45:04+11:00,,Present,56621,"-37.81992252758147, 144.95722988902253"
2025-02-13T16:44:36+11:00,2023-11-29T11:28:36+11:00,,Present,6933,"-37.82003698039656, 144.95728231924483"
2025-06-23T15:44:34+10:00,2025-02-06T19:42:31+11:00,7923,Present,10823,"-37.807290755044164, 144.95489727921043"
2025-06-23T15:44:34+10:00,2025-06-01T12:21:05+10:00,7923,Present,10844,"-37.80666765941349, 144.95500864698357"
2025-06-13T09:44:34+10:00,2025-06-13T04:19:54+10:00,7985,Present,13130,"-37.80829857232923, 144.95334514007016"
2025-09-19T16:45:39+10:00,2024-03-26T22:45:29+11:00,,Unoccupied,10317,"-37.8007215077786, 144.9625403497746"
2025-10-27T11:15:39+11:00,2025-10-14T16:56:03+11:00,7253,Present,17436,"-37.81012047333607, 144.9756886076944"
2025-10-27T11:15:39+11:00,2025-10-14T16:32:48+11:00,7253,Present,17435,"-37.81008794630179, 144.97569398622227"
2025-10-27T11:15:39+11:00,2025-10-14T19:34:22+11:00,7253,Unoccupied,17429,"-37.80989306132335, 144.97572600850995"
2025-10-27T11:15:39+11:00,2025-10-14T16:39:23+11:00,7253,Present,17438,"-37.81018552605183, 144.97567785062242"
2025-10-27T11:15:39+11:00,2025-10-13T08:09:29+11:00,7253,Unoccupied,17441,"-37.810283032379985, 144.97566159211016"
2025-10-27T11:15:39+11:00,2025-10-14T20:41:33+11:00,7254,Unoccupied,17448,"-37.81039757723676, 144.97535659838871"
2025-10-27T11:15:39+11:00,2025-10-20T14:54:44+11:00,7258,Unoccupied,22946,"-37.810756490325865, 144.97804723001065"
2025-10-27T11:15:39+11:00,2025-10-20T17:43:31+11:00,7258,Unoccupied,22945,"-37.810711795761215, 144.97805469947485"
2025-10-27T11:15:39+11:00,2025-10-20T17:29:44+11:00,7259,Present,23018,"-37.8114507118585, 144.97793149800404"
2025-10-27T11:15:39+11:00,2025-10-20T17:25:03+11:00,7258,Present,23022,"-37.81079078746573, 144.9782811050645"
2025-10-27T11:15:39+11:00,2025-10-20T17:33:00+11:00,7258,Present,23036,"-37.81068840095509, 144.9782985151345"
2025-10-27T11:15:39+11:00,2025-10-20T17:23:15+11:00,7258,Present,23029,"-37.81043515424458, 144.97833768694665"
2025-10-27T11:15:39+11:00,2025-10-14T20:45:17+11:00,7253,Unoccupied,17437,"-37.810152999469054, 144.97568322914884"
2025-10-27T11:15:39+11:00,2025-10-14T16:24:53+11:00,7253,Present,17430,"-37.80992531294306, 144.97572087935964"
2025-10-27T11:15:39+11:00,2025-10-14T20:46:22+11:00,7254,Unoccupied,17449,"-37.8104511556963, 144.97534752018657"
2025-10-27T11:15:39+11:00,2025-10-20T10:15:52+11:00,7258,Unoccupied,22947,"-37.810164552190635, 144.97814572352434"
2025-10-27T11:15:39+11:00,2025-10-20T16:38:14+11:00,7258,Unoccupied,22943,"-37.810442933449934, 144.97809977955262"
2025-10-30T13:45:40+11:00,2025-10-20T16:27:35+11:00,7280,Present,5921,"-37.81176718988252, 144.9750983743124"
2025-10-30T13:45:40+11:00,2025-10-20T17:25:07+11:00,7280,Unoccupied,5926,"-37.811847531083004, 144.9758455826177"
2025-10-30T13:45:40+11:00,2025-10-20T17:21:58+11:00,7280,Present,5923,"-37.81182447409775, 144.97563353533332"
2025-10-30T13:45:40+11:00,2025-10-20T20:09:58+11:00,7280,Unoccupied,5947,"-37.81190264930598, 144.97635194669076"
2025-10-30T13:45:40+11:00,2025-10-20T17:30:30+11:00,7280,Present,5924,"-37.81183232424732, 144.97570556872336"
2025-10-30T13:45:40+11:00,2025-10-20T17:46:21+11:00,7278,Present,5962,"-37.81213380713007, 144.97742213633714"
2025-10-30T13:45:40+11:00,2025-10-20T18:22:31+11:00,7278,Present,5965,"-37.81205745826814, 144.97672234723717"
2025-10-30T13:45:40+11:00,2025-10-20T14:31:32+11:00,7278,Present,5942,"-37.81203633215699, 144.976530326033"
2025-10-30T13:45:40+11:00,2025-10-05T15:38:40+11:00,7278,Present,5961,"-37.812140975123214, 144.97748766724575"
2025-10-30T13:45:40+11:00,2025-10-20T17:44:34+11:00,7278,Present,5941,"-37.812028715072756, 144.9764600950939"
2025-10-30T13:45:40+11:00,2025-10-20T17:42:58+11:00,7278,Present,5946,"-37.81207934675067, 144.97691974542658"
2025-10-30T13:45:40+11:00,2025-10-20T16:53:53+11:00,7278,Present,5927,"-37.81190422193974, 144.97532416705812"
2025-10-30T13:45:40+11:00,2025-10-20T19:53:23+11:00,7278,Present,5930,"-37.811928342607, 144.97554279926936"
2025-10-30T13:45:40+11:00,2025-10-30T13:10:26+11:00,7247,Present,17462,"-37.81073975814428, 144.9765223495529"
2025-10-30T13:45:40+11:00,2025-10-30T10:06:20+11:00,7247,Present,17452,"-37.81066931439631, 144.97587520922048"
2025-10-30T13:45:40+11:00,2025-10-30T12:39:32+11:00,7247,Present,17463,"-37.81074692490306, 144.97658841133818"
2025-10-30T13:45:40+11:00,2025-10-30T11:24:56+11:00,7247,Present,17474,"-37.81087034733605, 144.97772244040857"
2025-10-30T13:45:40+11:00,2025-10-30T13:24:07+11:00,7247,Present,17515,"-37.81094996879011, 144.97674474286174"
2025-10-30T13:45:40+11:00,2025-10-30T07:05:24+11:00,7247,Present,17511,"-37.81092060298549, 144.97647600627818"
2025-10-30T13:45:40+11:00,2025-10-20T16:32:23+11:00,7278,Present,5929,"-37.81191989652001, 144.97546604955306"
2025-10-30T13:45:40+11:00,2025-10-20T17:30:12+11:00,7278,Present,5936,"-37.811990634747715, 144.9761126548563"
2025-10-30T13:45:40+11:00,2025-10-23T12:37:41+11:00,,Present,5959,"-37.81215577410835, 144.9776229495718"
2025-10-30T13:45:40+11:00,2025-10-30T12:07:11+11:00,7247,Present,17472,"-37.81085653337642, 144.9775952070174"
2025-10-30T13:45:40+11:00,2025-10-30T13:23:38+11:00,7247,Present,17514,"-37.810942795326454, 144.97667853054583"
2025-10-30T13:45:40+11:00,2025-10-30T13:29:39+11:00,7247,Present,24620,"-37.81090579887784, 144.97634115083747"
2025-10-30T13:45:40+11:00,2025-10-23T09:47:44+11:00,7269,Present,17508,"-37.81151861477163, 144.97538922821744"
2025-10-30T13:45:40+11:00,2025-10-20T17:36:21+11:00,7269,Present,17504,"-37.81112466079, 144.97545089882377"
2025-10-30T13:45:40+11:00,2025-10-20T17:11:54+11:00,7269,Present,17502,"-37.811011130298965, 144.97546868494481"
2025-10-30T13:45:40+11:00,2025-10-20T07:50:17+11:00,7269,Unoccupied,24991,"-37.81097355405073, 144.97558500629006"
2025-10-30T13:45:40+11:00,2025-10-20T18:22:05+11:00,7269,Present,24990,"-37.81102613754571, 144.97557593985408"
2025-10-30T13:45:40+11:00,2025-10-20T18:07:19+11:00,7269,Present,24988,"-37.811138752277614, 144.9755564875249"
2025-10-30T13:45:40+11:00,2025-10-20T19:47:12+11:00,7269,Unoccupied,24986,"-37.811247878086405, 144.97553764335856"
2025-12-18T12:15:39+11:00,2025-12-18T12:09:14+11:00,7252,Present,17377,"-37.80966383690276, 144.98093353154337"
2025-12-18T12:15:39+11:00,2025-12-18T11:36:18+11:00,7251,Present,16407,"-37.80940452376689, 144.98115012140352"
2025-12-18T12:15:39+11:00,2025-12-18T10:37:19+11:00,7251,Present,16404,"-37.809297344211494, 144.9811677837907"
2025-12-18T12:15:39+11:00,2025-12-18T11:13:10+11:00,7252,Present,17382,"-37.809891387131564, 144.98089532605928"
2025-12-18T12:15:39+11:00,2025-12-18T11:25:42+11:00,7251,Present,16420,"-37.8099511644713, 144.98105969189004"
2025-12-18T12:15:39+11:00,2025-12-18T11:07:24+11:00,7251,Present,16423,"-37.80988148759086, 144.98107120508115"
2025-12-18T12:15:39+11:00,2025-12-18T11:37:17+11:00,7251,Present,16419,"-37.809775182418605, 144.9810887699614"
2025-12-18T12:15:39+11:00,2025-12-18T11:10:10+11:00,7251,Unoccupied,16416,"-37.80984489838855, 144.98107725682007"
2025-12-18T12:15:39+11:00,2025-12-18T11:19:57+11:00,7251,Present,16415,"-37.809668877240526, 144.98110632910758"
2025-12-18T12:15:39+11:00,2024-09-11T19:36:41+10:00,7250,Present,25117,"-37.81183999625059, 144.98318655263833"
2025-12-18T12:15:39+11:00,2025-12-18T12:08:39+11:00,7250,Present,25115,"-37.811948524327406, 144.98316853256844"
2025-12-18T12:15:39+11:00,2025-12-18T11:24:21+11:00,7250,Present,25111,"-37.812154855912276, 144.98313424542192"
2025-12-18T12:15:39+11:00,2025-12-18T11:50:21+11:00,7250,Present,25105,"-37.81246660354286, 144.98308267773297"
2025-12-18T12:15:39+11:00,2025-12-18T10:58:50+11:00,7250,Present,25103,"-37.81257027579838, 144.9830656005944"
2025-12-18T12:15:39+11:00,2025-12-18T12:03:05+11:00,7250,Present,25098,"-37.81292952528717, 144.98300526940065"
2025-12-18T12:15:39+11:00,2025-12-18T12:07:41+11:00,7250,Present,25095,"-37.813084401659935, 144.98297926102595"
2025-12-18T12:15:39+11:00,2025-12-18T11:56:49+11:00,7250,Unoccupied,25094,"-37.813136067545116, 144.9829703911222"
2025-12-18T12:15:39+11:00,2025-12-18T11:28:04+11:00,7250,Unoccupied,25092,"-37.81323915515529, 144.98295281778047"
2025-12-18T12:15:39+11:00,2025-12-18T10:41:55+11:00,7250,Present,25091,"-37.81329045746279, 144.98294407277865"
2025-12-18T12:15:39+11:00,2025-12-18T11:47:02+11:00,7250,Present,25089,"-37.813394059847525, 144.98292636162552"
2025-12-04T13:45:39+11:00,2025-11-13T16:22:20+11:00,7243,Present,20633,"-37.8108910241745, 144.98358661241565"
2025-12-04T13:45:39+11:00,2025-11-13T17:27:04+11:00,7243,Present,20634,"-37.81083563445006, 144.9835957644117"
2025-12-04T13:45:39+11:00,2025-11-13T18:00:32+11:00,7243,Present,20632,"-37.810946413437264, 144.98357746093495"
2025-12-04T13:45:39+11:00,2025-11-13T18:10:08+11:00,7243,Present,20636,"-37.81072485680764, 144.98361406645805"
2025-12-04T13:45:39+11:00,2025-11-13T16:44:10+11:00,7250,Present,25124,"-37.81114814491778, 144.98330307810838"
2025-12-04T13:45:39+11:00,2025-11-13T18:08:10+11:00,7250,Present,25121,"-37.811307735286704, 144.98327682946746"
2025-12-04T13:45:39+11:00,2025-11-13T16:29:01+11:00,7250,Present,25120,"-37.81136809743835, 144.9832669087227"
2025-12-04T13:45:39+11:00,2025-11-13T13:49:12+11:00,7250,Unoccupied,25082,"-37.81458134662349, 144.98272325584662"
2025-12-04T13:45:39+11:00,2025-11-13T15:21:32+11:00,7250,Unoccupied,25080,"-37.81447715309443, 144.98274110780673"
2025-12-04T13:45:39+11:00,2025-11-13T12:40:19+11:00,7250,Unoccupied,25076,"-37.814270108503734, 144.98277664685122"
2025-12-04T13:45:39+11:00,2025-11-13T16:39:06+11:00,7250,Unoccupied,25074,"-37.81416745867731, 144.98279432338995"
2025-12-04T13:45:39+11:00,2025-11-13T17:44:25+11:00,7250,Present,25063,"-37.81509710741602, 144.9826348354086"
2025-12-04T13:45:39+11:00,2025-11-13T17:52:10+11:00,7250,Unoccupied,25058,"-37.81535520171211, 144.98259065288153"
2026-02-16T12:15:39+11:00,2024-11-03T20:19:03+11:00,7270,Present,24604,"-37.81167803138499, 144.9861086304088"
2026-02-16T12:15:39+11:00,2024-11-03T18:49:42+11:00,7270,Unoccupied,24595,"-37.811194546532676, 144.986190389159"
2026-02-16T12:15:39+11:00,2024-11-03T19:05:23+11:00,7271,Unoccupied,18149,"-37.81159024126923, 144.9885524432267"
2026-02-16T12:15:39+11:00,2024-10-01T13:55:53+10:00,7271,Present,18142,"-37.811243020105024, 144.9886119024162"
2026-02-16T12:15:39+11:00,2024-11-03T20:04:43+11:00,7270,Present,24601,"-37.81151601553566, 144.9861360235867"
2026-02-27T08:45:39+11:00,2024-11-02T15:33:38+11:00,7255,Unoccupied,17928,"-37.81189356519752, 144.98694334668812"
2026-02-27T08:45:39+11:00,2024-11-03T15:06:25+11:00,7255,Unoccupied,17940,"-37.81198301678096, 144.98775320534077"
2026-02-27T08:45:39+11:00,2024-11-03T14:58:58+11:00,7255,Present,17930,"-37.81190847425309, 144.98707832298516"
2026-02-27T08:45:39+11:00,2024-11-01T16:58:14+11:00,7255,Present,17927,"-37.811886110842295, 144.9868758588587"
2026-02-27T08:45:39+11:00,2024-11-03T14:06:19+11:00,7255,Unoccupied,17932,"-37.811923383155346, 144.98721329934347"
2026-02-27T08:45:39+11:00,2024-11-03T17:05:27+11:00,7255,Unoccupied,17935,"-37.81194574600096, 144.98741576425527"
2026-02-27T08:45:39+11:00,2024-11-03T23:06:50+11:00,7255,Unoccupied,17922,"-37.81184883756141, 144.9865384182138"
2026-02-27T08:45:39+11:00,2024-11-03T18:15:03+11:00,7255,Unoccupied,17919,"-37.811826472780425, 144.98633595445511"
2026-03-31T15:15:40+11:00,2023-11-01T17:52:53+11:00,7556,Unoccupied,5734,"-37.81067068109415, 144.96776781186512"
2026-03-31T15:15:40+11:00,2023-11-01T16:28:27+11:00,7556,Present,5737,"-37.810696148803046, 144.96768100355843"
2026-03-31T15:15:40+11:00,2023-10-31T17:09:48+11:00,7556,Present,5739,"-37.81071399947775, 144.96762015768294"
2026-04-08T15:15:39+10:00,2025-08-01T08:48:13+10:00,7301,Unoccupied,17202,"-37.816006232236916, 144.97521140001442"
2026-04-08T15:15:39+10:00,2025-09-03T18:44:22+10:00,7301,Present,17206,"-37.81600135398523, 144.97517568309578"
2026-04-08T15:15:39+10:00,2025-08-28T11:41:12+10:00,7301,Unoccupied,17205,"-37.816010859221436, 144.9752452716608"
2026-04-20T08:45:39+10:00,2024-10-11T09:38:32+11:00,7010,Present,8900,"-37.80494406642042, 144.95978034301152"
2026-01-15T11:45:39+11:00,2025-10-15T12:39:03+11:00,7302,Unoccupied,17838,"-37.818100771376784, 144.98189391235002"
2026-01-15T11:45:39+11:00,2025-10-15T11:39:57+11:00,7302,Present,17839,"-37.818157000802145, 144.9818842826984"
2026-01-15T11:45:39+11:00,2025-10-15T12:32:13+11:00,7302,Unoccupied,17828,"-37.817482073005785, 144.98199983065277"
2026-01-15T11:45:39+11:00,2025-10-15T12:18:58+11:00,7302,Present,17836,"-37.81798828158783, 144.98191316155962"
2026-01-15T11:45:39+11:00,2025-10-15T12:44:09+11:00,7302,Unoccupied,17824,"-37.81725708725358, 144.98203829240123"
2026-01-15T11:45:39+11:00,2025-10-15T12:18:46+11:00,7302,Present,17830,"-37.81765078540836, 144.98197075682265"
2026-01-15T11:45:39+11:00,2026-01-15T10:50:54+11:00,7302,Unoccupied,18110,"-37.81703347936469, 144.9820770590633"
2026-01-15T11:45:39+11:00,2025-10-15T13:06:10+11:00,7302,Unoccupied,17837,"-37.81804451906652, 144.98190353874162"
2026-01-15T11:45:39+11:00,2025-10-10T15:14:45+11:00,7302,Present,17834,"-37.817875784818, 144.98193229724149"
2026-01-15T11:45:39+11:00,2026-01-15T10:06:14+11:00,7241,Present,7500,"-37.809655479639915, 144.97728598796425"
2026-01-15T11:45:39+11:00,2026-01-15T11:40:58+11:00,7241,Present,7494,"-37.809698406203395, 144.97769118268707"
2026-01-15T11:45:39+11:00,2026-01-15T11:00:37+11:00,7236,Unoccupied,7837,"-37.80982590764906, 144.977613224617"
2026-01-15T11:45:39+11:00,2026-01-14T21:18:53+11:00,7236,Unoccupied,7846,"-37.809742964199515, 144.97685058369424"
2026-01-15T11:45:39+11:00,2026-01-15T09:39:47+11:00,7236,Present,7853,"-37.809684226035294, 144.97631054158865"
2026-01-15T11:45:39+11:00,2026-01-15T10:07:31+11:00,7236,Present,7850,"-37.80970625335705, 144.97651305620022"
2026-01-15T11:45:39+11:00,2026-01-14T21:09:45+11:00,7236,Unoccupied,7842,"-37.80977232967913, 144.97712060652867"
2026-01-15T11:45:39+11:00,2026-01-15T10:57:18+11:00,7236,Present,7487,"-37.809833249091454, 144.97768072350834"
2026-01-15T11:45:39+11:00,2026-01-15T09:53:18+11:00,7236,Unoccupied,7845,"-37.809750306065084, 144.97691808921945"
2026-01-15T11:45:39+11:00,2026-01-15T11:36:31+11:00,7236,Present,7839,"-37.80980904058886, 144.97745813357835"
2026-01-15T11:45:39+11:00,2026-01-15T11:35:55+11:00,7236,Present,7840,"-37.809787015767654, 144.97725561718653"
2026-01-15T11:45:39+11:00,2026-01-12T12:14:51+11:00,7236,Unoccupied,7844,"-37.80975764836222, 144.97698559422923"
2026-01-15T11:45:39+11:00,2024-11-03T13:57:21+11:00,7246,Present,17562,"-37.8109183099499, 144.98725915230997"
2026-01-15T11:45:39+11:00,2024-11-02T23:15:13+11:00,7246,Present,17552,"-37.810992328282985, 144.9879341185603"
2026-01-15T11:45:39+11:00,2024-11-03T18:12:12+11:00,7246,Unoccupied,17550,"-37.81100711352086, 144.9880691171183"
2026-01-15T11:45:39+11:00,2024-10-30T09:55:23+11:00,7246,Present,17567,"-37.810881374360335, 144.98692166074048"
2026-06-03T14:45:39+10:00,2024-10-11T12:22:53+11:00,7010,Unoccupied,8892,"-37.80472860023576, 144.95983457919806"
2026-06-03T14:45:39+10:00,2024-10-11T10:16:06+11:00,7010,Present,8893,"-37.80467526890163, 144.9598100707709"
2026-06-03T14:45:39+10:00,2023-10-16T15:10:04+11:00,7231,Present,15028,"-37.82100532236697, 144.94422256696572"
2026-06-03T14:45:39+10:00,2024-04-02T14:03:39+11:00,7414,Unoccupied,61021,"-37.816056636061404, 144.96849144535554"
2026-06-03T14:45:39+10:00,2024-04-05T12:25:45+11:00,7414,Unoccupied,61018,"-37.815997166958276, 144.9686962055173"
2026-06-03T14:45:39+10:00,2023-10-10T09:08:05+11:00,,Unoccupied,20749,"-37.81951519436584, 144.95686302358183"
2026-06-03T14:45:39+10:00,2023-10-19T02:10:16+11:00,,Unoccupied,7180,"-37.81465306101049, 144.97306143224944"
2026-06-03T14:45:39+10:00,2024-10-21T12:38:25+11:00,7770,Present,65344,"-37.8117512388985, 144.96442650276526"
2026-06-03T14:45:39+10:00,2024-10-21T12:55:58+11:00,7779,Present,65357,"-37.81204266636885, 144.96342518684446"
2026-06-03T14:45:39+10:00,2024-10-21T12:57:44+11:00,7770,Unoccupied,65359,"-37.812079903526126, 144.96329725545985"
2026-06-03T14:45:39+10:00,2024-10-21T13:19:46+11:00,7770,Unoccupied,65360,"-37.81209852205119, 144.9632332900065"
2026-06-03T14:45:39+10:00,2024-06-13T13:56:06+10:00,7568,Present,65191,"-37.8106605931166, 144.96814061138014"
2026-06-03T14:45:39+10:00,2024-08-07T09:00:59+10:00,7362,Unoccupied,62314,"-37.81778470440018, 144.9583533974674"
2026-06-03T14:45:39+10:00,2023-09-07T12:03:53+10:00,,Unoccupied,23364,"-37.81516717307889, 144.96090287882657"
2026-06-03T14:45:39+10:00,2024-04-17T07:12:37+10:00,,Unoccupied,57231,"-37.81367830200414, 144.95435473399652"
2026-06-03T14:45:39+10:00,2024-04-03T09:05:03+11:00,,Present,6390,"-37.81485602295078, 144.96136597236844"
2026-06-03T14:45:39+10:00,2024-02-20T22:36:28+11:00,,Present,22970,"-37.810179216583734, 144.95578481865783"
2026-06-03T14:45:39+10:00,2024-02-21T08:22:59+11:00,,Unoccupied,22972,"-37.81030926514917, 144.95584442672424"
2026-06-03T14:45:39+10:00,2024-02-29T13:18:20+11:00,,Present,7605,"-37.810384294451374, 144.95847259942013"
2026-07-06T15:45:39+10:00,2025-10-09T09:46:46+11:00,7412,Present,60956,"-37.81559502845588, 144.9700245029279"
2026-07-06T15:45:39+10:00,2026-03-10T13:59:33+11:00,7245,Present,18825,"-37.80951686865863, 144.97477198568282"
2026-07-06T15:45:39+10:00,2026-03-10T10:56:03+11:00,7245,Present,25014,"-37.809460151613635, 144.97426643952736"
2026-07-06T15:45:39+10:00,2026-03-10T13:50:41+11:00,7245,Present,25009,"-37.80942204529596, 144.97391364378853"
2026-07-06T15:45:39+10:00,2026-03-10T13:32:13+11:00,7245,Present,25007,"-37.809406731091684, 144.97377186435529"
2026-07-06T15:45:39+10:00,2026-03-10T12:33:01+11:00,7245,Present,25005,"-37.80939141776262, 144.97363017186763"
2026-07-06T15:45:39+10:00,2026-03-10T10:16:47+11:00,7244,Present,24996,"-37.80932941602099, 144.97433146612897"
2026-07-06T15:45:39+10:00,2026-03-10T10:30:54+11:00,7239,Present,7879,"-37.8101439869228, 144.9804683644163"
2026-07-06T15:45:39+10:00,2026-03-10T12:38:22+11:00,7239,Unoccupied,7865,"-37.81004036460274, 144.9795252237553"
2026-07-06T15:45:39+10:00,2026-03-10T14:03:19+11:00,7239,Present,7872,"-37.81009344130382, 144.9800118037879"
2026-07-06T15:45:39+10:00,2026-03-10T13:46:37+11:00,7239,Unoccupied,7878,"-37.8101366923395, 144.9804026640079"
2026-07-06T15:45:39+10:00,2026-03-10T12:01:49+11:00,7239,Unoccupied,7881,"-37.81015828260006, 144.98059703524814"
2026-07-06T15:45:39+10:00,2026-03-10T13:28:11+11:00,7234,Present,16425,"-37.81009964499837, 144.98136116412144"
2026-07-06T15:45:39+10:00,2026-03-10T13:00:37+11:00,7234,Unoccupied,16436,"-37.81015139240984, 144.98182732778653"
2026-07-06T15:45:39+10:00,2026-03-10T13:47:16+11:00,7234,Unoccupied,16427,"-37.81008445382205, 144.9812250784119"
2026-07-06T15:45:39+10:00,2026-01-19T13:55:39+11:00,7234,Unoccupied,16433,"-37.810173917401556, 144.9820303613145"
2026-07-06T15:45:39+10:00,2026-03-10T12:10:32+11:00,7264,Present,10972,"-37.8139969402977, 144.97774334660608"
2026-07-07T09:45:39+10:00,2026-05-13T09:29:47+10:00,,Present,65483,"-37.81253298164134, 144.96106107016539"
2026-07-22T10:15:40+10:00,2026-07-21T22:29:56+10:00,7721,Unoccupied,24037,"-37.80529735614254, 144.95718052798065"
2026-07-22T10:15:40+10:00,2026-07-22T08:56:35+10:00,7721,Unoccupied,24039,"-37.805245616630344, 144.9571896030061"
2026-07-22T10:15:40+10:00,2026-07-22T10:00:37+10:00,7716,Unoccupied,9465,"-37.80558304879909, 144.95724279295467"
2026-07-22T10:15:40+10:00,2026-07-22T09:59:46+10:00,7721,Unoccupied,9443,"-37.805035477782795, 144.95733966527166"
2026-07-22T10:15:40+10:00,2026-07-22T09:57:52+10:00,7716,Present,9463,"-37.805531292177804, 144.95725194067245"
2026-07-22T10:15:40+10:00,2026-07-14T13:36:29+10:00,7721,Present,9454,"-37.80527235407395, 144.95729773123446"
2026-07-22T10:15:40+10:00,2026-07-22T10:05:53+10:00,7721,Unoccupied,9444,"-37.80506180537941, 144.95733500218114"
2026-07-22T10:15:40+10:00,2026-07-22T08:27:17+10:00,7721,Unoccupied,9456,"-37.805325383750784, 144.95728837155994"
2026-07-22T10:15:40+10:00,2026-06-10T14:05:55+10:00,7721,Present,24044,"-37.80492931393994, 144.95724431874055"
2026-07-22T10:15:40+10:00,2023-12-13T01:45:19+11:00,7721,Unoccupied,24045,"-37.804903882241234, 144.95724880963354"
2026-07-22T10:15:40+10:00,2026-07-22T09:09:15+10:00,7721,Present,24049,"-37.80480216953245, 144.95726677599734"
2026-07-22T10:15:40+10:00,2026-07-21T19:58:43+10:00,7721,Present,23970,"-37.80470045315579, 144.9572847434669"
2026-07-22T10:15:40+10:00,2026-07-17T19:08:04+10:00,7721,Present,23975,"-37.804573308682805, 144.95730719828805"
2026-07-22T10:15:40+10:00,2026-07-21T20:09:57+10:00,7721,Unoccupied,23978,"-37.80449702219647, 144.95732067365248"
2026-07-22T10:15:40+10:00,2026-07-21T21:06:17+10:00,7716,Unoccupied,9422,"-37.80443003223237, 144.95744673087017"
2026-07-22T10:15:40+10:00,2026-07-21T21:11:12+10:00,7716,Unoccupied,9431,"-37.80463702801647, 144.9574101343463"
2026-07-22T10:15:40+10:00,2026-07-22T09:46:30+10:00,7721,Present,9437,"-37.80476639659502, 144.95738725944153"
2026-07-22T10:15:40+10:00,2026-07-21T17:37:32+10:00,7716,Unoccupied,9424,"-37.80448177590353, 144.95743758223875"
2026-07-22T10:15:40+10:00,2026-07-21T19:54:03+10:00,7721,Unoccupied,24047,"-37.80485302791918, 144.95725779308742"
2026-07-22T10:15:40+10:00,2026-07-22T09:16:47+10:00,7721,Present,23971,"-37.80467502417579, 144.9572892331941"
2026-07-22T10:15:40+10:00,2026-07-21T17:25:22+10:00,7721,Unoccupied,23977,"-37.80452245117901, 144.9573161816785"
2026-07-22T10:15:40+10:00,2026-07-21T19:31:33+10:00,7716,Unoccupied,23980,"-37.80444616422047, 144.95732965645493"
2026-07-22T10:15:40+10:00,2026-07-22T09:49:51+10:00,7716,Present,9433,"-37.80468876939039, 144.95740098398056"
2026-08-10T20:09:39+10:00,2026-08-10T19:48:05+10:00,7725,Unoccupied,9598,"-37.80470817912803, 144.94923768660107"
2026-08-10T20:09:39+10:00,2026-08-10T17:11:57+10:00,7725,Present,9600,"-37.80424624874155, 144.9493176273665"
2026-08-10T20:09:39+10:00,2026-08-10T19:23:18+10:00,7725,Present,9605,"-37.80355520593249, 144.94943939339282"
2026-08-10T20:09:39+10:00,2026-08-10T17:32:44+10:00,7725,Present,9611,"-37.80387968936999, 144.94938219700055"
2026-08-10T20:09:39+10:00,2026-02-16T10:33:32+11:00,7725,Present,9612,"-37.803932780008246, 144.9493728388618"
2026-08-10T20:09:39+10:00,2026-08-10T18:06:58+10:00,7725,Present,9613,"-37.80398653905685, 144.94936336418544"
2026-08-10T20:09:39+10:00,2026-08-10T19:52:04+10:00,7753,Present,9619,"-37.80498451133013, 144.9487256132852"
2026-08-10T20:09:39+10:00,2026-08-10T20:07:05+10:00,7753,Present,9625,"-37.80496415494934, 144.94854345814642"
2026-08-10T20:09:39+10:00,2024-06-27T17:03:58+10:00,7753,Unoccupied,9631,"-37.805096996494115, 144.94880084548276"
2026-08-10T20:09:39+10:00,2024-06-27T16:17:12+10:00,7753,Unoccupied,9634,"-37.805087958354314, 144.94871661818752"
2026-08-10T20:09:39+10:00,2024-06-27T16:44:34+10:00,7753,Unoccupied,9639,"-37.805053375847955, 144.9484077164504"
2026-08-10T20:09:39+10:00,2024-06-27T16:28:55+10:00,7753,Unoccupied,9648,"-37.80507230238178, 144.94857670798694"
2026-08-10T20:09:39+10:00,2025-07-07T13:05:22+10:00,7752,Unoccupied,10707,"-37.80562910757838, 144.95455722540413"
2026-08-10T20:09:39+10:00,2025-02-17T15:24:57+11:00,7752,Present,10709,"-37.8056443268013, 144.95469212796456"
2026-08-10T20:09:39+10:00,2026-02-04T16:29:25+11:00,7739,Present,10713,"-37.80389373311168, 144.95109910273732"
2026-08-10T20:09:39+10:00,2026-02-07T09:48:21+11:00,7739,Present,10716,"-37.80375570795519, 144.9511235299858"
2026-08-10T20:09:39+10:00,2026-02-08T14:03:26+11:00,7739,Present,10719,"-37.80416031637368, 144.95105185319318"
2026-08-10T20:09:39+10:00,2026-02-08T11:59:59+11:00,7739,Present,10721,"-37.804297991846894, 144.95102747862302"
2026-08-10T20:09:39+10:00,2026-02-08T14:07:51+11:00,7739,Present,10724,"-37.80445425492435, 144.95099990948202"
2026-08-10T20:09:39+10:00,2026-02-08T10:02:34+11:00,7739,Present,10730,"-37.80487724273593, 144.95092402466457"
2026-08-10T20:09:39+10:00,2026-02-07T11:21:46+11:00,7739,Present,10732,"-37.80497906772746, 144.95090601029813"
2026-08-10T20:09:39+10:00,2026-02-08T16:10:05+11:00,7740,Present,10742,"-37.80379669737577, 144.95088211182127"
2026-08-10T20:09:39+10:00,2026-02-06T12:02:00+11:00,7740,Present,10744,"-37.803689182408135, 144.95090037507902"
2026-08-10T20:09:39+10:00,2026-02-08T11:00:38+11:00,7740,Present,10745,"-37.80363537326759, 144.95090948550364"
2026-08-10T20:09:39+10:00,2026-08-10T16:57:46+10:00,7981,Unoccupied,10879,"-37.80541069713534, 144.9502629920902"
2026-08-10T20:09:39+10:00,2026-08-09T19:42:29+10:00,7981,Unoccupied,10882,"-37.80541987748026, 144.95034460595906"
2026-08-10T20:09:39+10:00,2025-09-16T11:06:05+10:00,7981,Unoccupied,10885,"-37.80542921632523, 144.9504262110143"
2026-08-10T20:09:39+10:00,2026-08-10T17:38:06+10:00,7981,Present,10886,"-37.8054322960094, 144.95045340597807"
2026-08-10T20:09:39+10:00,2026-08-10T13:11:54+10:00,7981,Unoccupied,10888,"-37.80543869031032, 144.95050691729028"
2026-08-10T20:09:39+10:00,2026-08-10T17:47:41+10:00,7981,Unoccupied,10891,"-37.80551063959489, 144.9502730704527"
2026-08-10T20:09:39+10:00,2025-06-30T10:27:54+10:00,7981,Unoccupied,10893,"-37.80551687136092, 144.95032746708463"
2026-08-10T20:09:39+10:00,2026-08-09T21:27:03+10:00,7981,Unoccupied,10898,"-37.80553237006271, 144.95046346447572"
2026-08-10T20:09:39+10:00,2026-07-27T14:35:48+10:00,7981,Unoccupied,10904,"-37.80549233270572, 144.9501085536166"
2026-08-10T20:09:39+10:00,2026-08-10T15:16:54+10:00,7722,Unoccupied,11176,"-37.80313925540028, 144.94821838597755"
2026-08-10T20:09:39+10:00,2026-08-10T16:56:35+10:00,7722,Unoccupied,11177,"-37.80319151675526, 144.94820900068024"
2026-08-10T20:09:39+10:00,2026-08-10T15:56:08+10:00,7722,Unoccupied,11179,"-37.80330779674274, 144.9481881584717"
2026-08-10T20:09:39+10:00,2026-02-08T15:30:47+11:00,7748,Unoccupied,11478,"-37.803122423569235, 144.95025738046655"
2026-08-10T20:09:39+10:00,2026-02-08T16:53:19+11:00,7748,Present,11480,"-37.80313959179574, 144.95041041774493"
2026-08-10T20:09:39+10:00,2026-02-08T15:52:19+11:00,7748,Unoccupied,11487,"-37.803167079390164, 144.95066099969833"
2026-08-10T20:09:39+10:00,2026-02-08T13:48:46+11:00,7748,Present,11488,"-37.80317073786297, 144.95069360496595"
2026-08-10T20:09:39+10:00,2026-08-10T19:17:05+10:00,7726,Present,11791,"-37.80034043806941, 144.955558553242"
2026-08-10T20:09:39+10:00,2024-06-30T07:44:57+10:00,7726,Present,11793,"-37.80041957546746, 144.9556578780248"
2026-08-10T20:09:39+10:00,2024-12-10T09:20:22+11:00,7726,Unoccupied,11795,"-37.80049754432898, 144.95575583177924"
2026-08-10T20:09:39+10:00,2026-08-10T18:56:38+10:00,7727,Present,11878,"-37.80084202921251, 144.95618586601418"
2026-08-10T20:09:39+10:00,2026-08-02T10:36:57+10:00,7708,Unoccupied,11927,"-37.80158323944731, 144.95455160795512"
2026-08-10T20:09:39+10:00,2025-09-20T17:01:37+10:00,7708,Unoccupied,11930,"-37.80131826360962, 144.95488598477425"
2026-08-10T20:09:39+10:00,2026-03-27T10:19:08+11:00,7708,Present,11932,"-37.80123701721285, 144.95498880523243"
2026-08-10T20:09:39+10:00,2026-08-08T16:25:46+10:00,7708,Unoccupied,11944,"-37.80153839590258, 144.95493989008185"
2026-08-10T20:09:39+10:00,2026-08-10T16:36:35+10:00,7728,Present,12027,"-37.79826928682944, 144.95295685806107"
2026-08-10T20:09:39+10:00,2026-04-02T08:26:50+11:00,7766,Present,12077,"-37.80087126973085, 144.95332118629088"
2026-08-10T20:09:39+10:00,2026-04-02T07:41:31+11:00,7766,Present,12090,"-37.800364728028576, 144.9543005665328"
2026-08-10T20:09:39+10:00,2026-08-10T15:19:45+10:00,7720,Unoccupied,12114,"-37.79861988549652, 144.95208766661227"
2026-08-10T20:09:39+10:00,2026-08-10T17:51:44+10:00,7720,Unoccupied,12116,"-37.7986719862219, 144.95202177613626"
2026-08-10T20:09:39+10:00,2026-08-10T15:19:52+10:00,7720,Unoccupied,12119,"-37.79872316190999, 144.95195644038654"
2026-08-10T20:09:39+10:00,2026-08-10T15:44:39+10:00,7720,Unoccupied,12120,"-37.7987404814148, 144.95193432902607"
2026-08-10T20:09:39+10:00,2026-08-10T18:06:56+10:00,7757,Unoccupied,12285,"-37.79959698052443, 144.95281077286185"
2026-08-10T20:09:39+10:00,2026-08-10T18:49:32+10:00,7757,Unoccupied,12288,"-37.79947754891876, 144.95296156722577"
2026-08-10T20:09:39+10:00,2026-08-09T22:01:37+10:00,7727,Unoccupied,18690,"-37.80095837291265, 144.9563318007127"
2026-08-10T20:09:39+10:00,2026-08-10T18:39:35+10:00,7160,Present,15022,"-37.813986854268634, 144.9412126802025"
2026-08-10T20:09:39+10:00,2026-08-10T19:01:49+10:00,7910,Present,22428,"-37.84507948562708, 144.98114053763254"
2026-08-10T20:09:39+10:00,2026-08-10T19:56:33+10:00,7910,Unoccupied,22435,"-37.845182238406906, 144.980502272184"
2026-08-10T20:09:39+10:00,2026-08-10T19:32:57+10:00,7910,Present,21541,"-37.84507112911485, 144.97966044067113"
2026-08-10T20:09:39+10:00,2026-08-10T16:07:06+10:00,7910,Present,21543,"-37.84508897173963, 144.97979550418984"
2026-08-10T20:09:39+10:00,2026-08-10T18:09:27+10:00,7910,Present,21545,"-37.84510688739228, 144.97993111016365"
2026-08-10T20:09:39+10:00,2026-08-10T20:02:14+10:00,7910,Unoccupied,21546,"-37.84511636710482, 144.98000281866575"
2026-08-10T20:09:39+10:00,2026-08-10T18:13:38+10:00,7586,Present,21744,"-37.84799803206987, 144.98245070765785"
2026-08-10T20:09:39+10:00,2026-08-10T19:57:53+10:00,7586,Unoccupied,21745,"-37.848005552140705, 144.98251218961013"
2026-08-10T20:09:39+10:00,2026-08-10T17:58:01+10:00,7586,Unoccupied,21751,"-37.84813057598156, 144.98353435941885"
2026-08-10T20:09:39+10:00,2026-08-10T18:37:34+10:00,7586,Unoccupied,21753,"-37.84814671324986, 144.98366630782294"
2026-08-10T20:09:39+10:00,2026-08-10T13:12:09+10:00,7586,Present,21757,"-37.84820175794165, 144.98411636720144"
2026-08-10T20:09:39+10:00,2026-08-10T16:37:54+10:00,7586,Unoccupied,21759,"-37.84821789462343, 144.9842483119175"
2026-08-10T20:09:39+10:00,2026-08-10T18:09:52+10:00,7584,Unoccupied,21685,"-37.84823013743106, 144.98344162602382"
2026-08-10T20:09:39+10:00,2026-08-10T18:09:35+10:00,7584,Unoccupied,21687,"-37.848213706475214, 144.9833068653546"
2026-08-10T20:09:39+10:00,2026-08-10T18:04:27+10:00,7584,Unoccupied,21688,"-37.84820549140019, 144.98323948392172"
2026-08-10T20:09:39+10:00,2026-08-10T18:03:40+10:00,7584,Unoccupied,21690,"-37.84818905886445, 144.98310472565072"
2026-08-10T20:09:39+10:00,2026-08-10T18:01:29+10:00,7584,Unoccupied,21680,"-37.8481726275857, 144.9829699645832"
2026-08-10T20:09:39+10:00,2026-08-10T18:48:53+10:00,7757,Present,22023,"-37.79947870372327, 144.95328673637817"
2026-08-10T20:09:39+10:00,2026-08-10T17:51:55+10:00,7708,Unoccupied,21963,"-37.80129159001788, 144.95525258800507"
2026-08-10T20:09:39+10:00,2026-08-10T19:50:20+10:00,7708,Unoccupied,21966,"-37.80117876376342, 144.9553954201313"
2026-08-10T20:09:39+10:00,2025-05-11T20:10:37+10:00,7708,Present,21968,"-37.801102489037255, 144.95549199798984"
2026-08-10T20:09:39+10:00,2026-08-10T20:04:11+10:00,7183,Unoccupied,18559,"-37.82000268128995, 144.951233779713"
2026-08-10T20:09:39+10:00,2026-08-10T19:33:04+10:00,7183,Unoccupied,18556,"-37.8199471493606, 144.95142567113518"
2026-08-10T20:09:39+10:00,2024-12-25T15:29:00+11:00,7163,Present,18588,"-37.819144821389955, 144.9484106249023"
2026-08-10T20:09:39+10:00,2024-12-25T15:01:28+11:00,7163,Present,18216,"-37.81905607459451, 144.9486203731115"
2026-08-10T20:09:39+10:00,2024-12-25T16:17:06+11:00,7163,Unoccupied,18578,"-37.81948832943466, 144.94863704876167"
2026-08-10T20:09:39+10:00,2024-12-25T12:54:04+11:00,7184,Present,20895,"-37.82120636805902, 144.9470704593674"
2026-08-10T20:09:39+10:00,2024-12-25T11:02:35+11:00,7184,Present,20897,"-37.821110639077105, 144.94678607737143"
2026-08-10T20:09:39+10:00,2024-12-25T12:39:01+11:00,7184,Present,20898,"-37.82109206615671, 144.94685004085812"
2026-08-10T20:09:39+10:00,2026-03-24T19:29:36+11:00,7186,Unoccupied,18634,"-37.82117319064948, 144.94391931435464"
2026-08-10T20:09:39+10:00,2026-03-24T06:22:31+11:00,7186,Present,18630,"-37.82111067377315, 144.94365836932468"
2026-08-10T20:09:39+10:00,2026-02-08T10:04:19+11:00,7186,Present,15091,"-37.82125258974649, 144.94351025120602"
2026-08-10T20:09:39+10:00,2026-05-31T11:29:02+10:00,7212,Present,20614,"-37.81955745298548, 144.94369160324493"
2026-08-10T20:09:39+10:00,2026-08-09T10:21:35+10:00,7212,Unoccupied,20615,"-37.81950158229296, 144.9436659431201"
2026-08-10T20:09:39+10:00,2026-08-08T16:30:25+10:00,7197,Unoccupied,20905,"-37.81980106441673, 144.94535366686563"
2026-08-10T20:09:39+10:00,2025-10-28T09:45:30+11:00,7197,Present,20906,"-37.81985837697532, 144.94536883743564"
2026-08-10T20:09:39+10:00,2026-01-30T08:12:52+11:00,7197,Present,20907,"-37.81991568953214, 144.94538400803944"
2026-08-10T20:09:39+10:00,2026-04-04T19:46:19+11:00,7197,Unoccupied,20909,"-37.81998434057127, 144.94530742172287"
2026-08-10T20:09:39+10:00,2026-08-10T16:43:55+10:00,7197,Unoccupied,20916,"-37.82048267530209, 144.9454363238093"
2026-08-10T20:09:39+10:00,2026-08-09T11:11:01+10:00,7197,Present,20918,"-37.820359190197685, 144.9454039082782"
2026-08-10T20:09:39+10:00,2026-07-21T16:02:52+10:00,7197,Unoccupied,20919,"-37.8202975304902, 144.9453872206468"
2026-08-10T20:09:39+10:00,2026-08-10T17:29:19+10:00,7197,Unoccupied,20586,"-37.82024151131429, 144.94537361877752"
2026-08-10T20:09:39+10:00,2026-08-10T17:43:38+10:00,7194,Present,20901,"-37.81911258809131, 144.94429409405717"
2026-08-10T20:09:39+10:00,2024-12-25T00:08:05+11:00,7202,Unoccupied,20592,"-37.8198485764157, 144.9471475503992"
2026-08-10T20:09:39+10:00,2024-10-23T08:06:17+11:00,7202,Present,20596,"-37.820749425037675, 144.94726499357756"
2026-08-10T20:09:39+10:00,2024-12-25T09:38:35+11:00,7202,Present,20597,"-37.82067620261746, 144.9472477924998"
2026-08-10T20:09:39+10:00,2024-12-14T19:53:01+11:00,7202,Unoccupied,20600,"-37.82043238422226, 144.94718061053305"
2026-08-10T20:09:39+10:00,2024-12-25T10:02:49+11:00,7202,Unoccupied,21487,"-37.819968004313765, 144.94700438468254"
2026-08-10T20:09:39+10:00,2024-12-25T15:47:46+11:00,7202,Present,21489,"-37.819815126711354, 144.94693719894985"
2026-08-10T20:09:39+10:00,2024-12-08T19:06:49+11:00,7203,Unoccupied,90812,"-37.821984243691986, 144.9477843093931"
2026-08-10T20:09:39+10:00,2026-08-10T17:02:29+10:00,7200,Present,21482,"-37.82161749770223, 144.95048027833536"
2026-08-10T20:09:39+10:00,2024-10-08T06:47:13+11:00,7282,Unoccupied,21504,"-37.82129980300623, 144.95069392977473"
2026-08-10T20:09:39+10:00,2026-07-20T07:41:25+10:00,7159,Present,18534,"-37.81965271448664, 144.95056196025416"
2026-08-10T20:09:39+10:00,2026-02-24T11:12:07+11:00,7159,Present,18530,"-37.81943018742679, 144.95038763274167"
2026-08-10T20:09:39+10:00,2026-02-17T11:03:23+11:00,7159,Present,18540,"-37.81884401706035, 144.9499249253489"
2026-08-10T20:09:39+10:00,2026-08-10T18:45:16+10:00,7227,Present,18562,"-37.819089924762366, 144.94931493639706"
2026-08-10T20:09:39+10:00,2026-01-16T17:48:18+11:00,7227,Present,18563,"-37.81917050340564, 144.94937846758012"
2026-08-10T20:09:39+10:00,2026-03-24T08:03:20+11:00,7222,Unoccupied,20626,"-37.82055869070746, 144.9429319583788"
2026-08-10T20:09:39+10:00,2023-10-16T11:42:09+11:00,7213,Unoccupied,18525,"-37.820920432409906, 144.94428227453616"
2026-08-10T20:09:39+10:00,2026-03-24T08:04:08+11:00,7167,Present,17490,"-37.82035031334955, 144.94233273035633"
2026-08-10T20:09:39+10:00,2026-03-25T06:35:45+11:00,7167,Present,17489,"-37.8203696967754, 144.94226546963995"
2026-08-10T20:09:39+10:00,2025-07-28T07:33:29+10:00,7167,Unoccupied,17483,"-37.82033122611111, 144.94178443111818"
2026-08-10T20:09:39+10:00,2026-08-10T17:31:31+10:00,7207,Unoccupied,20602,"-37.82028919406282, 144.94443776071222"
2026-08-10T20:09:39+10:00,2026-08-10T16:34:57+10:00,7207,Unoccupied,20603,"-37.82034636685942, 144.94446289451076"
2026-08-10T20:09:39+10:00,2026-08-10T17:42:33+10:00,7207,Unoccupied,20604,"-37.820395686077376, 144.94448619160318"
2026-08-10T20:09:39+10:00,2026-08-10T17:38:58+10:00,7207,Unoccupied,20606,"-37.820319177118286, 144.94455379697746"
2026-08-10T20:09:39+10:00,2025-10-04T21:48:48+10:00,7214,Unoccupied,20621,"-37.81969672078945, 144.9458806148036"
2026-08-10T20:09:39+10:00,2025-11-02T08:42:06+11:00,7214,Unoccupied,20622,"-37.81975190227377, 144.9458951018895"
2026-08-10T20:09:39+10:00,2025-10-19T20:15:28+11:00,7214,Unoccupied,20923,"-37.82032788923816, 144.94604541207383"
2026-08-10T20:09:39+10:00,2025-11-02T05:19:29+11:00,7214,Unoccupied,20925,"-37.82044961672015, 144.94607732811323"
2026-08-10T20:09:39+10:00,2026-08-10T19:47:07+10:00,7161,Present,20575,"-37.82067837265019, 144.95134231522943"
2026-08-10T20:09:39+10:00,2024-12-25T16:16:36+11:00,7165,Unoccupied,15337,"-37.81881247718192, 144.94768061587257"
2026-08-10T20:09:39+10:00,2026-08-08T14:12:05+10:00,7173,Unoccupied,13471,"-37.81926491040353, 144.94577454521684"
2026-08-10T20:09:39+10:00,2026-07-20T16:50:54+10:00,7173,Unoccupied,13468,"-37.819298252193164, 144.94565893411232"
2026-08-10T20:09:39+10:00,2025-10-11T12:10:08+11:00,7178,Present,13405,"-37.81992012215079, 144.94350332366335"
2026-08-10T20:09:39+10:00,2026-03-24T12:33:31+11:00,7178,Unoccupied,13428,"-37.819930950522625, 144.94315971851103"
2026-08-10T20:09:39+10:00,2026-03-25T07:48:19+11:00,7178,Present,13402,"-37.81994431226503, 144.94342014841737"
2026-08-10T20:09:39+10:00,2026-03-25T13:23:20+11:00,7178,Unoccupied,13397,"-37.81999579034017, 144.9432431375824"
2026-08-10T20:09:39+10:00,2026-03-24T22:25:46+11:00,7178,Unoccupied,13430,"-37.81989373700138, 144.94328768101258"
2026-08-10T20:09:39+10:00,2026-08-02T14:02:59+10:00,7197,Unoccupied,20872,"-37.81972263913978, 144.9452378507582"
2026-08-10T20:09:39+10:00,2026-03-24T20:09:17+11:00,7188,Present,17713,"-37.82014498046749, 144.93925031048207"
2026-08-10T20:09:39+10:00,2025-07-31T01:40:49+10:00,7188,Unoccupied,17693,"-37.82060324744333, 144.94031698277732"
2026-08-10T20:09:39+10:00,2025-11-19T18:36:07+11:00,7188,Present,17694,"-37.82054611831157, 144.94028668910804"
2026-08-10T20:09:39+10:00,2026-03-25T12:01:59+11:00,7182,Present,23360,"-37.82115283682411, 144.94226462406135"
2026-08-10T20:09:39+10:00,2026-08-10T20:05:59+10:00,7210,Unoccupied,17338,"-37.8127837727216, 144.9399643372807"
2026-08-10T20:09:39+10:00,2026-08-08T13:21:04+10:00,7210,Unoccupied,17325,"-37.81266848936166, 144.9402687319058"
2026-08-10T20:09:39+10:00,2026-08-10T18:17:24+10:00,7226,Present,23377,"-37.81337655481154, 144.94083161643653"
2026-08-10T20:09:39+10:00,2026-08-10T16:39:19+10:00,7226,Present,23378,"-37.813323902840146, 144.94079957685634"
2026-08-10T20:09:39+10:00,2026-08-10T19:34:31+10:00,7226,Unoccupied,23381,"-37.813167352950984, 144.9407054984012"
2026-08-10T20:09:39+10:00,2026-08-10T20:00:25+10:00,7226,Unoccupied,23383,"-37.813062574527805, 144.94064145202975"
2026-08-10T20:09:39+10:00,2026-01-29T09:31:04+11:00,7718,Unoccupied,23809,"-37.801553914437456, 144.95656810521356"
2026-08-10T20:09:39+10:00,2025-08-19T10:32:08+10:00,7712,Present,11360,"-37.80398540747849, 144.955485248439"
2026-08-10T20:09:39+10:00,2025-08-25T11:40:57+10:00,7712,Present,11358,"-37.80393278352662, 144.95549470758004"
2026-08-10T20:09:39+10:00,2025-02-07T07:52:41+11:00,7712,Unoccupied,11359,"-37.803959541549816, 144.95548989784683"
2026-08-10T20:09:39+10:00,2025-08-25T15:03:29+10:00,7712,Unoccupied,11399,"-37.80540365436209, 144.95523028404108"
2026-08-10T20:09:39+10:00,2026-08-10T19:36:17+10:00,7156,Unoccupied,23950,"-37.81396863389123, 144.9424133997139"
2026-08-10T20:09:39+10:00,2026-08-10T19:48:56+10:00,7193,Unoccupied,15008,"-37.81443674439306, 144.93986060733064"
2026-08-10T20:09:39+10:00,2026-08-10T20:06:21+10:00,7193,Unoccupied,15009,"-37.81438558842542, 144.93982962481354"
2026-08-10T20:09:39+10:00,2026-07-20T23:07:08+10:00,7261,Unoccupied,16788,"-37.812867058436915, 144.93659039453667"
2026-08-10T20:09:39+10:00,2026-08-10T18:21:01+10:00,7220,Present,14999,"-37.81438711924288, 144.93751245168374"
2026-08-10T20:09:39+10:00,2026-03-29T16:01:34+11:00,7261,Present,14796,"-37.81281242258925, 144.93655835967394"
2026-08-10T20:09:39+10:00,2026-08-10T17:16:18+10:00,7220,Present,14995,"-37.81419223311255, 144.93739423614537"
2026-08-10T20:09:39+10:00,2026-08-10T17:36:10+10:00,7261,Present,14793,"-37.812656493420086, 144.936463956171"
2026-08-10T20:09:39+10:00,2026-08-10T18:39:31+10:00,7220,Present,14992,"-37.813153033720134, 144.93677276581576"
2026-08-10T20:09:39+10:00,2026-08-10T17:39:46+10:00,7220,Present,14990,"-37.813055546862586, 144.93671380204069"
2026-08-10T20:09:39+10:00,2024-12-25T14:54:11+11:00,7163,Unoccupied,24003,"-37.82010620216919, 144.94866027663673"
2026-08-10T20:09:39+10:00,2026-08-10T18:07:03+10:00,7232,Present,18205,"-37.81339711554628, 144.9392125443744"
2026-08-10T20:09:39+10:00,2026-08-10T19:01:37+10:00,7232,Present,15000,"-37.81362622337333, 144.93935141738922"
2026-08-10T20:09:39+10:00,2026-08-10T17:02:12+10:00,7178,Present,13409,"-37.819773730973466, 144.9440145056418"
2026-08-10T20:09:39+10:00,2026-08-10T19:39:37+10:00,7178,Unoccupied,13407,"-37.819793849449454, 144.94394541689542"
2026-08-10T20:09:39+10:00,2026-08-10T16:56:38+10:00,7170,Unoccupied,13443,"-37.819632495597034, 144.94418446229685"
2026-08-10T20:09:39+10:00,2026-08-10T19:43:49+10:00,7725,Unoccupied,9602,"-37.8043506453774, 144.9492992339239"
2026-08-10T20:09:39+10:00,2026-08-10T19:24:34+10:00,7725,Present,9614,"-37.804040512827484, 144.9493538484536"
2026-08-10T20:09:39+10:00,2024-06-27T16:25:16+10:00,7753,Unoccupied,9638,"-37.80505021640502, 144.94837932386784"
2026-08-10T20:09:39+10:00,2024-06-27T17:08:24+10:00,7753,Unoccupied,9646,"-37.805078584473186, 144.94863255977103"
2026-08-10T20:09:39+10:00,2026-08-09T22:28:29+10:00,7981,Unoccupied,10889,"-37.80550440780396, 144.9502186245861"
2026-08-10T20:09:39+10:00,2026-08-10T16:56:43+10:00,7981,Unoccupied,10925,"-37.80538386973119, 144.95012639522247"
2026-08-10T20:09:39+10:00,2025-03-04T08:22:13+11:00,7766,Unoccupied,12093,"-37.8005704233594, 144.95403825459493"
2026-08-10T20:09:39+10:00,2026-04-02T07:52:36+11:00,7766,Unoccupied,12080,"-37.80051563850027, 144.953770758436"
2026-08-10T20:09:39+10:00,2026-08-10T16:13:57+10:00,7757,Present,22021,"-37.799179212075586, 144.9536675138399"
2026-08-10T20:09:39+10:00,2026-03-24T08:03:28+11:00,7186,Present,18626,"-37.82104865107159, 144.94339948999047"
2026-08-10T20:09:39+10:00,2026-02-23T02:11:41+11:00,7186,Unoccupied,18622,"-37.82111916464275, 144.94295135358377"
2026-08-10T20:09:39+10:00,2026-08-10T18:36:29+10:00,7197,Unoccupied,20917,"-37.82042089670753, 144.94542033515108"
2026-08-10T20:09:39+10:00,2024-12-24T20:39:47+11:00,7202,Unoccupied,20595,"-37.81962576701123, 144.94705243729462"
2026-08-10T20:09:39+10:00,2024-12-25T15:19:27+11:00,7202,Unoccupied,20599,"-37.820517767023446, 144.9472064257968"
2026-08-10T20:09:39+10:00,2024-12-25T12:54:54+11:00,7202,Present,21488,"-37.81989904504822, 144.94697696185258"
2026-08-10T20:09:39+10:00,2026-03-24T11:33:25+11:00,7167,Present,17482,"-37.82034974326481, 144.94172038950103"
2026-08-10T20:09:39+10:00,2025-10-31T23:52:50+11:00,7214,Unoccupied,20922,"-37.82026702060972, 144.94602948689106"
2026-08-10T20:09:39+10:00,2026-08-10T10:04:51+10:00,7161,Present,20572,"-37.82050057805256, 144.95119741111756"
2026-08-10T20:09:39+10:00,2026-08-10T15:39:17+10:00,7161,Present,20581,"-37.8211446831276, 144.95170852764213"
2026-08-10T20:09:39+10:00,2026-08-10T17:20:48+10:00,7161,Present,20583,"-37.82123622769609, 144.95178103850878"
2026-08-10T20:09:39+10:00,2024-12-25T10:26:36+11:00,7165,Unoccupied,15328,"-37.81868158999858, 144.94813305717116"
2026-08-10T20:09:39+10:00,2024-12-25T12:47:08+11:00,7165,Present,15334,"-37.81874137382407, 144.94792655502627"
2026-08-10T20:09:39+10:00,2026-03-07T04:14:37+11:00,7178,Unoccupied,13403,"-37.81993624888711, 144.94344787331164"
2026-08-10T20:09:39+10:00,2026-03-24T06:21:26+11:00,7178,Present,13427,"-37.81994955721967, 144.9430957375174"
2026-08-10T20:09:39+10:00,2026-03-25T07:26:26+11:00,7178,Present,13429,"-37.81991234423025, 144.9432236994868"
2026-08-10T20:09:39+10:00,2026-03-05T18:14:02+11:00,7178,Present,13401,"-37.81995237378518, 144.94339242408512"
2026-08-10T20:09:39+10:00,2026-03-24T05:42:24+11:00,7188,Present,17716,"-37.8202956579312, 144.93955682551837"
2026-08-10T20:09:39+10:00,2026-03-24T19:58:56+11:00,7188,Unoccupied,17718,"-37.820328984140914, 144.93969599363925"
2026-08-10T20:09:39+10:00,2026-08-10T19:41:30+10:00,7226,Present,23385,"-37.8129609725423, 144.94058022988747"
2026-08-10T20:09:39+10:00,2024-12-25T14:41:02+11:00,7163,Unoccupied,21371,"-37.8201632891837, 144.94866249907489"
2026-08-10T20:09:39+10:00,2024-12-25T12:31:56+11:00,7163,Present,24001,"-37.81999361630185, 144.94865597937695"
2026-08-10T20:09:39+10:00,2024-12-25T14:50:49+11:00,7163,Present,24002,"-37.820049911318065, 144.94865802884766"
2026-08-10T20:09:39+10:00,2026-08-10T20:06:31+10:00,7195,Unoccupied,24274,"-37.813134832741156, 144.94236122619014"
2026-08-10T20:09:39+10:00,2026-08-10T17:19:19+10:00,7195,Present,24277,"-37.813205028322514, 144.9421770792953"
2026-08-10T20:09:39+10:00,2026-08-10T20:04:20+10:00,7195,Unoccupied,24279,"-37.81325187269492, 144.94205417285642"
2026-08-10T20:09:39+10:00,2026-08-10T18:52:44+10:00,7266,Present,18643,"-37.808781745038715, 144.97293054338238"
2026-08-10T20:09:39+10:00,2026-08-10T18:30:08+10:00,7265,Present,17963,"-37.810098725204256, 144.97271946118724"
2026-08-10T20:09:39+10:00,2026-08-10T18:16:11+10:00,7525,Present,63074,"-37.815763669140935, 144.9618859187729"
2026-08-10T20:09:39+10:00,2026-08-10T18:15:10+10:00,7156,Present,25368,"-37.81359602693607, 144.94181952287022"
2026-08-10T20:09:39+10:00,2026-08-10T17:20:07+10:00,7156,Present,25367,"-37.81362990096865, 144.94187183007364"
2026-08-10T20:09:39+10:00,2026-08-10T16:21:16+10:00,7156,Present,25366,"-37.81366408671927, 144.94192461336334"
2026-08-10T20:09:39+10:00,2026-03-17T10:20:20+11:00,7188,Unoccupied,17710,"-37.820229451968544, 144.93960268554343"
2026-08-10T20:09:39+10:00,2026-03-10T17:10:06+11:00,7188,Unoccupied,17706,"-37.82029196644229, 144.93986386099408"
2026-08-10T20:09:39+10:00,2026-03-24T05:42:08+11:00,7188,Present,17708,"-37.82026077006425, 144.9397333648914"
2026-08-10T20:09:39+10:00,2026-08-10T16:43:44+10:00,7348,Present,21514,"-37.83479219632807, 144.97561933777553"
2026-08-10T20:09:39+10:00,2026-08-10T18:05:18+10:00,7348,Unoccupied,21520,"-37.834845488989664, 144.9760272232985"
2026-08-10T20:09:39+10:00,2026-08-10T15:35:41+10:00,7348,Unoccupied,21522,"-37.83486300893875, 144.9761619134213"
2026-08-10T20:09:39+10:00,2026-08-10T13:38:17+10:00,7348,Present,21523,"-37.83499937266276, 144.97720592575808"
2026-08-10T20:09:39+10:00,2026-08-10T10:04:30+10:00,7348,Unoccupied,21529,"-37.8350528670962, 144.97761595715627"
2026-08-10T20:09:39+10:00,2026-08-09T15:53:00+10:00,7348,Unoccupied,21530,"-37.83506178891197, 144.977684171342"
2026-08-10T20:09:39+10:00,2026-08-10T16:19:30+10:00,7348,Unoccupied,21533,"-37.835088562609464, 144.97788919667062"
2026-08-10T20:09:39+10:00,2026-08-10T09:54:35+10:00,7348,Unoccupied,21534,"-37.835106826042704, 144.9780293417556"
2026-08-10T20:09:39+10:00,2026-08-10T16:51:26+10:00,7348,Unoccupied,21538,"-37.83514046286184, 144.978286658525"
2026-08-10T20:09:39+10:00,2026-08-10T20:04:17+10:00,7454,Unoccupied,60029,"-37.81582116124278, 144.97268387669027"
2026-08-10T20:09:39+10:00,2026-08-10T19:57:39+10:00,7454,Unoccupied,60028,"-37.81580258932075, 144.97274792790932"
2026-08-10T20:09:39+10:00,2026-08-10T19:42:20+10:00,7454,Unoccupied,60027,"-37.81578393515007, 144.97281184324999"
2026-08-10T20:09:39+10:00,2026-08-10T19:46:22+10:00,7454,Present,60025,"-37.815744983874914, 144.972945707211"
2026-08-10T20:09:39+10:00,2026-08-10T20:05:48+10:00,7436,Unoccupied,60138,"-37.81637588160544, 144.9714669426229"
2026-08-10T20:09:39+10:00,2026-08-10T20:05:47+10:00,7436,Present,60135,"-37.81631873187895, 144.9716582513094"
2026-08-10T20:09:39+10:00,2026-08-10T19:41:07+10:00,7436,Present,60140,"-37.81641873781997, 144.97132347031322"
2026-08-10T20:09:39+10:00,2026-08-10T18:55:20+10:00,7451,Present,60223,"-37.817112738406614, 144.96830048793075"
2026-08-10T20:09:39+10:00,2026-08-10T03:03:36+10:00,,Present,60240,"-37.81713754964143, 144.9688906636418"
2026-08-10T20:09:39+10:00,2026-08-10T19:31:15+10:00,7451,Present,60219,"-37.81703043249888, 144.96857995382135"
2026-08-10T20:09:39+10:00,2026-08-10T18:28:15+10:00,,Unoccupied,60243,"-37.817200836591596, 144.9686768090831"
2026-08-10T20:09:39+10:00,2024-06-20T21:34:41+10:00,7423,Unoccupied,60847,"-37.814855304509514, 144.97257182177202"
2026-08-10T20:09:39+10:00,2026-08-10T19:34:10+10:00,7423,Present,60846,"-37.81483266537366, 144.97264795449334"
2026-08-10T20:09:39+10:00,2026-08-10T17:47:25+10:00,7412,Present,60940,"-37.81512873509723, 144.97162335495977"
2026-08-10T20:09:39+10:00,2026-08-10T17:35:46+10:00,7412,Present,60941,"-37.81514751224009, 144.97155938937775"
2026-08-10T20:09:39+10:00,2026-01-30T10:29:36+11:00,7358,Unoccupied,61831,"-37.81458906314437, 144.96934803852986"
2026-08-10T20:09:39+10:00,2026-01-28T11:05:28+11:00,7358,Present,61829,"-37.81454555624267, 144.96949846915024"
2026-08-10T20:09:39+10:00,2025-04-17T11:13:52+10:00,7190,Unoccupied,62052,"-37.815892260608635, 144.9654515548818"
2026-08-10T20:09:39+10:00,2026-08-10T19:17:44+10:00,7190,Present,62063,"-37.816117265402454, 144.96467789773158"
2026-08-10T20:09:39+10:00,2026-08-10T17:51:52+10:00,7190,Unoccupied,62020,"-37.81575818328051, 144.96535560214744"
2026-08-10T20:09:39+10:00,2026-08-10T20:06:11+10:00,7190,Unoccupied,62032,"-37.8160435145096, 144.9643821131246"
2026-08-10T20:09:39+10:00,2025-11-12T06:41:17+11:00,7356,Present,61911,"-37.8148396343282, 144.96849391253153"
2026-08-10T20:09:39+10:00,2025-11-12T06:48:01+11:00,7359,Unoccupied,61949,"-37.81510974607741, 144.968126888427"
2026-08-10T20:09:39+10:00,2025-11-12T06:32:41+11:00,,Present,61934,"-37.815301568828914, 144.96691916880764"
2026-08-10T20:09:39+10:00,2025-11-26T18:29:18+11:00,7359,Present,61920,"-37.81500840252868, 144.967917849204"
2026-08-10T20:09:39+10:00,2025-11-12T06:48:50+11:00,7359,Present,61948,"-37.81509112984568, 144.96819081988335"
2026-08-10T20:09:39+10:00,2025-11-12T06:21:09+11:00,7356,Present,61930,"-37.81520998207401, 144.96723211000312"
2026-08-10T20:09:39+10:00,2025-11-17T14:05:26+11:00,7359,Unoccupied,61951,"-37.815147629452596, 144.96799743934574"
2026-08-10T20:09:39+10:00,2025-11-12T06:59:59+11:00,,Present,61940,"-37.81492715247235, 144.96874994815795"
2026-08-10T20:09:39+10:00,2025-11-12T07:00:02+11:00,7359,Unoccupied,61947,"-37.8150723824405, 144.96825477799052"
2026-08-10T20:09:39+10:00,2025-11-12T07:00:01+11:00,7359,Present,61925,"-37.815102962244424, 144.96759522720404"
2026-08-10T20:09:39+10:00,2025-11-12T06:41:14+11:00,7359,Present,61917,"-37.81495228178069, 144.96810964800756"
2026-08-10T20:09:39+10:00,2026-08-10T18:55:31+10:00,,Present,61743,"-37.81394066247344, 144.97210657633434"
2026-08-10T20:09:39+10:00,2026-08-10T18:29:04+10:00,7366,Present,61712,"-37.81362705094156, 144.97262292277279"
2026-08-10T20:09:39+10:00,2026-08-10T17:25:47+10:00,7366,Present,61738,"-37.81383964427967, 144.97245074425973"
2026-08-10T20:09:39+10:00,2026-08-10T19:54:00+10:00,7366,Present,61740,"-37.81387693814239, 144.97232283418379"
2026-08-10T20:09:39+10:00,2026-08-09T12:57:21+10:00,7345,Present,63619,"-37.813040286208015, 144.9671178334175"
2026-08-10T20:09:39+10:00,2026-08-10T18:27:38+10:00,7345,Present,63620,"-37.813059073903574, 144.96705394098714"
2026-08-10T20:09:39+10:00,2026-08-10T19:58:33+10:00,7345,Present,63627,"-37.813191196905024, 144.9666045618266"
2026-08-10T20:09:39+10:00,2026-08-10T08:19:17+10:00,7343,Unoccupied,63447,"-37.811959451509864, 144.97125871133963"
2026-08-10T20:09:39+10:00,2026-08-10T19:54:58+10:00,7343,Present,63443,"-37.81188777334317, 144.97150377957013"
2026-08-10T20:09:39+10:00,2026-08-10T18:12:20+10:00,7343,Present,63448,"-37.811979228559224, 144.9711910961634"
2026-08-10T20:09:39+10:00,2026-08-10T18:29:35+10:00,7343,Present,63449,"-37.81200039882707, 144.97111864104644"
2026-08-10T20:09:39+10:00,2026-08-10T19:08:33+10:00,7343,Present,63442,"-37.81182687052367, 144.97171274772504"
2026-08-10T20:09:39+10:00,2026-03-29T10:06:35+11:00,7579,Unoccupied,63431,"-37.81167125338419, 144.97224789018458"
2026-08-10T20:09:39+10:00,2026-08-10T19:51:40+10:00,7507,Present,62868,"-37.813971109346014, 144.9679724394694"
2026-08-10T20:09:39+10:00,2026-08-10T19:57:34+10:00,7507,Unoccupied,62874,"-37.81408762772115, 144.96757418450449"
2026-08-10T20:09:39+10:00,2026-08-10T18:26:31+10:00,7507,Present,62875,"-37.81410774949788, 144.96750611392437"
2026-08-10T20:09:39+10:00,2026-05-11T19:05:44+10:00,7508,Unoccupied,62884,"-37.81431443906632, 144.96680208673934"
2026-08-10T20:09:39+10:00,2026-08-10T18:27:54+10:00,7529,Present,62711,"-37.813154832998556, 144.97060288748185"
2026-08-10T20:09:39+10:00,2026-08-10T20:07:09+10:00,7536,Present,62735,"-37.813643981333755, 144.9689462695072"
2026-08-10T20:09:39+10:00,2026-08-07T16:48:56+10:00,7533,Unoccupied,62657,"-37.81280256275539, 144.97194862892616"
2026-08-10T20:09:39+10:00,2026-08-10T18:12:54+10:00,7512,Present,62642,"-37.81248804694738, 144.97302357356688"
2026-08-10T20:09:39+10:00,2026-08-10T19:48:03+10:00,7533,Present,62663,"-37.81290627129786, 144.97159428137397"
2026-08-10T20:09:39+10:00,2026-08-10T19:33:38+10:00,7512,Present,62645,"-37.81254383937672, 144.97283285297698"
2026-08-10T20:09:39+10:00,2026-08-10T19:36:21+10:00,7512,Present,62644,"-37.81252513205844, 144.97289678223075"
2026-08-10T20:09:39+10:00,2026-08-10T20:05:03+10:00,7446,Unoccupied,60131,"-37.816242514385664, 144.9719133247304"
2026-08-10T20:09:39+10:00,2026-08-10T18:20:24+10:00,7400,Present,50932,"-37.813609073228754, 144.97118684925354"
2026-08-10T20:09:39+10:00,2026-08-10T19:32:18+10:00,7399,Present,50910,"-37.8137095093117, 144.9714016807551"
2026-08-10T20:09:39+10:00,2026-08-10T20:02:58+10:00,7400,Present,50931,"-37.81365978793906, 144.9712104418848"
2026-08-10T20:09:39+10:00,2026-08-10T19:19:09+10:00,7400,Present,50919,"-37.81325166952611, 144.97119049755653"
2026-08-10T20:09:39+10:00,2026-08-10T19:54:05+10:00,7628,Unoccupied,51818,"-37.81406166881729, 144.96880104997948"
2026-08-10T20:09:39+10:00,2026-08-10T15:33:39+10:00,7674,Unoccupied,51820,"-37.813960062508556, 144.96875447706643"
2026-08-10T20:09:39+10:00,2026-08-10T19:32:17+10:00,7628,Present,51816,"-37.81416327510976, 144.96884762301715"
2026-08-10T20:09:39+10:00,2026-08-10T20:01:12+10:00,7628,Unoccupied,51817,"-37.81411247197535, 144.96882433591503"
2026-08-10T20:09:39+10:00,2026-08-10T19:57:12+10:00,7674,Present,51821,"-37.81390925934811, 144.96873118901527"
2026-08-10T20:09:39+10:00,2026-08-10T19:36:40+10:00,,Present,51950,"-37.81313654299781, 144.96812582653453"
2026-08-10T20:09:39+10:00,2026-08-10T19:24:32+10:00,7638,Present,51934,"-37.81329520417861, 144.9683239299734"
2026-08-10T20:09:39+10:00,2026-08-10T19:29:15+10:00,7638,Present,51926,"-37.81353111706288, 144.96843244981244"
2026-08-10T20:09:39+10:00,2026-08-10T19:53:13+10:00,7638,Unoccupied,51929,"-37.81343206116386, 144.96838644867847"
2026-08-10T20:09:39+10:00,2026-08-10T18:45:12+10:00,7638,Present,51924,"-37.81360118807328, 144.968463917686"
2026-08-10T20:09:39+10:00,2026-08-10T19:57:57+10:00,7638,Present,51933,"-37.81331767384614, 144.96833410288292"
2026-08-10T20:09:39+10:00,2026-08-10T19:03:12+10:00,7334,Present,63533,"-37.81264334630859, 144.968383385658"
2026-08-10T20:09:39+10:00,2026-08-10T19:39:05+10:00,7334,Present,63532,"-37.8126245996564, 144.96844726345032"
2026-08-10T20:09:39+10:00,2026-08-10T05:22:27+10:00,,Unoccupied,63543,"-37.81232257207527, 144.97002413130525"
2026-08-10T20:09:39+10:00,2026-08-10T19:14:20+10:00,7334,Present,63512,"-37.812174109350416, 144.9699768645677"
2026-08-10T20:09:39+10:00,2026-08-08T16:11:43+10:00,,Present,63542,"-37.81230375758987, 144.97008788741155"
2026-08-10T20:09:39+10:00,2026-08-10T15:40:00+10:00,7320,Present,63544,"-37.81234132631971, 144.96996016217224"
2026-08-10T20:09:39+10:00,2026-08-10T19:53:11+10:00,7320,Unoccupied,63546,"-37.812378921136535, 144.9698324373617"
2026-08-10T20:09:39+10:00,2023-02-25T14:44:51+11:00,7725,Unoccupied,9581,"-37.80415783494985, 144.94952440572973"
2026-08-10T20:09:39+10:00,2026-08-10T16:26:21+10:00,7725,Unoccupied,9586,"-37.80389570705829, 144.94957060381063"
2026-08-10T20:09:39+10:00,2026-08-10T18:55:30+10:00,7725,Present,9584,"-37.80400069082501, 144.94955209749105"
2026-08-10T20:09:39+10:00,2022-11-20T14:44:07+11:00,7725,Unoccupied,9587,"-37.803844624328846, 144.9495796024437"
2026-08-10T20:09:39+10:00,2026-06-26T20:30:13+10:00,7725,Unoccupied,9585,"-37.80394774748606, 144.9495614301553"
2026-08-10T20:09:39+10:00,2026-08-10T19:41:34+10:00,7725,Present,9583,"-37.80405160418521, 144.9495431284868"
2026-08-10T20:09:39+10:00,2026-08-10T20:04:48+10:00,7725,Unoccupied,9588,"-37.803791316242936, 144.9495890004091"
2026-08-10T20:09:39+10:00,2026-08-10T19:47:29+10:00,,Unoccupied,50217,"-37.813074676599754, 144.9737023329154"
2026-08-10T20:09:39+10:00,2026-08-10T18:43:18+10:00,7645,Present,50221,"-37.81278606165315, 144.97357479977728"
2026-08-10T20:09:39+10:00,2026-08-10T19:17:14+10:00,7660,Present,50220,"-37.81291722130064, 144.97363172918602"
2026-08-10T20:09:39+10:00,2026-08-10T19:57:28+10:00,7645,Present,50215,"-37.81249762539407, 144.97369144100045"
2026-08-10T20:09:39+10:00,2026-08-10T19:57:24+10:00,7645,Unoccupied,50214,"-37.812550545044445, 144.97371553755048"
2026-08-10T20:09:39+10:00,2026-08-10T20:01:02+10:00,7645,Present,50213,"-37.81260578240534, 144.97374055073328"
2026-08-10T20:09:39+10:00,2025-03-14T13:39:15+11:00,7648,Unoccupied,50017,"-37.81458368309481, 144.9746548648552"
2026-08-10T20:09:39+10:00,2026-08-10T18:19:07+10:00,,Unoccupied,50010,"-37.81494616789481, 144.97482067810614"
2026-08-10T20:09:39+10:00,2025-07-23T05:57:27+10:00,7648,Present,50014,"-37.814745417633205, 144.97472978891713"
2026-08-10T20:09:39+10:00,2026-08-07T17:29:30+10:00,,Present,50019,"-37.81447461381916, 144.97460422172057"
2026-08-10T20:09:39+10:00,2026-08-10T18:23:44+10:00,7648,Present,50013,"-37.81479710903639, 144.97475350253134"
2026-08-10T20:09:39+10:00,2026-08-10T18:16:03+10:00,7636,Present,51735,"-37.81510981537058, 144.96916026032682"
2026-08-10T20:09:39+10:00,2026-08-10T17:59:20+10:00,7636,Unoccupied,51736,"-37.81508734335914, 144.9691501666219"
2026-08-10T20:09:39+10:00,2026-08-10T20:05:36+10:00,7637,Present,51753,"-37.815097818496255, 144.96903352940598"
2026-08-10T20:09:39+10:00,2026-08-10T18:16:16+10:00,7636,Present,51742,"-37.81561294811235, 144.96927326378915"
2026-08-10T20:09:39+10:00,2026-08-10T19:11:56+10:00,7636,Present,51746,"-37.81541429710724, 144.9691808278567"
2026-08-10T20:09:39+10:00,2026-08-10T19:43:11+10:00,7630,Unoccupied,51640,"-37.81597029060062, 144.9694342944236"
2026-08-10T20:09:39+10:00,2026-08-10T14:31:50+10:00,7630,Present,51636,"-37.81618810680853, 144.9695346167088"
2026-08-10T20:09:39+10:00,2026-08-09T07:10:55+10:00,7630,Unoccupied,51638,"-37.8160785137767, 144.9694841522899"
2026-08-10T20:09:39+10:00,2026-08-10T19:56:38+10:00,7631,Present,51633,"-37.81638151400121, 144.96962372257985"
2026-08-10T20:09:39+10:00,2026-04-24T12:49:25+10:00,7510,Present,64458,"-37.81225752669195, 144.96623755863152"
2026-08-10T20:09:39+10:00,2026-07-08T03:11:50+10:00,7514,Present,64571,"-37.813089007798425, 144.96338423746914"
2026-08-10T20:09:39+10:00,2026-07-08T06:49:09+10:00,7514,Present,64567,"-37.813003245466476, 144.9636755237502"
2026-08-10T20:09:39+10:00,2026-07-08T08:03:36+10:00,,Present,64561,"-37.812815052153624, 144.96432167539115"
2026-08-10T20:09:39+10:00,2026-07-08T07:37:54+10:00,7514,Present,64562,"-37.81283520704599, 144.96425294976993"
2026-08-10T20:09:39+10:00,2026-07-08T07:58:56+10:00,7514,Unoccupied,64568,"-37.81302476027379, 144.96360245218452"
2026-08-10T20:09:39+10:00,2026-08-10T18:34:36+10:00,7559,Present,64234,"-37.81088357307434, 144.97075309929193"
2026-08-10T20:09:39+10:00,2026-08-10T18:39:40+10:00,7559,Present,64233,"-37.8108657709793, 144.9708137450376"
2026-08-10T20:09:39+10:00,2025-03-16T03:58:44+11:00,,Unoccupied,64248,"-37.81049960200317, 144.97223311068126"
2026-08-10T20:09:39+10:00,2026-08-10T18:57:26+10:00,7538,Present,64214,"-37.810466501144106, 144.97217229602532"
2026-08-10T20:09:39+10:00,2026-08-10T17:38:14+10:00,7320,Present,63553,"-37.812510747081475, 144.9693843159498"
2026-08-10T20:09:39+10:00,2026-01-05T12:51:23+11:00,7413,Unoccupied,51013,"-37.81275831372052, 144.9709626158803"
2026-08-10T20:09:39+10:00,2026-08-10T18:59:51+10:00,7411,Unoccupied,51016,"-37.81259081465073, 144.97088533850928"
2026-08-10T20:09:39+10:00,2026-06-12T20:35:56+10:00,,Unoccupied,64376,"-37.81171073121552, 144.96809560903787"
2026-08-10T20:09:39+10:00,2026-06-12T19:53:47+10:00,,Present,64375,"-37.8116934610502, 144.96815415315524"
2026-08-10T20:09:39+10:00,2026-03-19T09:12:28+11:00,,Unoccupied,64345,"-37.81134237989393, 144.9693445760545"
2026-08-10T20:09:39+10:00,2026-08-10T19:14:52+10:00,7634,Present,52118,"-37.81124640922536, 144.96751072963488"
2026-08-10T20:09:39+10:00,2026-08-10T18:03:51+10:00,7634,Present,52117,"-37.81129719964723, 144.96753414089503"
2026-08-10T20:09:39+10:00,2026-08-10T18:59:03+10:00,7634,Present,52110,"-37.81163155142592, 144.96768730663672"
2026-08-10T20:09:39+10:00,2026-08-10T19:48:54+10:00,7634,Present,52111,"-37.8115739413106, 144.96766175460698"
2026-08-10T20:09:39+10:00,2026-08-10T19:47:34+10:00,7626,Present,52013,"-37.81234966007979, 144.96801416263457"
2026-08-10T20:09:39+10:00,2025-05-20T22:51:24+10:00,7560,Unoccupied,65952,"-37.80926170698248, 144.9688034187825"
2026-08-10T20:09:39+10:00,2026-08-10T17:33:17+10:00,7273,Unoccupied,50649,"-37.80832264879308, 144.9716444141046"
2026-08-10T20:09:39+10:00,2026-08-10T20:03:04+10:00,7273,Unoccupied,50659,"-37.8080927945015, 144.9715406070668"
2026-08-10T20:09:39+10:00,2026-08-10T17:09:19+10:00,7649,Unoccupied,50636,"-37.80877846229541, 144.97185366115065"
2026-08-10T20:09:39+10:00,2026-08-10T19:26:13+10:00,7649,Present,50633,"-37.80884926677394, 144.97188619612234"
2026-08-10T20:09:39+10:00,2026-08-10T19:43:07+10:00,7649,Unoccupied,50669,"-37.80878490795517, 144.97173126985038"
2026-08-10T20:09:39+10:00,2026-08-10T17:43:23+10:00,7649,Unoccupied,50634,"-37.80882551342851, 144.97187528239476"
2026-08-10T20:09:39+10:00,2026-08-10T18:53:36+10:00,7649,Unoccupied,50670,"-37.80873508250238, 144.97170828952787"
2026-08-10T20:09:39+10:00,2026-08-10T16:43:13+10:00,7649,Unoccupied,50631,"-37.808896560867296, 144.97190792833277"
2026-08-10T20:09:39+10:00,2026-08-10T17:37:22+10:00,7649,Unoccupied,50644,"-37.808566203932955, 144.97175624089823"
2026-08-10T20:09:39+10:00,2026-08-10T19:45:49+10:00,7649,Unoccupied,50665,"-37.80898703304595, 144.97182443322305"
2026-08-10T20:09:39+10:00,2026-08-10T17:35:52+10:00,7649,Unoccupied,50668,"-37.80883571539002, 144.9717547150704"
2026-08-10T20:09:39+10:00,2026-08-10T20:04:36+10:00,7649,Unoccupied,50663,"-37.80908828360667, 144.97187134487461"
2026-08-10T20:09:39+10:00,2026-08-10T16:36:48+10:00,7649,Unoccupied,50642,"-37.80861319831674, 144.97177778350942"
2026-08-10T20:09:39+10:00,2026-08-10T20:03:07+10:00,7672,Present,50671,"-37.80868530201425, 144.9716852163175"
2026-08-10T20:09:39+10:00,2026-08-10T17:29:39+10:00,7649,Unoccupied,50666,"-37.80893653857275, 144.9718013197986"
2026-08-10T20:09:39+10:00,2026-08-10T18:09:51+10:00,,Unoccupied,50662,"-37.80913844013256, 144.97189445783573"
2026-08-10T20:09:39+10:00,2026-08-10T19:57:49+10:00,7275,Present,50677,"-37.808253443322855, 144.97148527117724"
2026-08-10T20:09:39+10:00,2026-08-10T18:07:29+10:00,7275,Unoccupied,50676,"-37.80830301339912, 144.9715081227749"
2026-08-10T20:09:39+10:00,2026-08-10T19:04:08+10:00,7639,Present,52215,"-37.81027103052531, 144.9670663835568"
2026-08-10T20:09:39+10:00,2026-08-10T19:15:00+10:00,7639,Present,52218,"-37.810075248630795, 144.96697657130892"
2026-08-10T20:09:39+10:00,2026-08-10T19:42:36+10:00,7639,Present,52224,"-37.81037178429865, 144.96698748278652"
2026-08-10T20:09:39+10:00,2026-08-10T18:49:01+10:00,7639,Present,52230,"-37.81023414700783, 144.96692374522712"
2026-08-10T20:09:39+10:00,2026-08-10T19:10:55+10:00,7639,Present,52217,"-37.810167772963055, 144.96701904952067"
2026-08-10T20:09:39+10:00,2026-08-10T19:21:17+10:00,7639,Present,52227,"-37.81030328247425, 144.96695576061347"
2026-08-10T20:09:39+10:00,2026-08-10T19:29:26+10:00,7639,Present,52226,"-37.810326116566685, 144.96696633465655"
2026-08-10T20:09:39+10:00,2026-08-10T18:48:25+10:00,7640,Present,52248,"-37.81027866121613, 144.9668157023667"
2026-08-10T20:09:39+10:00,2026-08-10T14:36:55+10:00,7563,Unoccupied,65810,"-37.808461045457975, 144.97143240826537"
2026-08-10T20:09:39+10:00,2026-08-10T19:15:45+10:00,7548,Unoccupied,65861,"-37.808937525361586, 144.96995988235648"
2026-08-10T20:09:39+10:00,2026-08-08T14:55:18+10:00,7563,Unoccupied,65811,"-37.80847867623247, 144.97137101372425"
2026-08-10T20:09:39+10:00,2026-08-10T16:39:59+10:00,7548,Unoccupied,65850,"-37.8087286939151, 144.97067955581468"
2026-08-10T20:09:39+10:00,2026-08-10T19:52:47+10:00,7541,Present,65866,"-37.80903146687905, 144.96963758900276"
2026-08-10T20:09:39+10:00,2026-08-10T18:49:37+10:00,7548,Unoccupied,65848,"-37.80869320242594, 144.97080221895555"
2026-08-10T20:09:39+10:00,2026-08-10T14:40:40+10:00,7563,Unoccupied,65813,"-37.80851440757591, 144.97124667952795"
2026-08-10T20:09:39+10:00,2026-08-10T19:50:56+10:00,,Unoccupied,62434,"-37.81887368145436, 144.9545486799141"
2026-08-10T20:09:39+10:00,2026-08-10T18:41:51+10:00,7331,Present,53817,"-37.81808825796743, 144.96275785864265"
2026-08-10T20:09:39+10:00,2026-08-10T17:10:02+10:00,7329,Unoccupied,53830,"-37.818361502543596, 144.96282088708273"
2026-08-10T20:09:39+10:00,2026-08-10T20:01:47+10:00,7329,Unoccupied,53819,"-37.817973732709454, 144.9627059716065"
2026-08-10T20:09:39+10:00,2026-08-10T19:47:01+10:00,,Unoccupied,64110,"-37.816461544831355, 144.95513526666156"
2026-08-10T20:09:39+10:00,2026-08-10T16:16:02+10:00,7335,Unoccupied,64113,"-37.816532645546374, 144.95488564703214"
2026-08-10T20:09:39+10:00,2026-08-10T19:44:41+10:00,7368,Unoccupied,57738,"-37.820493205830815, 144.95581543628026"
2026-08-10T20:09:39+10:00,2026-08-07T16:16:07+10:00,7377,Unoccupied,57743,"-37.820240787126615, 144.95569529602255"
2026-08-10T20:09:39+10:00,2026-08-10T20:04:03+10:00,7368,Unoccupied,57739,"-37.820440265054934, 144.95578692174678"
2026-08-10T20:09:39+10:00,2026-08-10T18:42:04+10:00,7339,Present,63963,"-37.815601431880836, 144.95877570465595"
2026-08-10T20:09:39+10:00,2026-08-10T20:06:31+10:00,7339,Present,63924,"-37.81550058691079, 144.9585546021399"
2026-08-10T20:09:39+10:00,2026-08-10T18:56:43+10:00,7339,Present,63954,"-37.81543475239084, 144.9593542613512"
2026-08-10T20:09:39+10:00,2025-06-10T20:13:47+10:00,7354,Unoccupied,62415,"-37.81851813189846, 144.95579587661973"
2026-08-10T20:09:39+10:00,2026-02-26T01:18:19+11:00,7357,Present,62412,"-37.818463471165515, 144.9559872492511"
2026-08-10T20:09:39+10:00,2026-08-10T19:36:53+10:00,7354,Unoccupied,62417,"-37.8185561346571, 144.95566398621668"
2026-08-10T20:09:39+10:00,2026-02-13T09:55:54+11:00,7416,Unoccupied,61248,"-37.81772102446043, 144.96274844311608"
2026-08-10T20:09:39+10:00,2026-02-13T08:20:49+11:00,7416,Present,61246,"-37.8176844271916, 144.9628766699704"
2026-08-10T20:09:39+10:00,2026-08-10T20:01:56+10:00,7433,Present,60716,"-37.82060820399165, 144.95621959750005"
2026-08-10T20:09:39+10:00,2026-08-10T20:01:31+10:00,7438,Unoccupied,60737,"-37.820786142875036, 144.95645798905178"
2026-08-10T20:09:39+10:00,2025-10-03T11:02:40+10:00,,Unoccupied,60720,"-37.820719728797215, 144.95583382988553"
2026-08-10T20:09:39+10:00,2026-08-10T19:50:41+10:00,7433,Present,60718,"-37.820645244998644, 144.9560915538139"
2026-08-10T20:09:39+10:00,2026-08-10T19:48:45+10:00,7438,Unoccupied,60731,"-37.82060499655505, 144.95707454621757"
2026-08-10T20:09:39+10:00,2026-08-10T20:07:45+10:00,7438,Present,60740,"-37.82083800986732, 144.9562787311334"
2026-08-10T20:09:39+10:00,2026-08-10T19:46:33+10:00,7433,Present,60721,"-37.82073712691073, 144.95577412958016"
2026-08-10T20:09:39+10:00,2026-08-10T17:43:43+10:00,7438,Present,60735,"-37.82075156352007, 144.95657749343093"
2026-08-10T20:09:39+10:00,2026-08-10T19:59:37+10:00,7438,Present,60732,"-37.820623113450985, 144.9570093619564"
2026-08-10T20:09:39+10:00,2026-08-10T18:38:25+10:00,7433,Present,60722,"-37.820755778224225, 144.95571019112364"
2026-08-10T20:09:39+10:00,2026-08-10T18:29:21+10:00,7434,Present,60426,"-37.81857975751947, 144.96325920661852"
2026-08-10T20:09:39+10:00,2025-11-21T01:39:40+11:00,7434,Present,60425,"-37.81856131050917, 144.9633232948234"
2026-08-10T20:09:39+10:00,2026-08-10T19:52:27+10:00,7434,Present,60427,"-37.818598150066144, 144.9631951476772"
2026-08-10T20:09:39+10:00,2025-01-10T00:09:48+11:00,7434,Unoccupied,60424,"-37.8185430579414, 144.96338738698418"
2026-08-10T20:09:39+10:00,2026-08-10T19:06:26+10:00,7647,Present,50510,"-37.80993497783538, 144.97237175563987"
2026-08-10T20:09:39+10:00,2026-08-10T19:20:49+10:00,7647,Present,50513,"-37.8097869016944, 144.9723035358862"
2026-08-10T20:09:39+10:00,2026-08-10T18:40:47+10:00,7647,Present,50521,"-37.80991444270796, 144.97225042698597"
2026-08-10T20:09:39+10:00,2025-10-25T14:59:37+11:00,7458,Unoccupied,61321,"-37.818030356536376, 144.96171362457858"
2026-08-10T20:09:39+10:00,2025-09-16T07:45:55+10:00,,Unoccupied,61312,"-37.81804920627489, 144.96147879554042"
2026-08-10T20:09:39+10:00,2026-08-10T19:04:08+10:00,7457,Unoccupied,61416,"-37.81856181478064, 144.95999890529984"
2026-08-10T20:09:39+10:00,2026-08-10T18:52:39+10:00,7457,Present,61414,"-37.81852512675538, 144.9601203764766"
2026-08-10T20:09:39+10:00,2026-08-10T18:37:37+10:00,7457,Present,61413,"-37.81850610809943, 144.96018416019913"
2026-08-10T20:09:39+10:00,2026-08-10T18:27:41+10:00,7534,Present,63233,"-37.81680218016638, 144.95824196652416"
2026-08-10T20:09:39+10:00,2026-08-10T19:12:41+10:00,7534,Present,63246,"-37.81710249948173, 144.95718683644785"
2026-08-10T20:09:39+10:00,2026-08-10T19:50:29+10:00,7534,Unoccupied,63225,"-37.817040892116864, 144.95715952527996"
2026-08-10T20:09:39+10:00,2026-08-10T19:55:04+10:00,7534,Unoccupied,63216,"-37.816796426580744, 144.957932265381"
2026-08-10T20:09:39+10:00,2026-08-10T19:41:35+10:00,7532,Unoccupied,63212,"-37.81672260541184, 144.9581932992872"
2026-08-10T20:09:39+10:00,2026-06-16T11:12:41+10:00,,Unoccupied,51310,"-37.809535335390215, 144.96931687598408"
2026-08-10T20:09:39+10:00,2026-06-16T10:38:10+10:00,,Present,51312,"-37.80943623299156, 144.96927157104756"
2026-08-10T20:09:39+10:00,2026-08-10T19:13:02+10:00,7406,Present,51446,"-37.80846429850026, 144.96890939612751"
2026-08-10T20:09:39+10:00,2026-08-10T19:04:17+10:00,7406,Present,51438,"-37.80867757321964, 144.9690075411121"
2026-08-10T20:09:39+10:00,2026-08-10T20:05:33+10:00,7406,Present,51445,"-37.808490907240625, 144.9689216855448"
2026-08-10T20:09:39+10:00,2026-08-10T19:24:17+10:00,7406,Unoccupied,51443,"-37.808544264608216, 144.96894620888543"
2026-08-10T20:09:39+10:00,2026-08-10T19:58:25+10:00,7406,Unoccupied,51430,"-37.808980790465064, 144.96914699501588"
2026-08-10T20:09:39+10:00,2026-08-10T20:02:34+10:00,7406,Present,51433,"-37.80886949557602, 144.96909579218624"
2026-08-10T20:09:39+10:00,2026-08-10T19:17:37+10:00,7406,Present,51444,"-37.80851761505247, 144.96893416273141"
2026-08-10T20:09:39+10:00,2026-08-10T18:59:24+10:00,7406,Present,51448,"-37.80841097471796, 144.96888485738836"
2026-08-10T20:09:39+10:00,2026-08-10T06:51:07+10:00,7547,Unoccupied,66453,"-37.81324417394733, 144.95518414951619"
2026-08-10T20:09:39+10:00,2026-08-10T18:43:25+10:00,7547,Present,66416,"-37.812975533761346, 144.9559499301654"
2026-08-10T20:09:39+10:00,2026-08-10T20:04:08+10:00,7547,Unoccupied,66452,"-37.81322561474281, 144.95524936628024"
2026-08-10T20:09:39+10:00,2026-08-09T17:08:38+10:00,7547,Unoccupied,66444,"-37.81306290602367, 144.95582076865196"
2026-08-10T20:09:39+10:00,2026-08-10T18:11:59+10:00,7547,Present,66424,"-37.81316280193611, 144.9552938589732"
2026-08-10T20:09:39+10:00,2026-08-10T19:45:04+10:00,7547,Unoccupied,66417,"-37.812992343015026, 144.9558911766383"
2026-08-10T20:09:39+10:00,2026-08-10T20:00:11+10:00,7547,Present,66456,"-37.813319994155535, 144.9549183985641"
2026-08-10T20:09:39+10:00,2025-10-15T07:12:18+11:00,7547,Unoccupied,66418,"-37.813010689921775, 144.95582707006406"
2026-08-10T20:09:39+10:00,2026-08-10T12:01:08+10:00,7547,Unoccupied,66443,"-37.813045401578954, 144.95588224902446"
2026-08-10T20:09:39+10:00,2026-08-10T19:50:07+10:00,7552,Present,66437,"-37.812936871165434, 144.95626361898448"
2026-08-10T20:09:39+10:00,2026-08-10T10:17:33+10:00,7547,Present,66451,"-37.813207078667304, 144.9553145722814"
2026-08-10T20:09:39+10:00,2026-08-10T19:28:01+10:00,7547,Present,66455,"-37.813279618467504, 144.95505961989613"
2026-08-10T20:09:39+10:00,2026-08-10T16:09:35+10:00,7547,Unoccupied,66426,"-37.81320227021031, 144.95515486316555"
2026-08-10T20:09:39+10:00,2026-08-10T20:06:36+10:00,7355,Unoccupied,62214,"-37.817087778613875, 144.96077414221855"
2026-08-10T20:09:39+10:00,2026-08-10T19:41:05+10:00,7344,Present,62220,"-37.81720377684749, 144.96037233214406"
2026-08-10T20:09:39+10:00,2026-08-10T18:36:44+10:00,7355,Unoccupied,62240,"-37.8172219315625, 144.96087150673998"
2026-08-10T20:09:39+10:00,2025-06-09T22:10:46+10:00,7344,Unoccupied,62245,"-37.81731709210602, 144.96054316903195"
2026-08-10T20:09:39+10:00,2026-08-10T19:27:17+10:00,7355,Unoccupied,62241,"-37.81723992622352, 144.9608097665728"
2026-08-10T20:09:39+10:00,2026-08-10T19:15:53+10:00,,Unoccupied,61613,"-37.81958584031267, 144.9562674680712"
2026-08-10T20:09:39+10:00,2026-05-22T06:54:39+10:00,7417,Present,61640,"-37.819756890114924, 144.95600948726414"
2026-08-10T20:09:39+10:00,2026-08-10T18:32:17+10:00,7417,Unoccupied,61644,"-37.81983178241323, 144.95574398443216"
2026-08-10T20:09:39+10:00,2026-08-10T19:32:54+10:00,,Unoccupied,61653,"-37.8200352168038, 144.95502406275878"
2026-08-10T20:09:39+10:00,2026-08-10T20:02:14+10:00,7417,Unoccupied,61642,"-37.81979464279118, 144.95587557609343"
2026-08-10T20:09:39+10:00,2026-08-10T19:16:05+10:00,,Present,61614,"-37.81960619035584, 144.95618762017233"
2026-08-10T20:09:39+10:00,2026-08-10T19:54:24+10:00,7340,Unoccupied,64012,"-37.81593305637722, 144.95703614472023"
2026-08-10T20:09:39+10:00,2026-08-10T18:44:00+10:00,7340,Present,64026,"-37.81622209935823, 144.95603313208392"
2026-08-10T20:09:39+10:00,2026-08-10T20:01:25+10:00,,Present,64011,"-37.815916049710665, 144.95709497508267"
2026-08-10T20:09:39+10:00,2026-08-10T18:22:31+10:00,7340,Present,64013,"-37.815952036044884, 144.95697029322807"
2026-08-10T20:09:39+10:00,2026-08-10T09:24:43+10:00,,Present,64010,"-37.81586407512988, 144.95727504574052"
2026-08-10T20:09:39+10:00,2026-08-10T19:40:00+10:00,,Unoccupied,64049,"-37.81625035038056, 144.95650205067005"
2026-08-10T20:09:39+10:00,2026-08-10T19:50:46+10:00,,Unoccupied,64050,"-37.81626885897799, 144.9564379784483"
2026-08-10T20:09:39+10:00,2026-08-10T18:39:15+10:00,,Unoccupied,63013,"-37.81533098213401, 144.96315750135415"
2026-08-10T20:09:39+10:00,2026-08-10T18:53:57+10:00,7525,Present,63066,"-37.81561155412429, 144.96240712629918"
2026-08-10T20:09:39+10:00,2026-08-02T18:25:52+10:00,,Present,60820,"-37.81461555956702, 144.9731893941032"
2026-08-10T20:09:39+10:00,2026-08-07T20:16:11+10:00,7419,Present,61514,"-37.818882455227026, 144.9587045572627"
2026-08-10T20:09:39+10:00,2026-08-10T19:12:04+10:00,7419,Present,61513,"-37.81886486643933, 144.95876599500565"
2026-08-10T20:09:39+10:00,2026-08-10T10:18:48+10:00,7424,Present,61532,"-37.818834738617184, 144.95921629702167"
2026-08-10T20:09:39+10:00,2026-08-10T18:58:33+10:00,7424,Unoccupied,61533,"-37.818853903812, 144.95915015842814"
2026-08-10T20:09:39+10:00,2026-08-10T16:24:57+10:00,7424,Present,61523,"-37.819131668443475, 144.95784547999037"
2026-08-10T20:09:39+10:00,2026-02-13T09:09:48+11:00,7419,Unoccupied,61519,"-37.819059124616615, 144.9580950823349"
2026-08-10T20:09:39+10:00,2026-08-10T19:54:26+10:00,7527,Unoccupied,63125,"-37.816279675665896, 144.9599015153093"
2026-08-10T20:09:39+10:00,2026-08-10T19:34:35+10:00,7527,Unoccupied,63126,"-37.81629938177788, 144.9598329358845"
2026-08-10T20:09:39+10:00,2026-08-10T19:26:39+10:00,7528,Unoccupied,63148,"-37.81647647786581, 144.9593880347058"
2026-08-10T20:09:39+10:00,2026-08-10T18:10:19+10:00,7528,Present,63133,"-37.81616879805182, 144.96046718573854"
2026-08-10T20:09:39+10:00,2026-08-10T18:01:01+10:00,7528,Present,63132,"-37.816145420413946, 144.96054953057512"
2026-08-10T20:09:39+10:00,2026-07-07T22:57:41+10:00,7646,Unoccupied,58120,"-37.81729431696377, 144.95346589250374"
2026-08-10T20:09:39+10:00,2026-08-10T17:56:07+10:00,7644,Present,58114,"-37.81761390352028, 144.95361436708527"
2026-08-10T20:09:39+10:00,2026-08-10T03:59:54+10:00,7646,Unoccupied,58119,"-37.81734412452362, 144.9534887894613"
2026-08-10T20:09:39+10:00,2026-08-10T19:59:16+10:00,7644,Unoccupied,58115,"-37.81754721494184, 144.95358230242027"
2026-08-10T20:09:39+10:00,2026-08-10T19:56:55+10:00,7646,Unoccupied,58118,"-37.81739501171731, 144.95351225867483"
2026-08-10T20:09:39+10:00,2026-08-10T20:02:52+10:00,7686,Present,57927,"-37.81946336069489, 144.95446401969423"
2026-08-10T20:09:39+10:00,2026-08-10T19:19:32+10:00,7643,Present,57922,"-37.81971276918418, 144.9545781189122"
2026-08-10T20:09:39+10:00,2026-08-10T20:01:03+10:00,7643,Unoccupied,57921,"-37.81975890500819, 144.9545992340826"
2026-08-10T20:09:39+10:00,2026-08-10T19:55:56+10:00,7603,Present,65331,"-37.812063040805526, 144.96267921897072"
2026-08-10T20:09:39+10:00,2026-08-10T19:50:18+10:00,7603,Present,65330,"-37.81204382572085, 144.9627452650395"
2026-08-10T20:09:39+10:00,2026-08-10T19:46:50+10:00,7603,Present,65329,"-37.81202477593277, 144.9628107705015"
2026-08-10T20:09:39+10:00,2026-08-10T19:03:27+10:00,7603,Present,65326,"-37.81196893799029, 144.96300295918434"
2026-08-10T20:09:39+10:00,2026-08-10T20:03:55+10:00,,Present,65311,"-37.81156591098831, 144.96438764053093"
2026-08-10T20:09:39+10:00,2026-08-10T20:06:40+10:00,7569,Unoccupied,65243,"-37.81110658088606, 144.9665902806151"
2026-08-10T20:09:39+10:00,2026-08-10T20:04:14+10:00,7557,Present,65212,"-37.81090906486972, 144.96662346197735"
2026-08-10T20:09:39+10:00,2026-08-10T19:33:25+10:00,7569,Present,65246,"-37.81118857409355, 144.966312811513"
2026-08-10T20:09:39+10:00,2026-03-20T14:00:32+11:00,7772,Present,65228,"-37.811225053881486, 144.9655525737132"
2026-08-10T20:09:39+10:00,2026-03-20T08:44:37+11:00,,Present,65227,"-37.81120264052758, 144.9656285162551"
2026-08-10T20:09:39+10:00,2026-08-10T16:59:42+10:00,7557,Unoccupied,65219,"-37.81105275683377, 144.96613649934432"
2026-08-10T20:09:39+10:00,2026-08-10T19:04:56+10:00,7763,Unoccupied,65027,"-37.80979985259617, 144.9704046020691"
2026-08-10T20:09:39+10:00,2026-08-10T19:33:12+10:00,7764,Unoccupied,65024,"-37.80973872185618, 144.97061187394345"
2026-08-10T20:09:39+10:00,2026-08-10T19:54:08+10:00,7570,Unoccupied,65069,"-37.80995071804908, 144.9702211247601"
2026-08-10T20:09:39+10:00,2026-06-26T21:47:01+10:00,7570,Unoccupied,65068,"-37.80994345691675, 144.9702461947253"
2026-08-10T20:09:39+10:00,2026-08-10T19:51:16+10:00,7570,Unoccupied,65064,"-37.809902739158495, 144.97038501828393"
2026-08-10T20:09:39+10:00,2026-08-10T19:48:57+10:00,7570,Unoccupied,65060,"-37.80982848782082, 144.97063865748817"
2026-08-10T20:09:39+10:00,2026-08-10T16:54:16+10:00,7570,Unoccupied,65059,"-37.80982084303858, 144.9706647717369"
2026-08-10T20:09:39+10:00,2026-08-10T16:45:29+10:00,7570,Unoccupied,65058,"-37.80980107550256, 144.97073220031848"
2026-08-10T20:09:39+10:00,2026-08-10T18:29:38+10:00,7570,Present,65050,"-37.80967589501612, 144.97115990980103"
2026-08-10T20:09:39+10:00,2026-08-10T20:05:15+10:00,7570,Unoccupied,65047,"-37.80964002393621, 144.97128242960477"
2026-08-10T20:09:39+10:00,2026-08-10T18:56:09+10:00,7570,Present,65045,"-37.8096252608608, 144.97133285610047"
2026-08-10T20:09:39+10:00,2026-08-10T19:41:13+10:00,7570,Unoccupied,65043,"-37.80959904378582, 144.9714224107713"
2026-08-10T20:09:39+10:00,2026-08-10T20:04:02+10:00,7570,Present,65042,"-37.809591730305065, 144.9714473924048"
2026-08-10T20:09:39+10:00,2026-08-10T17:10:03+10:00,7570,Unoccupied,65041,"-37.809584765346386, 144.97147118146606"
2026-08-10T20:09:39+10:00,2026-08-10T19:06:19+10:00,7570,Unoccupied,65040,"-37.80957738123868, 144.9714964052742"
2026-08-10T20:09:39+10:00,2026-08-10T18:48:10+10:00,7570,Unoccupied,65038,"-37.80955138614631, 144.9715851995424"
2026-08-10T20:09:39+10:00,2026-08-10T19:28:03+10:00,7570,Unoccupied,65037,"-37.809543758145935, 144.97161125462517"
2026-08-10T20:09:39+10:00,2026-08-10T19:58:48+10:00,7763,Present,65018,"-37.80961688661516, 144.97102613808946"
2026-08-10T20:09:39+10:00,2026-08-10T18:39:08+10:00,7572,Unoccupied,65097,"-37.8100463496191, 144.97023714961938"
2026-08-10T20:09:39+10:00,2026-08-10T20:03:48+10:00,7556,Unoccupied,65161,"-37.8105679515687, 144.96811522171183"
2026-08-10T20:09:39+10:00,2026-08-10T19:43:36+10:00,7556,Present,65162,"-37.81057630472673, 144.9680868422238"
2026-08-10T20:09:39+10:00,2026-08-10T19:47:44+10:00,7556,Present,65159,"-37.81055181554786, 144.96817066309598"
2026-08-10T20:09:39+10:00,2026-08-10T19:29:00+10:00,7556,Present,65132,"-37.81028121719562, 144.96909321496474"
2026-08-10T20:09:39+10:00,2026-08-10T17:27:57+10:00,7556,Present,65133,"-37.81028996417745, 144.96906337925418"
2026-08-10T20:09:39+10:00,2026-08-10T18:05:58+10:00,7556,Present,65160,"-37.8105600050226, 144.96814288315204"
2026-08-10T20:09:39+10:00,2026-08-10T19:39:46+10:00,7556,Present,65128,"-37.810245961509196, 144.96921394363216"
2026-08-10T20:09:39+10:00,2026-05-27T17:34:11+10:00,7556,Present,65138,"-37.81034291748419, 144.9688825826736"
2026-08-10T20:09:39+10:00,2025-05-10T09:35:08+10:00,7556,Present,65157,"-37.81053407934632, 144.96823134428138"
2026-08-10T20:09:39+10:00,2026-08-10T17:34:50+10:00,7568,Present,65192,"-37.810679263087735, 144.9680772533104"
2026-08-10T20:09:39+10:00,2026-08-10T19:43:33+10:00,7568,Present,65194,"-37.81071695275888, 144.9679495035502"
2026-08-10T20:09:39+10:00,2026-08-10T19:26:24+10:00,,Unoccupied,65190,"-37.81064203847192, 144.96820358907266"
2026-08-10T20:09:39+10:00,2026-08-10T20:01:41+10:00,7558,Present,65183,"-37.810487086510605, 144.9687299278653"
2026-08-10T20:09:39+10:00,2026-08-10T19:14:34+10:00,7556,Present,65155,"-37.81050685559316, 144.96832385291088"
2026-08-10T20:09:39+10:00,2026-08-10T18:37:34+10:00,7558,Present,65184,"-37.810505910159556, 144.9686660546946"
2026-08-10T20:09:39+10:00,2025-06-02T18:19:42+10:00,7566,Unoccupied,65552,"-37.813339019172425, 144.95864016115172"
2026-08-10T20:09:39+10:00,2024-06-11T11:35:56+10:00,7566,Unoccupied,65563,"-37.813456392702975, 144.95823760546324"
2026-08-10T20:09:39+10:00,2025-06-02T15:32:01+10:00,7566,Unoccupied,65557,"-37.81340396310752, 144.9584171133497"
2026-08-10T20:09:39+10:00,2025-06-02T18:13:10+10:00,7566,Present,65539,"-37.81320551599129, 144.95909723511036"
2026-08-10T20:09:39+10:00,2025-06-02T19:11:15+10:00,7566,Present,65533,"-37.813153083726775, 144.95927674360513"
2026-08-10T20:09:39+10:00,2025-06-02T17:57:38+10:00,7566,Unoccupied,65546,"-37.81328560892619, 144.95882302206962"
2026-08-10T20:09:39+10:00,2025-06-02T18:24:02+10:00,7566,Present,65541,"-37.813223019875345, 144.9590373088151"
2026-08-10T20:09:39+10:00,2025-06-02T16:54:20+10:00,7566,Unoccupied,65571,"-37.81352602169963, 144.95799921207333"
2026-08-10T20:09:39+10:00,2025-06-02T17:52:51+10:00,7566,Unoccupied,65567,"-37.813491215768735, 144.95811837961972"
2026-08-10T20:09:39+10:00,2025-06-02T17:23:23+10:00,7566,Unoccupied,65540,"-37.813214267486856, 144.95906727195987"
2026-08-10T20:09:39+10:00,2025-06-02T18:52:31+10:00,7566,Present,65528,"-37.81309344432242, 144.9594816718423"
2026-08-10T20:09:39+10:00,2025-06-02T16:13:47+10:00,7566,Unoccupied,65561,"-37.813438849284566, 144.95829767123845"
2026-08-10T20:09:39+10:00,2025-06-02T19:08:13+10:00,7767,Unoccupied,65511,"-37.81304581913433, 144.9592970003465"
2026-08-10T20:09:39+10:00,2025-06-02T14:24:38+10:00,7768,Unoccupied,65521,"-37.813317682238676, 144.95836438291389"
2026-08-10T20:09:39+10:00,2026-08-10T19:44:36+10:00,7551,Unoccupied,65463,"-37.81281349909273, 144.96047970981073"
2026-08-10T20:09:39+10:00,2026-08-10T20:03:34+10:00,7551,Present,65468,"-37.81285558397169, 144.9602474653378"
2026-08-10T20:09:39+10:00,2026-08-10T20:05:25+10:00,7553,Unoccupied,65491,"-37.81290860198662, 144.96044723135256"
2026-08-10T20:09:39+10:00,2026-08-10T18:00:37+10:00,7551,Present,65462,"-37.81277324929651, 144.96053110931342"
2026-08-10T20:09:39+10:00,2026-08-10T19:29:45+10:00,7551,Present,65455,"-37.812610857870155, 144.96117435538116"
2026-08-10T20:09:39+10:00,2026-08-10T19:44:21+10:00,7551,Unoccupied,65466,"-37.812808167284715, 144.9604105310459"
2026-08-10T20:09:39+10:00,2026-08-10T19:30:26+10:00,7551,Present,65470,"-37.81287882876853, 144.96016762991417"
2026-08-10T20:09:39+10:00,2026-08-10T19:35:40+10:00,7551,Present,65440,"-37.8124296791756, 144.96170640134977"
2026-08-10T20:09:39+10:00,2026-08-10T18:49:02+10:00,7551,Present,65469,"-37.812901383140584, 144.96017808239003"
2026-08-10T20:09:39+10:00,2026-08-10T20:06:14+10:00,7769,Present,65482,"-37.8125143803328, 144.96112506566388"
2026-08-10T20:09:39+10:00,2026-08-10T19:52:59+10:00,7769,Present,65475,"-37.812356227078595, 144.96166874435323"
2026-08-10T20:09:39+10:00,2026-08-10T19:44:05+10:00,7554,Present,65477,"-37.81239344572087, 144.96154071854704"
2026-08-10T20:09:39+10:00,2026-08-10T20:04:39+10:00,7554,Present,65478,"-37.812412062212346, 144.96147680005419"
2026-08-10T20:09:39+10:00,2025-06-02T17:12:16+10:00,7571,Present,65665,"-37.814234712094375, 144.95550228370277"
2026-08-10T20:09:39+10:00,2025-06-02T17:19:46+10:00,7571,Present,65654,"-37.814020744545346, 144.9562514667447"
2026-08-10T20:09:39+10:00,2025-06-02T18:25:48+10:00,7571,Present,65642,"-37.813880982204026, 144.9567422061005"
2026-08-10T20:09:39+10:00,2025-06-02T18:06:48+10:00,7571,Present,65668,"-37.81425974119931, 144.95541478498689"
2026-08-10T20:09:39+10:00,2025-06-02T16:37:51+10:00,7571,Unoccupied,65649,"-37.81398180514711, 144.95638776477483"
2026-08-10T20:09:39+10:00,2025-06-02T16:06:51+10:00,7571,Present,65656,"-37.81403718207551, 144.95619407317267"
2026-08-10T20:09:39+10:00,2025-06-02T19:11:35+10:00,7571,Unoccupied,65662,"-37.81420996856248, 144.95558927833048"
2026-08-10T20:09:39+10:00,2025-06-02T19:33:12+10:00,7571,Present,65659,"-37.81418512579343, 144.95567630033878"
2026-08-10T20:09:39+10:00,2025-06-02T19:10:52+10:00,7571,Present,65651,"-37.813997615293914, 144.95633234690246"
2026-08-10T20:09:39+10:00,2025-06-02T19:31:32+10:00,7571,Unoccupied,65645,"-37.81392917545562, 144.95657209636693"
2026-08-10T20:09:39+10:00,2025-06-02T11:09:45+10:00,7571,Present,65664,"-37.81422661034884, 144.95553085169536"
2026-08-10T20:09:39+10:00,2025-06-02T18:21:26+10:00,7571,Present,65646,"-37.813937871046825, 144.9565416181002"
2026-08-10T20:09:39+10:00,2025-06-02T19:33:00+10:00,7571,Unoccupied,65653,"-37.814012968403425, 144.95627874662682"
2026-08-10T20:09:39+10:00,2025-06-02T18:28:05+10:00,7575,Present,65613,"-37.813870034237034, 144.95644063354538"
2026-08-10T20:09:39+10:00,2024-08-17T11:36:51+10:00,7571,Unoccupied,65670,"-37.81427626659823, 144.95535685511834"
2026-08-10T20:09:39+10:00,2025-06-02T18:52:59+10:00,7577,Present,65618,"-37.81396103533511, 144.95611995533756"
2026-08-10T20:09:39+10:00,2025-06-02T19:37:09+10:00,7575,Unoccupied,65624,"-37.814125449194, 144.95553953521332"
2026-08-10T20:09:39+10:00,2025-06-02T19:22:01+10:00,7571,Present,65657,"-37.81416846859752, 144.9557347073744"
2026-08-10T20:09:39+10:00,2025-06-02T16:55:59+10:00,7573,Unoccupied,65680,"-37.814026678269734, 144.9565753215258"
2026-08-10T20:09:39+10:00,2025-06-02T18:56:18+10:00,7577,Present,65617,"-37.81394278624609, 144.95618418330082"
2026-08-10T20:09:39+10:00,2025-06-02T18:54:19+10:00,7577,Present,65614,"-37.81388827649823, 144.95637647278778"
2026-08-10T20:09:39+10:00,2026-08-10T19:40:45+10:00,7494,Present,67031,"-37.810055058916575, 144.96202252539234"
2026-08-10T20:09:39+10:00,2026-08-10T19:49:53+10:00,7494,Present,67030,"-37.81003328857567, 144.96209711412814"
2026-08-10T20:09:39+10:00,2026-07-10T07:26:46+10:00,7396,Present,51154,"-37.81139885127908, 144.97016693209457"
2026-08-10T20:09:39+10:00,2026-07-10T16:49:04+10:00,7396,Unoccupied,51153,"-37.811451345267386, 144.97019100455472"
2026-08-10T20:09:39+10:00,2026-08-10T19:14:36+10:00,7350,Present,56526,"-37.81661084349134, 144.9572987456877"
2026-08-10T20:09:39+10:00,2026-08-10T18:33:49+10:00,7350,Unoccupied,56525,"-37.81666192623719, 144.95732189404333"
2026-08-10T20:09:39+10:00,2026-08-10T19:58:11+10:00,7350,Unoccupied,56524,"-37.81671279599158, 144.95734494601334"
2026-08-10T20:09:39+10:00,2026-08-10T17:19:22+10:00,7350,Unoccupied,56527,"-37.816560481489674, 144.95727592397975"
2026-08-10T20:09:39+10:00,2026-08-10T19:52:40+10:00,7362,Present,62338,"-37.817853582833706, 144.9586818933499"
2026-08-10T20:09:39+10:00,2026-08-10T19:59:43+10:00,7362,Unoccupied,62340,"-37.81789028655849, 144.95855355638022"
2026-08-10T20:09:39+10:00,2026-08-10T17:28:40+10:00,7365,Present,62318,"-37.817864926118816, 144.9580733832824"
2026-08-10T20:09:39+10:00,2026-08-10T20:03:55+10:00,7365,Present,62319,"-37.81788692600429, 144.9579967139111"
2026-08-10T20:09:39+10:00,2026-08-10T17:56:08+10:00,7362,Present,62310,"-37.81770986535467, 144.95861470513807"
2026-08-10T20:09:39+10:00,2026-08-10T19:45:06+10:00,7365,Unoccupied,62336,"-37.81781680975926, 144.95881050825827"
2026-08-10T20:09:39+10:00,2026-08-10T20:05:05+10:00,7362,Unoccupied,62342,"-37.817926508618086, 144.9584256244375"
2026-08-10T20:09:39+10:00,2026-08-10T19:41:11+10:00,7362,Present,62343,"-37.817944913409136, 144.9583615479179"
2026-08-10T20:09:39+10:00,2026-03-26T16:38:55+11:00,7362,Unoccupied,62325,"-37.81804341460115, 144.95745016149868"
2026-08-10T20:09:39+10:00,2026-05-03T15:59:49+10:00,7362,Unoccupied,62324,"-37.81802426809904, 144.9575169984426"
2026-08-10T20:09:39+10:00,2026-08-10T20:02:15+10:00,7365,Present,62331,"-37.818155655067564, 144.9570580944841"
2026-08-10T20:09:39+10:00,2026-08-10T19:56:39+10:00,7365,Unoccupied,62350,"-37.81822189133538, 144.9573994699406"
2026-08-10T20:09:39+10:00,2026-08-10T19:59:05+10:00,7362,Present,62326,"-37.8180617830255, 144.95738607145614"
2026-08-10T20:09:39+10:00,2026-08-10T17:16:50+10:00,7365,Unoccupied,62349,"-37.81820345794348, 144.9574635295486"
2026-08-10T20:09:39+10:00,2026-08-10T18:30:31+10:00,7596,Present,54042,"-37.817153217943556, 144.96168967607747"
2026-08-10T20:09:39+10:00,2026-08-10T18:49:55+10:00,7596,Present,54039,"-37.81726439571307, 144.96174051759118"
2026-08-10T20:09:39+10:00,2026-08-10T19:34:18+10:00,,Unoccupied,54062,"-37.81747138402189, 144.9617132756285"
2026-08-10T20:09:39+10:00,2026-08-10T18:48:33+10:00,7623,Unoccupied,54063,"-37.81739977191179, 144.9616806797212"
2026-08-10T20:09:39+10:00,2026-08-10T20:02:15+10:00,7593,Unoccupied,53945,"-37.818545919460334, 144.96220366659048"
2026-08-10T20:09:39+10:00,2026-08-10T19:30:56+10:00,7592,Present,53936,"-37.81819258211774, 144.96216597602785"
2026-08-10T20:09:39+10:00,2026-08-10T19:28:22+10:00,7592,Unoccupied,53935,"-37.818214172168936, 144.96217590301762"
2026-08-10T20:09:39+10:00,2026-08-10T16:18:43+10:00,7592,Present,53933,"-37.818290669208764, 144.9622111183468"
2026-08-10T20:09:39+10:00,2026-08-10T18:37:35+10:00,7593,Present,53946,"-37.8184925684276, 144.96217929229044"
2026-08-10T20:09:39+10:00,2026-05-27T07:57:26+10:00,7592,Present,53924,"-37.81851949643807, 144.96231585094733"
2026-08-10T20:09:39+10:00,2026-02-23T06:33:05+11:00,7592,Unoccupied,53930,"-37.81835552311773, 144.96224079538567"
2026-08-10T20:09:39+10:00,2026-08-10T20:00:42+10:00,7592,Unoccupied,53925,"-37.81849790257002, 144.9623059616652"
2026-08-10T20:09:39+10:00,2026-08-10T20:07:00+10:00,7592,Present,53929,"-37.81837717908482, 144.96225070506367"
2026-08-10T20:09:39+10:00,2026-08-10T19:52:09+10:00,7592,Present,53941,"-37.81805192407127, 144.96210144126218"
2026-08-10T20:09:39+10:00,2024-07-09T10:33:17+10:00,7697,Unoccupied,53916,"-37.81828183759697, 144.96233178064836"
2026-08-10T20:09:39+10:00,2026-08-10T20:01:42+10:00,7537,Present,63325,"-37.81776383162773, 144.95465611766363"
2026-08-10T20:09:39+10:00,2026-08-10T18:40:54+10:00,7537,Present,63346,"-37.817726326577485, 144.95508703692184"
2026-08-10T20:09:39+10:00,2026-08-10T19:39:47+10:00,7537,Present,63347,"-37.81774479847577, 144.95502301361205"
2026-08-10T20:09:39+10:00,2026-08-10T19:40:45+10:00,,Present,63362,"-37.81801771286172, 144.9540732925061"
2026-08-10T20:09:39+10:00,2026-08-10T19:18:03+10:00,7537,Present,63338,"-37.81756615469635, 144.95564220227078"
2026-08-10T20:09:39+10:00,2026-08-10T19:25:42+10:00,7506,Present,63329,"-37.817838584407546, 144.95439371623473"
2026-08-10T20:09:39+10:00,2026-08-10T19:04:36+10:00,7537,Present,63340,"-37.81760931195645, 144.95549253042145"
2026-08-10T20:09:39+10:00,2026-08-10T19:21:39+10:00,7506,Present,63311,"-37.817473566816275, 144.95562565210741"
2026-08-10T20:09:39+10:00,2026-08-10T18:20:41+10:00,7537,Present,63312,"-37.81749251773816, 144.9555587965791"
2026-08-10T20:09:39+10:00,2026-08-10T18:22:17+10:00,,Unoccupied,54246,"-37.81575290778576, 144.96092019720967"
2026-08-10T20:09:39+10:00,2026-08-10T18:44:30+10:00,7595,Present,54137,"-37.81620148978103, 144.9612509733749"
2026-08-10T20:09:39+10:00,2026-08-10T18:11:32+10:00,7595,Present,54131,"-37.81638083670083, 144.96133357329992"
2026-08-10T20:09:39+10:00,2026-08-10T17:52:44+10:00,7595,Present,54127,"-37.81646902222484, 144.96137412435405"
2026-08-10T20:09:39+10:00,2026-08-10T16:48:39+10:00,7595,Present,54136,"-37.816222013135885, 144.9612603661194"
2026-08-10T20:09:39+10:00,2026-08-10T18:14:02+10:00,7595,Present,54128,"-37.81644532875866, 144.96136320796893"
2026-08-10T20:09:39+10:00,2026-08-10T19:20:14+10:00,7595,Present,54129,"-37.81642290390768, 144.961352876317"
2026-08-10T20:09:39+10:00,2026-08-10T18:09:09+10:00,7594,Present,54336,"-37.814210792106685, 144.96033506784264"
2026-08-10T20:09:39+10:00,2026-08-10T19:55:46+10:00,7594,Unoccupied,54332,"-37.814328715458686, 144.96038922625524"
2026-08-10T20:09:39+10:00,2026-08-10T19:30:56+10:00,7594,Present,54327,"-37.81447282233057, 144.96045538529688"
2026-08-10T20:09:39+10:00,2026-08-10T19:50:35+10:00,7594,Present,54325,"-37.81454468905473, 144.96048836532592"
2026-08-10T20:09:39+10:00,2026-08-10T18:26:11+10:00,7605,Present,54437,"-37.81350134783469, 144.96001037293254"
2026-08-10T20:09:39+10:00,2026-08-10T19:58:25+10:00,7605,Unoccupied,54438,"-37.81345367784088, 144.95998830553933"
2026-08-10T20:09:39+10:00,2026-08-10T19:44:07+10:00,7605,Present,54440,"-37.813404427503556, 144.95996538116052"
2026-08-10T20:09:39+10:00,2026-08-10T16:29:59+10:00,7605,Present,54426,"-37.813801397138754, 144.96014887269413"
2026-08-10T20:09:39+10:00,2026-08-10T20:05:49+10:00,7605,Present,54428,"-37.81375494723994, 144.96012743587585"
2026-08-10T20:09:39+10:00,2026-08-10T18:57:25+10:00,7690,Present,54319,"-37.81425695347065, 144.96048296946535"
2026-08-10T20:09:39+10:00,2026-08-10T18:56:03+10:00,7689,Unoccupied,54315,"-37.81447827015902, 144.96058384615935"
2026-08-10T20:09:39+10:00,2026-08-10T19:39:04+10:00,7614,Present,54614,"-37.811623820356985, 144.9592852054477"
2026-08-10T20:09:39+10:00,2026-08-10T18:42:37+10:00,7614,Present,54632,"-37.81162774178004, 144.95916301285726"
2026-08-10T20:09:39+10:00,2026-08-10T20:06:35+10:00,7614,Present,54626,"-37.81181879391245, 144.95924947268915"
2026-08-10T20:09:39+10:00,2026-08-10T15:25:36+10:00,7615,Present,54616,"-37.81146223273343, 144.95921219090556"
2026-08-10T20:09:39+10:00,2026-08-10T18:54:07+10:00,7614,Present,54613,"-37.81167472562713, 144.959308159317"
2026-08-10T20:09:39+10:00,2026-08-10T17:50:20+10:00,7614,Present,54612,"-37.811721368889195, 144.9593292078535"
2026-08-10T20:09:39+10:00,2026-08-10T19:40:50+10:00,7610,Present,54528,"-37.81250939595852, 144.95956263327517"
2026-08-10T20:09:39+10:00,2026-08-10T18:39:30+10:00,7610,Present,54530,"-37.81246195088824, 144.95954099972948"
2026-08-10T20:09:39+10:00,2026-08-10T18:25:43+10:00,7610,Present,54532,"-37.81241492953408, 144.95951955900733"
2026-08-10T20:09:39+10:00,2026-08-10T19:40:00+10:00,7610,Present,54526,"-37.81258048909115, 144.95959504877584"
2026-08-10T20:09:39+10:00,2026-08-10T19:36:43+10:00,7486,Unoccupied,56921,"-37.817165652111996, 144.95596083973658"
2026-08-10T20:09:39+10:00,2026-08-10T20:02:59+10:00,7486,Present,56917,"-37.81670795860967, 144.95600070841164"
2026-08-10T20:09:39+10:00,2026-08-10T15:28:50+10:00,7487,Unoccupied,56826,"-37.81777764560837, 144.95624079241747"
2026-08-10T20:09:39+10:00,2026-08-10T17:58:08+10:00,7612,Unoccupied,54415,"-37.81360543140286, 144.96018465655163"
2026-08-10T20:09:39+10:00,2026-08-10T19:44:55+10:00,7642,Unoccupied,58210,"-37.81637336452581, 144.95304491722038"
2026-08-10T20:09:39+10:00,2026-08-10T19:50:55+10:00,,Unoccupied,58220,"-37.81686881806347, 144.95299085169762"
2026-08-10T20:09:39+10:00,2026-08-10T18:26:17+10:00,7522,Present,64732,"-37.8141251853708, 144.959856656039"
2026-08-10T20:09:39+10:00,2026-08-10T19:46:31+10:00,7522,Present,64731,"-37.81410625753465, 144.95992239163894"
2026-08-10T20:09:39+10:00,2026-08-10T20:01:34+10:00,7503,Unoccupied,67215,"-37.81122572685261, 144.95801049557127"
2026-08-10T20:09:39+10:00,2026-08-10T18:15:51+10:00,,Present,55320,"-37.81098643400793, 144.95740998831684"
2026-08-10T20:09:39+10:00,2026-08-10T13:44:43+10:00,,Unoccupied,55312,"-37.811217428616224, 144.95751584091101"
2026-08-10T20:09:39+10:00,2026-08-10T19:27:22+10:00,7706,Unoccupied,55334,"-37.81116922064068, 144.9573553618559"
2026-08-10T20:09:39+10:00,2026-08-10T19:11:00+10:00,7498,Unoccupied,67326,"-37.812158215706766, 144.95475730293532"
2026-08-10T20:09:39+10:00,2026-08-10T19:22:12+10:00,7949,Unoccupied,67333,"-37.81228549676049, 144.95430806306481"
2026-08-10T20:09:39+10:00,2026-08-10T18:30:36+10:00,7498,Present,67327,"-37.812176491552606, 144.95469308791021"
2026-08-10T20:09:39+10:00,2026-07-06T23:20:21+10:00,7949,Unoccupied,67320,"-37.812049316634926, 144.95514235277852"
2026-08-10T20:09:39+10:00,2026-08-10T18:59:07+10:00,7498,Present,67321,"-37.812067484590926, 144.95507817748899"
2026-08-10T20:09:39+10:00,2026-08-10T18:57:31+10:00,7498,Present,67325,"-37.812140156035866, 144.95482142738666"
2026-08-10T20:09:39+10:00,2026-08-10T18:49:13+10:00,7624,Present,57312,"-37.813084415600954, 144.95433133187694"
2026-08-10T20:09:39+10:00,2026-08-10T19:53:17+10:00,7624,Present,57322,"-37.8132780593661, 144.95417047263896"
2026-08-10T20:09:39+10:00,2026-08-10T19:53:50+10:00,7624,Unoccupied,57328,"-37.81290728670532, 144.95399781103544"
2026-08-10T20:09:39+10:00,2026-08-10T19:07:45+10:00,7624,Present,57315,"-37.812932272699, 144.95426075965474"
2026-08-10T20:09:39+10:00,2025-07-26T00:49:53+10:00,7624,Unoccupied,57324,"-37.81317747175305, 144.95412368885098"
2026-08-10T20:09:39+10:00,2026-08-10T19:53:07+10:00,7624,Unoccupied,57323,"-37.813227555464834, 144.9541469786064"
2026-08-10T20:09:39+10:00,2026-08-10T18:56:39+10:00,7624,Present,57316,"-37.81288172779094, 144.9542372010444"
2026-08-10T20:09:39+10:00,2026-08-10T20:05:29+10:00,7576,Present,57330,"-37.81280728602657, 144.95395122511678"
2026-08-10T20:09:39+10:00,2026-08-10T20:05:42+10:00,7621,Present,57224,"-37.81406297897234, 144.95453295225116"
2026-08-10T20:09:39+10:00,2025-09-01T18:25:07+10:00,7621,Unoccupied,57229,"-37.81377979278942, 144.9544014382596"
2026-08-10T20:09:39+10:00,2026-08-09T05:00:05+10:00,7621,Unoccupied,57219,"-37.813608282893725, 144.95457531697951"
2026-08-10T20:09:39+10:00,2026-08-10T16:13:06+10:00,7622,Unoccupied,57223,"-37.81411697127494, 144.95455802761114"
2026-08-10T20:09:39+10:00,2026-08-10T13:14:27+10:00,7621,Present,57225,"-37.814009141040444, 144.9545079010345"
2026-08-10T20:09:39+10:00,2026-08-10T18:46:41+10:00,7542,Present,66327,"-37.8124696116317, 144.95771505596818"
2026-08-10T20:09:39+10:00,2026-08-10T19:45:48+10:00,7542,Present,66330,"-37.81252513967289, 144.95752304014775"
2026-08-10T20:09:39+10:00,2026-08-10T19:23:21+10:00,7545,Present,66334,"-37.81260649837752, 144.95724229884294"
2026-08-10T20:09:39+10:00,2026-08-10T17:47:48+10:00,7542,Present,66329,"-37.812506622098226, 144.95758705677792"
2026-08-10T20:09:39+10:00,2026-08-10T19:49:38+10:00,7542,Present,66328,"-37.81248812891107, 144.95765108109012"
2026-08-10T20:09:39+10:00,2026-08-10T19:59:45+10:00,7545,Present,66320,"-37.81231832959678, 144.95823854750626"
2026-08-10T20:09:39+10:00,2026-08-10T15:10:13+10:00,7474,Unoccupied,56714,"-37.81890677230972, 144.95700903480093"
2026-08-10T20:09:39+10:00,2026-03-16T19:49:27+11:00,7478,Unoccupied,56612,"-37.81989098642812, 144.95746372599973"
2026-08-10T20:09:39+10:00,2026-08-10T13:56:57+10:00,7474,Unoccupied,56716,"-37.818803825989605, 144.95696170533336"
2026-08-10T20:09:39+10:00,2026-08-10T19:11:06+10:00,7474,Unoccupied,56713,"-37.8189578188653, 144.95703274251778"
2026-08-10T20:09:39+10:00,2026-03-16T19:54:19+11:00,7478,Present,56613,"-37.819837521751, 144.9574391579276"
2026-08-10T20:09:39+10:00,2026-03-16T19:50:16+11:00,7479,Present,56617,"-37.81960202890161, 144.95733045913215"
2026-08-10T20:09:39+10:00,2026-08-10T20:05:21+10:00,7474,Unoccupied,56710,"-37.819103666167436, 144.95710014091696"
2026-08-10T20:09:39+10:00,2026-08-10T19:10:55+10:00,7474,Unoccupied,56712,"-37.81900897971533, 144.95705640295333"
2026-08-10T20:09:39+10:00,2026-08-10T18:42:51+10:00,7474,Unoccupied,56728,"-37.81891669811691, 144.9567655013813"
2026-08-10T20:09:39+10:00,2026-08-10T19:38:00+10:00,7474,Unoccupied,56711,"-37.819058968305484, 144.95707939795471"
2026-08-10T20:09:39+10:00,2026-02-26T11:40:08+11:00,7631,Unoccupied,51620,"-37.815859655649945, 144.96962898624355"
2026-08-10T20:09:39+10:00,2026-08-10T16:52:09+10:00,7791,Present,56433,"-37.81578766756775, 144.95658529705315"
2026-08-10T20:09:39+10:00,2026-08-10T19:51:01+10:00,7791,Unoccupied,56437,"-37.81557470860068, 144.95648855153684"
2026-08-10T20:09:39+10:00,2026-08-10T18:59:26+10:00,7792,Present,58014,"-37.817612595187065, 144.95413131088787"
2026-08-10T20:09:39+10:00,2026-07-08T06:27:34+10:00,,Unoccupied,53212,"-37.8128034114651, 144.96260106022964"
2026-08-10T20:09:39+10:00,2026-07-08T08:03:40+10:00,7389,Unoccupied,53213,"-37.81275142099511, 144.96257714313825"
2026-08-10T20:09:39+10:00,2026-08-10T15:54:30+10:00,,Unoccupied,55520,"-37.81850443961544, 144.95941275000223"
2026-08-10T20:09:39+10:00,2026-08-10T19:59:48+10:00,7695,Present,55523,"-37.81833041275837, 144.95933285947388"
2026-08-10T20:09:39+10:00,2024-12-01T11:24:35+11:00,7939,Unoccupied,57649,"-37.80969112401428, 144.95248077053498"
2026-08-10T20:09:39+10:00,2026-08-09T19:57:23+10:00,7939,Unoccupied,57642,"-37.81004057439919, 144.95266502921604"
2026-08-10T20:09:39+10:00,2024-12-01T19:49:53+11:00,7939,Unoccupied,57648,"-37.809740995100576, 144.95250721026474"
2026-08-10T20:09:39+10:00,2025-02-06T19:11:33+11:00,7939,Unoccupied,57646,"-37.80984075270797, 144.95256009473428"
2026-08-10T20:09:39+10:00,2026-08-10T18:13:44+10:00,7556,Present,65144,"-37.81040414771823, 144.9686739588431"
2026-08-10T20:09:39+10:00,2026-08-10T18:39:48+10:00,7556,Present,65148,"-37.810438278379074, 144.9685565319365"
2026-08-10T20:09:39+10:00,2026-08-10T20:00:16+10:00,7190,Unoccupied,62026,"-37.815917908746655, 144.96480985287215"
2026-08-10T20:09:39+10:00,2026-08-10T19:31:39+10:00,7518,Unoccupied,64841,"-37.81505777737036, 144.95659648961006"
2026-08-10T20:09:39+10:00,2026-08-10T20:07:10+10:00,7521,Present,64813,"-37.81481581541591, 144.95726228000257"
2026-08-10T20:09:39+10:00,2026-08-10T17:06:49+10:00,7518,Unoccupied,64840,"-37.8150409732643, 144.95665525301268"
2026-08-10T20:09:39+10:00,2026-08-10T19:19:09+10:00,7518,Unoccupied,64815,"-37.81490258380267, 144.9569618884143"
2026-08-10T20:09:39+10:00,2026-08-10T18:36:57+10:00,7518,Present,64833,"-37.81485745482472, 144.9573007619203"
2026-08-10T20:09:39+10:00,2025-06-25T21:32:52+10:00,7332,Unoccupied,63846,"-37.81460754807955, 144.96222240837466"
2026-08-10T20:09:39+10:00,2026-08-10T15:29:23+10:00,7332,Unoccupied,63826,"-37.814684887990325, 144.96138791987158"
2026-08-10T20:09:39+10:00,2026-08-10T14:27:15+10:00,7333,Unoccupied,63812,"-37.81435559115545, 144.96251832721686"
2026-08-10T20:09:39+10:00,2025-08-24T21:26:15+10:00,7333,Unoccupied,63865,"-37.81473102012208, 144.96179854037837"
2026-08-10T20:09:39+10:00,2026-08-10T13:57:15+10:00,7332,Unoccupied,63816,"-37.81443331383693, 144.96225324682578"
2026-08-10T20:09:39+10:00,2026-08-10T17:44:16+10:00,7332,Unoccupied,63823,"-37.814627007941816, 144.96158467446236"
2026-08-10T20:09:39+10:00,2026-08-04T08:09:12+10:00,7445,Present,62521,"-37.818116244314595, 144.95536764314056"
2026-08-10T20:09:39+10:00,2026-08-10T19:16:31+10:00,7445,Present,62551,"-37.81816130253303, 144.95538467695894"
2026-08-10T20:09:39+10:00,2026-08-06T13:50:30+10:00,7445,Unoccupied,62547,"-37.8180907276962, 144.95563084395363"
2026-08-10T20:09:39+10:00,2026-08-04T07:34:06+10:00,7445,Present,62510,"-37.81790160865973, 144.95611185048253"
2026-08-10T20:09:39+10:00,2026-08-10T17:04:30+10:00,7441,Present,62537,"-37.81841197645817, 144.95434141266247"
2026-08-10T20:09:39+10:00,2026-08-10T18:17:18+10:00,7378,Unoccupied,53024,"-37.814871452743134, 144.96334097108542"
2026-08-10T20:09:39+10:00,2026-08-10T19:28:12+10:00,,Unoccupied,53027,"-37.81471690949648, 144.9632570396192"
2026-08-10T20:09:39+10:00,2026-08-10T18:44:25+10:00,7378,Present,53012,"-37.81475803880463, 144.96349697050908"
2026-08-10T20:09:39+10:00,2026-08-10T19:40:40+10:00,7378,Unoccupied,53013,"-37.81470342281746, 144.9634719465107"
2026-08-10T20:09:39+10:00,2026-08-05T21:36:04+10:00,7378,Unoccupied,53014,"-37.81464880680589, 144.96344692311433"
2026-08-10T20:09:39+10:00,2026-08-10T19:03:27+10:00,7378,Unoccupied,53015,"-37.8145941908092, 144.96342189861687"
2026-08-10T20:09:39+10:00,2026-08-10T14:47:04+10:00,,Present,62117,"-37.81657656050122, 144.96253769421514"
2026-08-10T20:09:39+10:00,2026-08-10T19:31:02+10:00,7351,Present,62137,"-37.81667927750145, 144.96273674026446"
2026-08-10T20:09:39+10:00,2026-08-10T20:03:56+10:00,7349,Present,62111,"-37.81646147119647, 144.96293433342612"
2026-08-10T20:09:39+10:00,2026-08-10T20:04:26+10:00,7351,Present,62138,"-37.81669693683048, 144.96267593705963"
2026-08-10T20:09:39+10:00,2026-08-10T18:55:28+10:00,7351,Present,62122,"-37.81666881842558, 144.96221948397832"
2026-08-10T20:09:39+10:00,2026-08-10T19:56:05+10:00,7351,Unoccupied,62124,"-37.81670579554549, 144.96209156690483"
2026-08-10T20:09:39+10:00,2026-08-10T19:43:19+10:00,7349,Present,62133,"-37.816598220803016, 144.96301679015704"
2026-08-10T20:09:39+10:00,2026-08-10T19:24:08+10:00,7351,Unoccupied,62116,"-37.81655524620273, 144.96261104055367"
2026-08-10T20:09:39+10:00,2024-06-28T13:09:40+10:00,7351,Unoccupied,62139,"-37.816719714291295, 144.9625969082785"
2026-08-10T20:09:39+10:00,2026-08-10T19:57:37+10:00,7351,Unoccupied,62141,"-37.81675572619695, 144.96247203224343"
2026-08-10T20:09:39+10:00,2026-08-10T18:13:24+10:00,7349,Unoccupied,62146,"-37.81685390866139, 144.96213274497123"
2026-08-10T20:09:39+10:00,2026-03-19T12:53:57+11:00,7471,Present,57019,"-37.81560534512234, 144.95549651095433"
2026-08-10T20:09:39+10:00,2026-03-19T12:29:52+11:00,7471,Unoccupied,57013,"-37.815909806331256, 144.95563664135636"
2026-08-10T20:09:39+10:00,2026-03-19T10:49:32+11:00,7471,Present,57030,"-37.81578064772556, 144.95532714113477"
2026-08-10T20:09:39+10:00,2026-03-19T12:48:28+11:00,7471,Present,57012,"-37.81596018806684, 144.95565982067578"
2026-08-10T20:09:39+10:00,2026-03-19T12:32:05+11:00,7471,Present,57020,"-37.815554568193065, 144.95547317999117"
2026-08-10T20:09:39+10:00,2026-03-19T12:31:43+11:00,7471,Present,57025,"-37.816045100832575, 144.95544851963635"
2026-08-10T20:09:39+10:00,2026-03-19T12:04:32+11:00,7471,Present,57014,"-37.81585903714229, 144.95561327021966"
2026-08-10T20:09:39+10:00,2025-07-30T03:17:01+10:00,7481,Unoccupied,57127,"-37.814986198417955, 144.95496186692895"
2026-08-10T20:09:39+10:00,2026-08-10T19:01:38+10:00,7481,Present,57126,"-37.815038653972195, 144.9549860746617"
2026-08-10T20:09:39+10:00,2026-08-10T19:58:26+10:00,7482,Present,57129,"-37.81488594008849, 144.95491561914253"
2026-08-10T20:09:39+10:00,2026-08-10T19:30:19+10:00,7225,Present,58526,"-37.81473983495023, 144.95203972426518"
2026-08-10T20:09:39+10:00,2026-08-10T20:01:19+10:00,7225,Unoccupied,58531,"-37.814487933840056, 144.95192238039846"
2026-08-10T20:09:39+10:00,2026-08-10T19:52:24+10:00,7216,Unoccupied,58520,"-37.813839452078994, 144.9518804236734"
2026-08-10T20:09:39+10:00,2026-05-30T17:15:31+10:00,7216,Unoccupied,58525,"-37.81341183347276, 144.9516801340033"
2026-08-10T20:09:39+10:00,2026-08-10T19:43:34+10:00,7972,Unoccupied,58815,"-37.8104657618022, 144.9503013431448"
2026-08-10T20:09:39+10:00,2026-08-10T19:34:09+10:00,7967,Unoccupied,58818,"-37.81031759374959, 144.9502212317833"
2026-08-10T20:09:39+10:00,2026-08-10T06:58:10+10:00,7972,Present,58813,"-37.81065535834464, 144.95039796033495"
2026-08-10T20:09:39+10:00,2026-08-10T18:40:56+10:00,7972,Unoccupied,58812,"-37.810706637188574, 144.9504216657229"
2026-08-10T20:09:39+10:00,2026-08-10T15:26:56+10:00,7972,Present,58825,"-37.810750624545264, 144.95018918964553"
2026-08-10T20:09:39+10:00,2026-08-10T19:12:45+10:00,7971,Present,58739,"-37.81162050304946, 144.95059616473083"
2026-08-10T20:09:39+10:00,2026-08-10T19:32:33+10:00,7971,Unoccupied,58738,"-37.811671195302225, 144.95061958375936"
2026-08-10T20:09:39+10:00,2026-08-10T19:43:39+10:00,7969,Unoccupied,58737,"-37.81172941874543, 144.9506464582111"
2026-08-10T20:09:39+10:00,2026-08-10T18:09:16+10:00,7971,Present,58721,"-37.81133837637218, 144.95071433240122"
2026-08-10T20:09:39+10:00,2026-08-10T19:27:59+10:00,7971,Present,58720,"-37.81138920675039, 144.9507375970107"
2026-08-10T20:09:39+10:00,2026-08-10T19:26:32+10:00,7971,Present,58717,"-37.81154378584908, 144.95080834382765"
2026-08-10T20:09:39+10:00,2026-08-10T19:33:56+10:00,7970,Unoccupied,58616,"-37.81245201244416, 144.95122900019828"
2026-08-10T20:09:39+10:00,2026-08-02T20:54:53+10:00,7968,Unoccupied,58634,"-37.812360122486595, 144.9509376617844"
2026-08-10T20:09:39+10:00,2026-08-10T19:37:02+10:00,7970,Unoccupied,58615,"-37.812504849037005, 144.95125351736402"
2026-08-10T20:09:39+10:00,2026-08-10T18:15:30+10:00,7969,Present,58715,"-37.811657309939974, 144.9508602387899"
2026-08-10T20:09:39+10:00,2026-08-10T19:14:55+10:00,7969,Unoccupied,58714,"-37.811732355619796, 144.95089456481912"
2026-08-10T20:09:39+10:00,2026-08-10T18:59:35+10:00,7969,Unoccupied,58736,"-37.81179502670197, 144.95067673465815"
2026-08-10T20:09:39+10:00,2026-07-28T21:13:29+10:00,7131,Unoccupied,69324,"-37.80717587862799, 144.96681932640377"
2026-08-10T20:09:39+10:00,2026-08-10T15:05:17+10:00,7127,Unoccupied,69312,"-37.8069962027009, 144.96691611433826"
2026-08-10T20:09:39+10:00,2025-03-22T17:46:31+11:00,7128,Unoccupied,69217,"-37.807096235084146, 144.9678686068857"
2026-08-10T20:09:39+10:00,2025-11-11T17:17:20+11:00,7127,Unoccupied,69310,"-37.80701294929344, 144.96706929150147"
2026-08-10T20:09:39+10:00,2026-08-10T19:07:11+10:00,7128,Unoccupied,69220,"-37.80707449154013, 144.9676636499015"
2026-08-10T20:09:39+10:00,2026-08-10T13:41:44+10:00,7131,Unoccupied,69330,"-37.80713080418768, 144.96638779987785"
2026-08-10T20:09:39+10:00,2026-08-10T19:34:13+10:00,7128,Present,69211,"-37.8071480255949, 144.9683577062122"
2026-08-10T20:09:39+10:00,2026-08-10T17:51:51+10:00,7133,Unoccupied,69216,"-37.80710333410515, 144.9679372419058"
2026-08-10T20:09:39+10:00,2026-08-10T17:42:38+10:00,7127,Unoccupied,69311,"-37.80700440548004, 144.9669911632932"
2026-08-10T20:09:39+10:00,2026-08-10T18:14:48+10:00,7127,Unoccupied,69318,"-37.80693520119593, 144.96636265839393"
2026-08-10T20:09:39+10:00,2026-08-10T15:00:21+10:00,7128,Unoccupied,69218,"-37.807088828884204, 144.96779910094585"
2026-08-10T20:09:39+10:00,2026-08-10T14:27:05+10:00,7943,Unoccupied,57423,"-37.811477515603755, 144.95358449914875"
2026-08-10T20:09:39+10:00,2026-08-10T13:13:02+10:00,7943,Unoccupied,57421,"-37.8115774866339, 144.95363106999156"
2026-08-10T20:09:39+10:00,2026-08-10T14:09:21+10:00,7943,Unoccupied,57419,"-37.81167543206894, 144.9536766967632"
2026-08-10T20:09:39+10:00,2026-08-10T18:28:08+10:00,7943,Unoccupied,57418,"-37.81172447088666, 144.95369954098572"
2026-08-10T20:09:39+10:00,2026-08-07T17:39:10+10:00,7943,Unoccupied,57414,"-37.81192160381077, 144.9537913825698"
2026-08-10T20:09:39+10:00,2026-08-10T18:08:08+10:00,7943,Unoccupied,57411,"-37.812067918529735, 144.95385955058168"
2026-08-10T20:09:39+10:00,2026-08-10T20:06:33+10:00,7943,Present,57442,"-37.811761846147895, 144.95347166822899"
2026-08-10T20:09:39+10:00,2026-08-10T18:45:54+10:00,7944,Unoccupied,57552,"-37.81059402371352, 144.95292720894702"
2026-08-10T20:09:39+10:00,2026-08-10T17:29:31+10:00,7944,Unoccupied,57551,"-37.810645144266545, 144.95295105754752"
2026-08-10T20:09:39+10:00,2026-08-10T17:33:43+10:00,7944,Unoccupied,57550,"-37.81069585051418, 144.95297470995274"
2026-08-10T20:09:39+10:00,2026-08-10T15:52:25+10:00,7944,Unoccupied,57546,"-37.81092060726728, 144.95307956662285"
2026-08-10T20:09:39+10:00,2026-08-10T17:28:52+10:00,7944,Unoccupied,57545,"-37.810973841057006, 144.95310440098274"
2026-08-10T20:09:39+10:00,2026-08-10T15:53:15+10:00,7944,Unoccupied,57544,"-37.81103045326442, 144.95313081234775"
2026-08-10T20:09:39+10:00,2026-08-10T16:55:45+10:00,7944,Unoccupied,57543,"-37.81110016387399, 144.95316333041978"
2026-08-10T20:09:39+10:00,2026-08-10T20:04:54+10:00,7944,Present,57540,"-37.81124846039165, 144.95323249538689"
2026-08-10T20:09:39+10:00,2026-08-10T17:30:30+10:00,7944,Unoccupied,57547,"-37.81086695235709, 144.95305453499853"
2026-08-10T20:09:39+10:00,2025-12-31T11:48:28+11:00,7942,Unoccupied,57515,"-37.81094098088419, 144.95333885019892"
2026-08-10T20:09:39+10:00,2026-08-10T19:15:15+10:00,7943,Unoccupied,57443,"-37.81171114314557, 144.95344803858922"
2026-08-10T20:09:39+10:00,2026-08-10T20:01:01+10:00,,Present,68966,"-37.80981477000621, 144.9510321494567"
2026-08-10T20:09:39+10:00,2026-08-10T19:16:43+10:00,,Present,68967,"-37.80984789813476, 144.9509451142494"
2026-08-10T20:09:39+10:00,2026-06-11T20:13:47+10:00,7632,Unoccupied,52514,"-37.80734792841822, 144.96592234841233"
2026-08-10T20:09:39+10:00,2026-08-10T18:43:11+10:00,7632,Present,52510,"-37.80755927558352, 144.96589502688994"
2026-08-10T20:09:39+10:00,2026-08-10T17:25:06+10:00,,Unoccupied,52415,"-37.80834534180665, 144.9661812663059"
2026-08-10T20:09:39+10:00,2026-08-10T19:01:07+10:00,7641,Unoccupied,52418,"-37.80815455210862, 144.96609456994256"
2026-08-10T20:09:39+10:00,2026-08-08T22:56:21+10:00,,Present,52414,"-37.80839587067051, 144.96620519711945"
2026-08-10T20:09:39+10:00,2026-08-10T19:40:35+10:00,7580,Unoccupied,67641,"-37.80769687679408, 144.96634892953034"
2026-08-10T20:09:39+10:00,2025-06-05T16:52:56+10:00,7580,Unoccupied,67645,"-37.807757297575435, 144.96614381331216"
2026-08-10T20:09:39+10:00,2026-08-10T18:33:56+10:00,7580,Present,67635,"-37.80756927311672, 144.96678236494336"
2026-08-10T20:09:39+10:00,2026-08-10T19:14:57+10:00,7565,Unoccupied,67626,"-37.80741833505917, 144.96733183153017"
2026-08-10T20:09:39+10:00,2026-08-10T19:49:51+10:00,7408,Present,51529,"-37.807663692517316, 144.96842219213687"
2026-08-10T20:09:39+10:00,2026-08-10T18:49:18+10:00,7408,Unoccupied,51516,"-37.80758664870299, 144.96851412334735"
2026-08-10T20:09:39+10:00,2026-08-10T19:52:28+10:00,7601,Unoccupied,54914,"-37.80842170742177, 144.9580072919543"
2026-08-10T20:09:39+10:00,2026-08-10T19:05:15+10:00,,Unoccupied,54918,"-37.808198129634306, 144.95804690506944"
2026-08-10T20:09:39+10:00,2026-08-10T20:01:07+10:00,,Present,54916,"-37.80831229547663, 144.9580268946663"
2026-08-10T20:09:39+10:00,2026-08-10T19:45:13+10:00,7932,Unoccupied,68825,"-37.80893103947611, 144.95319748508874"
2026-08-10T20:09:39+10:00,2026-08-10T20:05:17+10:00,7932,Present,68824,"-37.808911802349115, 144.9532646395196"
2026-08-10T20:09:39+10:00,2026-08-10T19:57:31+10:00,7932,Unoccupied,68822,"-37.80887173965044, 144.9534035991286"
2026-08-10T20:09:39+10:00,2026-08-10T19:47:30+10:00,7932,Present,68818,"-37.808793103891844, 144.95367725925206"
2026-08-10T20:09:39+10:00,2026-08-10T16:36:34+10:00,7932,Unoccupied,68811,"-37.80857594945181, 144.95442898948892"
2026-08-10T20:09:39+10:00,2026-08-10T19:53:41+10:00,7932,Unoccupied,68848,"-37.80892288198219, 144.95374908712265"
2026-08-10T20:09:39+10:00,2026-08-10T15:55:12+10:00,7932,Unoccupied,68850,"-37.80896248149409, 144.95361135919103"
2026-08-10T20:09:39+10:00,2026-08-10T18:45:10+10:00,7932,Unoccupied,68852,"-37.809001538302596, 144.95347552259847"
2026-08-10T20:09:39+10:00,2026-08-10T11:34:18+10:00,7932,Unoccupied,68855,"-37.809060628981456, 144.9532700027938"
2026-08-10T20:09:39+10:00,2026-08-10T10:13:32+10:00,7932,Unoccupied,68853,"-37.809020806754795, 144.9534085038718"
2026-08-10T20:09:39+10:00,2026-08-10T20:06:22+10:00,7932,Unoccupied,68823,"-37.808891740032074, 144.95333462655498"
2026-08-10T20:09:39+10:00,2026-08-10T13:19:09+10:00,7687,Unoccupied,69124,"-37.8072645408984, 144.96942572472545"
2026-08-10T20:09:39+10:00,2026-08-10T14:42:47+10:00,7687,Unoccupied,69120,"-37.80729370537417, 144.96969577069743"
2026-08-10T20:09:39+10:00,2026-08-10T18:53:38+10:00,7691,Unoccupied,69141,"-37.80743639329153, 144.96929399557268"
2026-08-10T20:09:39+10:00,2026-08-10T15:19:54+10:00,7687,Unoccupied,69117,"-37.8073155226852, 144.9698982802578"
2026-08-10T20:09:39+10:00,2026-08-09T12:35:06+10:00,7687,Unoccupied,69119,"-37.807300983250755, 144.96976327326018"
2026-08-10T20:09:39+10:00,2026-08-10T19:47:53+10:00,7691,Unoccupied,69142,"-37.807429444159894, 144.96922830833918"
2026-08-10T20:09:39+10:00,2026-08-10T15:19:55+10:00,7687,Unoccupied,69122,"-37.807279150436145, 144.96956076395168"
2026-08-10T20:09:39+10:00,2026-08-10T18:53:42+10:00,7691,Unoccupied,69140,"-37.807444054926464, 144.96936658844623"
2026-08-10T20:09:39+10:00,2026-08-09T14:44:10+10:00,7691,Unoccupied,69132,"-37.80749926597417, 144.9698894450831"
2026-08-10T20:09:39+10:00,2026-08-10T17:17:45+10:00,7687,Unoccupied,69110,"-37.80736646064157, 144.97037065496198"
2026-08-10T20:09:39+10:00,2026-08-10T11:31:13+10:00,7687,Unoccupied,69118,"-37.807308254783756, 144.9698307763812"
2026-08-10T20:09:39+10:00,2026-08-10T19:39:27+10:00,7136,Unoccupied,69517,"-37.80662196712045, 144.96351296698742"
2026-08-10T20:09:39+10:00,2026-08-10T16:08:31+10:00,7136,Unoccupied,69515,"-37.80663718564418, 144.9636479158809"
2026-08-10T20:09:39+10:00,2026-08-10T19:52:54+10:00,7136,Present,69514,"-37.80664479938359, 144.96371533092093"
2026-08-10T20:09:39+10:00,2025-07-25T10:11:46+10:00,7139,Unoccupied,69526,"-37.80683654578944, 144.9637329778927"
2026-08-10T20:09:39+10:00,2025-07-25T10:11:49+10:00,7139,Unoccupied,69524,"-37.806852237661786, 144.9638746901574"
2026-08-10T20:09:39+10:00,2026-08-10T18:30:35+10:00,7139,Present,69523,"-37.80686008377453, 144.96394556130156"
2026-08-10T20:09:39+10:00,2026-07-06T05:18:14+10:00,7144,Unoccupied,69422,"-37.80702490853167, 144.96542634083426"
2026-08-10T20:09:39+10:00,2026-08-10T19:35:49+10:00,7141,Unoccupied,69415,"-37.806780318140596, 144.964926108569"
2026-08-10T20:09:39+10:00,2026-08-10T18:19:02+10:00,7404,Unoccupied,53721,"-37.80733598083452, 144.9600867100113"
2026-08-10T20:09:39+10:00,2026-08-10T16:26:23+10:00,7383,Unoccupied,53714,"-37.80772991363197, 144.9602665371234"
2026-08-10T20:09:39+10:00,2026-08-10T20:06:21+10:00,7383,Unoccupied,53715,"-37.80767901590403, 144.96024336485905"
2026-08-10T20:09:39+10:00,2026-07-11T13:07:36+10:00,7404,Unoccupied,53718,"-37.80751384039846, 144.96016807822235"
2026-08-10T20:09:39+10:00,2026-08-10T19:02:09+10:00,7990,Unoccupied,56357,"-37.81014841411424, 144.9555817069466"
2026-08-10T20:09:39+10:00,2026-08-10T15:20:22+10:00,7990,Present,56344,"-37.81077294059649, 144.9558679260432"
2026-08-10T20:09:39+10:00,2026-07-24T12:22:20+10:00,,Unoccupied,56340,"-37.81099647318254, 144.95597035630323"
2026-08-10T20:09:39+10:00,2026-08-09T19:48:59+10:00,,Present,56337,"-37.81116412381991, 144.95604720500575"
2026-08-10T20:09:39+10:00,2026-08-10T19:09:05+10:00,7822,Present,70659,"-37.82233414929354, 144.96497823036938"
2026-08-10T20:09:39+10:00,2026-08-10T18:33:02+10:00,7822,Present,70657,"-37.822273969468526, 144.96511153184247"
2026-08-10T20:09:39+10:00,2026-08-10T19:53:10+10:00,7822,Present,70656,"-37.82224257445277, 144.9651811140003"
2026-08-10T20:09:39+10:00,2026-01-14T11:33:26+11:00,7822,Present,70662,"-37.82242094106489, 144.96478684120564"
2026-08-10T20:09:39+10:00,2026-08-10T19:34:36+10:00,7816,Present,70652,"-37.82211929384875, 144.96545468156071"
2026-08-10T20:09:39+10:00,2026-08-10T19:52:52+10:00,,Present,71822,"-37.82278020607218, 144.96660473819082"
2026-08-10T20:09:39+10:00,2026-08-08T12:26:19+10:00,7856,Unoccupied,71853,"-37.822744936770135, 144.96691336363352"
2026-08-10T20:09:39+10:00,2026-08-09T14:33:00+10:00,7856,Unoccupied,71854,"-37.822770546905275, 144.96684925105558"
2026-08-10T20:09:39+10:00,2026-08-10T19:42:33+10:00,7801,Unoccupied,71233,"-37.827135046259954, 144.95882344477104"
2026-08-10T20:09:39+10:00,2026-08-10T19:59:38+10:00,7817,Unoccupied,71234,"-37.82717911002794, 144.95877093924344"
2026-08-10T20:09:39+10:00,2026-08-10T20:06:02+10:00,7821,Unoccupied,71119,"-37.826328183708455, 144.95951438817465"
2026-08-10T20:09:39+10:00,2026-08-10T19:49:27+10:00,7821,Unoccupied,71121,"-37.82642978497768, 144.95940496341314"
2026-08-10T20:09:39+10:00,2026-08-10T20:05:28+10:00,7821,Present,71122,"-37.82647248466543, 144.95935492246485"
2026-08-10T20:09:39+10:00,2026-08-10T19:22:50+10:00,7821,Present,71123,"-37.826512337917656, 144.95930777242557"
2026-08-10T20:09:39+10:00,2026-08-10T19:39:31+10:00,7810,Unoccupied,71213,"-37.82693614368467, 144.95880692778312"
2026-08-10T20:09:39+10:00,2026-08-10T19:24:36+10:00,7820,Present,71139,"-37.8266586879524, 144.95938427627695"
2026-08-10T20:09:39+10:00,2026-08-10T19:21:14+10:00,7801,Present,71232,"-37.82709656210552, 144.95886946217627"
2026-08-10T20:09:39+10:00,2026-08-10T20:02:49+10:00,7821,Present,71124,"-37.826549057752075, 144.95926427560713"
2026-08-10T20:09:39+10:00,2026-08-10T17:38:47+10:00,7820,Present,71137,"-37.826579214615975, 144.9594766516221"
2026-08-10T20:09:39+10:00,2026-08-10T19:10:55+10:00,7579,Present,63450,"-37.812020650727106, 144.97104793608185"
2026-08-10T20:09:39+10:00,2026-08-10T11:52:25+10:00,,Present,73116,"-37.82609192146933, 144.95836351174012"
2026-08-10T20:09:39+10:00,2026-08-10T13:15:59+10:00,7850,Present,73120,"-37.8262498824117, 144.95817720616026"
2026-08-10T20:09:39+10:00,2026-08-10T19:52:28+10:00,7850,Present,73121,"-37.82628917136965, 144.95813050230697"
2026-08-10T20:09:39+10:00,2026-08-10T19:30:52+10:00,7850,Present,73123,"-37.826368078283636, 144.95803758456657"
2026-08-10T20:09:39+10:00,2026-08-10T19:32:12+10:00,7850,Present,73124,"-37.82640612579361, 144.9579929867809"
2026-08-10T20:09:39+10:00,2026-08-10T15:28:37+10:00,7604,Present,54736,"-37.81074386711495, 144.95863687548945"
2026-08-10T20:09:39+10:00,2026-08-10T18:41:12+10:00,7604,Present,54737,"-37.81069307278176, 144.9586136594472"
2026-08-10T20:09:39+10:00,2026-08-10T20:00:19+10:00,7693,Unoccupied,54738,"-37.810642258428366, 144.9585903443711"
2026-08-10T20:09:39+10:00,2026-08-10T20:00:44+10:00,7604,Unoccupied,54727,"-37.81040447654928, 144.95860336528486"
2026-08-10T20:09:39+10:00,2026-08-10T19:05:24+10:00,7604,Present,54721,"-37.81061157984576, 144.95869809134655"
2026-08-10T20:09:39+10:00,2026-08-10T20:06:56+10:00,7604,Present,54722,"-37.810589585867824, 144.9586880247624"
2026-08-10T20:09:39+10:00,2026-03-15T02:53:36+11:00,7693,Unoccupied,54713,"-37.81045484004972, 144.95875290515045"
2026-08-10T20:09:39+10:00,2026-08-10T20:03:24+10:00,7693,Present,54719,"-37.81015006479846, 144.95861311930054"
2026-08-10T20:09:39+10:00,2026-08-10T19:50:52+10:00,7818,Present,70939,"-37.825151867835686, 144.96087575043816"
2026-08-10T20:09:39+10:00,2026-08-10T19:45:07+10:00,7818,Unoccupied,70935,"-37.824982807622895, 144.96107478363413"
2026-08-10T20:09:39+10:00,2026-08-10T20:02:51+10:00,7818,Unoccupied,70934,"-37.82494607525663, 144.9611180192219"
2026-08-10T20:09:39+10:00,2026-08-10T18:51:43+10:00,7818,Unoccupied,70933,"-37.824908323207836, 144.96116232979205"
2026-08-10T20:09:39+10:00,2026-08-10T18:38:22+10:00,7819,Unoccupied,70929,"-37.82475546462766, 144.9613421065322"
2026-08-10T20:09:39+10:00,2026-08-10T17:14:30+10:00,,Unoccupied,70924,"-37.82457886512489, 144.9615493916657"
2026-08-10T20:09:39+10:00,2026-08-10T19:17:24+10:00,7818,Present,70920,"-37.82442117371964, 144.96173483140586"
2026-08-10T20:09:39+10:00,2026-08-10T18:41:48+10:00,7819,Unoccupied,70928,"-37.82471796552653, 144.9613860113448"
2026-08-10T20:09:39+10:00,2026-08-10T19:53:52+10:00,7818,Unoccupied,70958,"-37.824724447815086, 144.9616530751519"
2026-08-10T20:09:39+10:00,2026-08-10T19:51:44+10:00,7818,Unoccupied,70941,"-37.82520957851294, 144.9608072238126"
2026-08-10T20:09:39+10:00,2026-08-10T15:25:41+10:00,7818,Unoccupied,70942,"-37.82524281406219, 144.96076841830222"
2026-08-10T20:09:39+10:00,2024-06-27T17:26:45+10:00,,Unoccupied,61138,"-37.81677747303049, 144.96600954647246"
2026-08-10T20:09:39+10:00,2026-08-08T00:56:27+10:00,7893,Unoccupied,75983,"-37.82805303262743, 144.96606655653287"
2026-08-10T20:09:39+10:00,2026-08-10T19:19:22+10:00,7893,Present,75914,"-37.82623327837564, 144.9664170182219"
2026-08-10T20:09:39+10:00,2026-08-10T20:07:15+10:00,7893,Unoccupied,75919,"-37.82649617687269, 144.96633788366216"
2026-08-10T20:09:39+10:00,2026-08-10T19:43:29+10:00,7893,Present,75923,"-37.82670648643547, 144.9662744846404"
2026-08-10T20:09:39+10:00,2026-08-10T16:33:20+10:00,,Present,75962,"-37.82696705056286, 144.96639554048716"
2026-08-10T20:09:39+10:00,2026-08-07T21:47:48+10:00,7893,Unoccupied,75943,"-37.8277965073339, 144.96596086012892"
2026-08-10T20:09:39+10:00,2026-08-08T00:05:59+10:00,7893,Unoccupied,75945,"-37.827908738400254, 144.9659270678282"
2026-08-10T20:09:39+10:00,2026-08-07T21:29:28+10:00,7893,Unoccupied,75942,"-37.827743927855764, 144.96597669048074"
2026-08-10T20:09:39+10:00,2026-03-18T11:22:22+11:00,,Present,70746,"-37.82227830509643, 144.96642053554802"
2026-08-10T20:09:39+10:00,2026-03-18T11:24:14+11:00,7866,Unoccupied,70734,"-37.822695563538, 144.96537991626505"
2026-08-10T20:09:39+10:00,2026-08-10T17:44:50+10:00,7825,Present,72814,"-37.8262197862706, 144.95891501198093"
2026-08-10T20:09:39+10:00,2026-08-10T19:54:07+10:00,7825,Present,72815,"-37.826170798805535, 144.95889249865303"
2026-08-10T20:09:39+10:00,2026-08-10T17:28:14+10:00,7825,Present,72838,"-37.82617698118665, 144.95877573174366"
2026-08-10T20:09:39+10:00,2026-08-10T19:44:39+10:00,7875,Present,72833,"-37.8264791964225, 144.95891559640614"
2026-08-10T20:09:39+10:00,2025-12-06T17:13:48+11:00,7875,Unoccupied,72831,"-37.82658067115329, 144.95896263460935"
2026-08-10T20:09:39+10:00,2026-08-10T19:51:48+10:00,7551,Present,65443,"-37.812483057237266, 144.96161301143619"
2026-08-10T20:09:39+10:00,2026-08-10T19:17:45+10:00,7551,Present,65437,"-37.81238530772633, 144.96194772069884"
2026-08-10T20:09:39+10:00,2026-08-10T18:03:22+10:00,7953,Present,78334,"-37.826023993429395, 144.96703116373757"
2026-08-10T20:09:39+10:00,2026-08-10T19:56:23+10:00,,Unoccupied,55219,"-37.81896383581776, 144.9608099729283"
2026-08-10T20:09:39+10:00,2026-08-09T21:13:35+10:00,7583,Unoccupied,55225,"-37.81804529569855, 144.96063842848787"
2026-08-10T20:09:39+10:00,2026-08-10T18:06:56+10:00,7462,Present,53130,"-37.80951651369317, 144.95919454287355"
2026-08-10T20:09:39+10:00,2026-08-10T19:40:28+10:00,7462,Unoccupied,53115,"-37.809294226376736, 144.95914960211962"
2026-08-10T20:09:39+10:00,2026-08-10T19:13:21+10:00,7890,Present,75821,"-37.824657123296674, 144.9669095818629"
2026-08-10T20:09:39+10:00,2026-08-10T17:45:34+10:00,7890,Present,75828,"-37.82503822200892, 144.9667943756359"
2026-08-10T20:09:39+10:00,2026-08-10T17:07:29+10:00,7890,Present,75867,"-37.82491096780343, 144.967016631895"
2026-08-10T20:09:39+10:00,2026-08-10T18:26:13+10:00,7890,Present,75837,"-37.825530200492004, 144.96664347705763"
2026-08-10T20:09:39+10:00,2026-08-10T18:20:33+10:00,7890,Present,75835,"-37.82542547299767, 144.96667743521212"
2026-08-10T20:09:39+10:00,2026-08-10T19:59:44+10:00,7890,Unoccupied,75834,"-37.82537295619935, 144.96669358269716"
2026-08-10T20:09:39+10:00,2026-06-14T19:47:10+10:00,7890,Unoccupied,75871,"-37.82508303849226, 144.96696715083004"
2026-08-10T20:09:39+10:00,2026-08-09T18:17:56+10:00,7890,Unoccupied,75875,"-37.82529404391975, 144.9669074647607"
2026-08-10T20:09:39+10:00,2026-08-10T19:23:40+10:00,,Present,75862,"-37.82463578101871, 144.9670986491476"
2026-08-10T20:09:39+10:00,2026-08-10T18:26:29+10:00,,Unoccupied,75863,"-37.824688369597986, 144.96708286559277"
2026-08-10T20:09:39+10:00,2026-08-10T17:36:41+10:00,7890,Present,75874,"-37.82524128594636, 144.96692238456222"
2026-08-10T20:09:39+10:00,2026-08-07T19:23:47+10:00,7896,Unoccupied,76060,"-37.829068852286234, 144.9657589344884"
2026-08-10T20:09:39+10:00,2026-08-07T18:22:33+10:00,7896,Unoccupied,76068,"-37.829482111352576, 144.9656363389476"
2026-08-10T20:09:39+10:00,2026-08-07T23:46:43+10:00,7896,Unoccupied,76071,"-37.82962490205354, 144.96560291334032"
2026-08-10T20:09:39+10:00,2026-08-07T10:03:56+10:00,7896,Unoccupied,76069,"-37.82952922686117, 144.9656249685616"
2026-08-10T20:09:39+10:00,2026-08-07T16:02:11+10:00,7896,Unoccupied,76065,"-37.82930848055072, 144.9656846272401"
2026-08-10T20:09:39+10:00,2026-08-07T19:47:22+10:00,7896,Unoccupied,76061,"-37.82911983879538, 144.96574329911752"
2026-08-10T20:09:39+10:00,2026-08-07T21:58:32+10:00,7896,Unoccupied,76051,"-37.82859571860074, 144.96590115875614"
2026-08-10T20:09:39+10:00,2026-08-07T21:33:33+10:00,7896,Unoccupied,76053,"-37.8287046910171, 144.96586867466232"
2026-08-10T20:09:39+10:00,2026-08-07T18:35:57+10:00,7896,Unoccupied,76025,"-37.82927140264137, 144.9655193004191"
2026-08-10T20:09:39+10:00,2026-08-07T18:57:34+10:00,7896,Unoccupied,76021,"-37.82906928328435, 144.96558059677423"
2026-08-10T20:09:39+10:00,2026-08-07T23:50:57+10:00,7896,Unoccupied,76020,"-37.829016875045426, 144.9655964021829"
2026-08-10T20:09:39+10:00,2026-08-07T23:38:48+10:00,7892,Unoccupied,76014,"-37.82869411258616, 144.96569387123745"
2026-08-10T20:09:39+10:00,2026-08-07T20:02:54+10:00,7892,Unoccupied,76017,"-37.82885090534172, 144.96564652320473"
2026-08-10T20:09:39+10:00,2026-08-07T18:48:26+10:00,7896,Unoccupied,76019,"-37.82896649778992, 144.9656116223344"
2026-08-10T20:09:39+10:00,2026-08-07T23:17:48+10:00,7896,Unoccupied,76033,"-37.82970398043173, 144.96538589535436"
2026-08-10T20:09:39+10:00,2026-08-10T20:03:17+10:00,7354,Present,62445,"-37.818679773062584, 144.95580106295512"
2026-08-10T20:09:39+10:00,2026-08-10T17:28:24+10:00,7354,Present,62444,"-37.818661705388266, 144.95586397448795"
2026-08-10T20:09:39+10:00,2026-08-10T20:02:35+10:00,7354,Unoccupied,62442,"-37.81862498561087, 144.95599206675053"
2026-08-10T20:09:39+10:00,2026-08-10T20:04:22+10:00,7354,Present,62441,"-37.818606578767564, 144.95605605623282"
2026-08-10T20:09:39+10:00,2026-08-10T19:52:47+10:00,,Unoccupied,62436,"-37.8185130486912, 144.95638169389565"
2026-08-10T20:09:39+10:00,2026-08-10T18:09:09+10:00,7659,Present,50120,"-37.81421779336087, 144.97426891533655"
2026-08-10T20:09:39+10:00,2026-08-10T19:12:08+10:00,7659,Present,50123,"-37.81408042345847, 144.97420514392732"
2026-08-10T20:09:39+10:00,2026-08-10T19:54:37+10:00,7306,Present,67857,"-37.809636280950784, 144.9597384771642"
2026-08-10T20:09:39+10:00,2024-02-09T11:42:13+11:00,7306,Present,20525,"-37.80947458495555, 144.95988200783216"
2026-08-10T20:09:39+10:00,2024-04-11T13:07:17+10:00,7306,Unoccupied,20526,"-37.80949308848615, 144.95981797124227"
2026-08-10T20:09:39+10:00,2024-04-11T13:13:53+10:00,7306,Present,6544,"-37.809688874284234, 144.9591404330543"
2026-08-10T20:09:39+10:00,2024-04-11T12:47:32+10:00,7306,Present,6541,"-37.8097429646232, 144.95895290644592"
2026-08-10T20:09:39+10:00,2026-08-08T19:49:26+10:00,,Present,67869,"-37.809855278424735, 144.95898400301022"
2026-08-10T20:09:39+10:00,2026-08-10T14:02:30+10:00,,Present,67864,"-37.80976318820812, 144.95930128182795"
2026-08-10T20:09:39+10:00,2026-08-10T08:13:47+10:00,,Present,67868,"-37.80983670625744, 144.95904799414836"
2026-08-10T20:09:39+10:00,2026-08-10T19:41:00+10:00,7306,Present,67870,"-37.80987385141768, 144.95892001700082"
2026-08-10T20:09:39+10:00,2026-08-10T18:51:59+10:00,7306,Present,67853,"-37.80956982441016, 144.95996746566982"
2026-08-10T20:09:39+10:00,2026-08-10T19:07:29+10:00,7306,Present,67859,"-37.809678788570565, 144.95959206005097"
2026-08-10T20:09:39+10:00,2026-06-25T13:40:09+10:00,7951,Present,23838,"-37.81198784834477, 144.95115254405397"
2026-08-10T20:09:39+10:00,2026-08-10T19:50:05+10:00,7938,Present,23833,"-37.81184611099972, 144.95165264092293"
2026-08-10T20:09:39+10:00,2026-08-10T18:55:06+10:00,7938,Present,23831,"-37.81181041470653, 144.9517788684557"
2026-08-10T20:09:39+10:00,2026-08-10T18:37:40+10:00,7938,Present,23827,"-37.81172820313577, 144.95206978695603"
2026-08-10T20:09:39+10:00,2026-08-10T19:32:49+10:00,7951,Present,23822,"-37.81163557239401, 144.95239776613897"
2026-08-10T20:09:39+10:00,2026-08-10T18:23:16+10:00,7952,Unoccupied,23815,"-37.81150857871971, 144.9528463751898"
2026-08-10T20:09:39+10:00,2026-08-10T18:19:03+10:00,7938,Present,23843,"-37.81159508376689, 144.95295667872665"
2026-08-10T20:09:39+10:00,2026-08-06T13:21:52+10:00,7938,Unoccupied,23857,"-37.81184392501442, 144.95207745437054"
2026-08-10T20:09:39+10:00,2026-08-10T19:45:17+10:00,7938,Present,23859,"-37.81187876417155, 144.95195445858343"
2026-08-10T20:09:39+10:00,2026-08-10T18:23:21+10:00,7938,Present,23862,"-37.81193348705552, 144.95175974171923"
2026-08-10T20:09:39+10:00,2026-08-10T20:00:18+10:00,7938,Unoccupied,23865,"-37.812015244183826, 144.95147120303554"
2026-08-10T20:09:39+10:00,2026-08-10T19:29:16+10:00,7938,Present,23832,"-37.811829180233744, 144.95171261379872"
2026-08-10T20:09:39+10:00,2026-08-03T11:51:52+10:00,7938,Present,23830,"-37.81179164869057, 144.95184518664166"
2026-08-10T20:09:39+10:00,2026-08-10T19:49:52+10:00,7938,Unoccupied,23825,"-37.81169251218054, 144.952196017761"
2026-08-10T20:09:39+10:00,2026-08-10T18:26:04+10:00,7938,Present,23846,"-37.81164960592066, 144.95276425161225"
2026-08-10T20:09:39+10:00,2026-08-10T19:37:40+10:00,7938,Unoccupied,23853,"-37.81177122238094, 144.95233414051393"
2026-08-10T20:09:39+10:00,2026-08-10T20:04:42+10:00,7938,Unoccupied,23855,"-37.81180757378434, 144.95220579835848"
2026-08-10T20:09:39+10:00,2026-08-10T10:42:10+10:00,7938,Present,23844,"-37.81161235775521, 144.95289577132002"
2026-08-10T20:09:39+10:00,2026-08-10T19:37:59+10:00,7871,Unoccupied,72520,"-37.82479804721726, 144.960425581737"
2026-08-10T20:09:39+10:00,2026-08-10T20:07:26+10:00,7871,Unoccupied,72529,"-37.824344033617244, 144.96057494788172"
2026-08-10T20:09:39+10:00,2026-08-10T19:17:10+10:00,7871,Present,72539,"-37.82384272379309, 144.96074034382957"
2026-08-10T20:09:39+10:00,2026-08-10T19:46:44+10:00,7871,Unoccupied,72564,"-37.824493459597704, 144.96029637522622"
2026-08-10T20:09:39+10:00,2026-08-10T18:24:22+10:00,7871,Present,72565,"-37.824441154972334, 144.96031359008293"
2026-08-10T20:09:39+10:00,2026-08-10T19:24:18+10:00,7871,Unoccupied,72569,"-37.82423193821623, 144.96038246034442"
2026-08-10T20:09:39+10:00,2026-08-10T18:10:41+10:00,7871,Present,72560,"-37.82472227726032, 144.9602210606966"
2026-08-10T20:09:39+10:00,2026-01-14T02:42:26+11:00,7871,Unoccupied,72543,"-37.82360935585288, 144.9608151387054"
2026-08-10T20:09:39+10:00,2026-08-10T15:09:25+10:00,,Present,23226,"-37.81043608921241, 144.9525996874607"
2026-08-10T20:09:39+10:00,2024-04-11T12:08:42+10:00,7846,Present,16316,"-37.8251507529897, 144.970367227616"
2026-08-10T20:09:39+10:00,2026-07-09T08:40:53+10:00,7846,Unoccupied,78151,"-37.82516917093356, 144.9703041445183"
2026-08-10T20:09:39+10:00,2026-07-09T10:26:42+10:00,7846,Present,78155,"-37.825243433661846, 144.9700480656084"
2026-08-10T20:09:39+10:00,2026-07-09T08:34:11+10:00,7846,Unoccupied,78156,"-37.82526215172906, 144.96998347693483"
2026-08-10T20:09:39+10:00,2026-07-09T10:27:35+10:00,7846,Present,78124,"-37.8251537189289, 144.96999948471966"
2026-08-10T20:09:39+10:00,2026-07-09T09:50:50+10:00,7846,Present,78129,"-37.82519406517012, 144.96986087568268"
2026-08-10T20:09:39+10:00,2026-07-09T08:37:36+10:00,7846,Unoccupied,78131,"-37.825210562129854, 144.96980438232947"
2026-08-10T20:09:39+10:00,2026-07-09T09:04:52+10:00,7846,Present,78134,"-37.82523515406692, 144.96972018126732"
2026-08-10T20:09:39+10:00,2026-07-09T09:55:18+10:00,7846,Present,78139,"-37.82527566758752, 144.9695816358065"
2026-08-10T20:09:39+10:00,2026-07-02T11:55:39+10:00,,Present,78111,"-37.82504685847039, 144.9703648945981"
2026-08-10T20:09:39+10:00,2026-07-09T08:54:02+10:00,7846,Unoccupied,78154,"-37.8252248181766, 144.97011204265482"
2026-08-10T20:09:39+10:00,2026-08-10T19:46:04+10:00,7831,Present,79063,"-37.83029227258491, 144.9657914237677"
2026-08-10T20:09:39+10:00,2026-08-10T20:04:31+10:00,7831,Unoccupied,79057,"-37.83022862839591, 144.96601011994048"
2026-08-10T20:09:39+10:00,2026-08-10T13:47:00+10:00,7831,Unoccupied,79049,"-37.83014417576142, 144.96630042185498"
2026-08-10T20:09:39+10:00,2026-08-10T19:43:37+10:00,7831,Unoccupied,79046,"-37.8301117720237, 144.96641322875178"
2026-08-10T20:09:39+10:00,2026-08-10T18:44:54+10:00,7831,Unoccupied,79041,"-37.83006024052044, 144.96659353802033"
2026-08-10T20:09:39+10:00,2026-08-10T18:05:34+10:00,7831,Unoccupied,79061,"-37.830270864108186, 144.9658657371137"
2026-08-10T20:09:39+10:00,2026-08-10T19:26:57+10:00,7831,Unoccupied,79064,"-37.830303206553324, 144.96575345577287"
2026-08-10T20:09:39+10:00,2026-08-10T19:09:22+10:00,7831,Unoccupied,79053,"-37.830185440377825, 144.9661582304721"
2026-08-10T20:09:39+10:00,2026-08-10T14:59:43+10:00,7831,Unoccupied,79062,"-37.83028162515005, 144.96582834710222"
2026-08-10T20:09:39+10:00,2026-08-10T18:56:18+10:00,7831,Present,79054,"-37.830195939811134, 144.96612121074327"
2026-08-10T20:09:39+10:00,2026-08-10T17:19:58+10:00,7833,Unoccupied,78970,"-37.82957726078677, 144.96826679566104"
2026-08-10T20:09:39+10:00,2026-08-10T19:25:11+10:00,7833,Present,78983,"-37.829723135409736, 144.9677645621183"
2026-08-10T20:09:39+10:00,2026-08-10T16:36:26+10:00,7833,Present,78974,"-37.82963943720209, 144.96805280205263"
2026-08-10T20:09:39+10:00,2026-08-10T16:11:56+10:00,7833,Unoccupied,78982,"-37.82971384114617, 144.96779630423202"
2026-08-10T20:09:39+10:00,2026-08-10T15:06:49+10:00,7833,Unoccupied,78957,"-37.82946642630007, 144.96866222306716"
2026-08-10T20:09:39+10:00,2026-08-10T18:51:18+10:00,7833,Present,78964,"-37.829524082166934, 144.9684505486167"
2026-08-10T20:09:39+10:00,2026-08-10T16:53:00+10:00,7833,Unoccupied,78978,"-37.82967650600645, 144.96792526583772"
2026-08-10T20:09:39+10:00,2026-08-10T19:39:45+10:00,7833,Present,78985,"-37.829741752973305, 144.96770028174058"
2026-08-10T20:09:39+10:00,2026-08-10T12:00:48+10:00,7833,Present,78971,"-37.82958610335525, 144.96823686179047"
2026-08-10T20:09:39+10:00,2026-08-10T13:09:33+10:00,7833,Present,78973,"-37.829630160808264, 144.9680847486871"
2026-08-10T20:09:39+10:00,2026-08-10T19:55:22+10:00,7833,Unoccupied,78967,"-37.829550890160505, 144.9683583131037"
2026-08-10T20:09:39+10:00,2026-08-10T13:13:49+10:00,7833,Unoccupied,78966,"-37.829541748894584, 144.96838903456077"
2026-08-10T20:09:39+10:00,2026-08-10T17:36:47+10:00,7833,Unoccupied,78968,"-37.82955981669799, 144.96832762991048"
2026-08-10T20:09:39+10:00,2026-08-10T19:15:51+10:00,7833,Present,78977,"-37.82966742400809, 144.96795630787966"
2026-08-10T20:09:39+10:00,2026-08-10T16:21:00+10:00,7833,Unoccupied,78958,"-37.829471193411536, 144.96863257659794"
2026-08-10T20:09:39+10:00,2026-08-10T12:43:03+10:00,7828,Present,78825,"-37.82887377046929, 144.97025647579983"
2026-08-10T20:09:39+10:00,2026-08-10T08:05:40+10:00,7828,Present,78828,"-37.82890547709113, 144.9701472909678"
2026-08-10T20:09:39+10:00,2026-08-10T07:50:51+10:00,7828,Present,78834,"-37.82896752191366, 144.9699336696851"
2026-08-10T20:09:39+10:00,2026-08-10T07:31:56+10:00,7828,Present,78860,"-37.8288600637064, 144.97072436891688"
2026-08-10T20:09:39+10:00,2026-08-10T14:51:13+10:00,7828,Unoccupied,78882,"-37.82916490217144, 144.96967676022294"
2026-08-10T20:09:39+10:00,2026-08-10T13:28:13+10:00,7828,Present,78881,"-37.82915371649398, 144.9697149430077"
2026-08-10T20:09:39+10:00,2026-08-10T14:41:37+10:00,7830,Unoccupied,78844,"-37.82907557155315, 144.96955911453858"
2026-08-10T20:09:39+10:00,2026-08-10T13:18:33+10:00,7828,Present,78892,"-37.82927685959214, 144.96929208230165"
2026-08-10T20:09:39+10:00,2026-08-10T14:20:18+10:00,7828,Present,78871,"-37.82904522380614, 144.97008677570125"
2026-08-10T20:09:39+10:00,2026-08-10T12:54:05+10:00,7828,Present,78895,"-37.82931234842555, 144.96917182126418"
2026-08-10T20:09:39+10:00,2026-08-10T14:17:21+10:00,7828,Unoccupied,78817,"-37.82878260762853, 144.9705522983974"
2026-08-10T20:09:39+10:00,2026-08-10T08:28:10+10:00,7828,Present,78824,"-37.82886346466519, 144.97029197048244"
2026-08-10T20:09:39+10:00,2026-08-10T13:40:23+10:00,7828,Present,78862,"-37.828881992539856, 144.97064885171005"
2026-08-10T20:09:39+10:00,2026-08-10T08:43:55+10:00,7828,Present,78850,"-37.82914043039266, 144.96933829927258"
2026-08-10T20:09:39+10:00,2026-08-08T16:43:58+10:00,7828,Present,78854,"-37.829184556768865, 144.96918346296798"
2026-08-10T20:09:39+10:00,2026-08-10T13:15:50+10:00,7828,Present,78890,"-37.82925395015724, 144.9693707022434"
2026-08-10T20:09:39+10:00,2026-08-10T14:10:01+10:00,7828,Present,78873,"-37.82906675074759, 144.97001280013643"
2026-08-10T20:09:39+10:00,2026-08-10T08:38:25+10:00,7828,Present,78813,"-37.82874780744026, 144.97068915204028"
2026-08-10T20:09:39+10:00,2026-08-10T14:48:09+10:00,7828,Unoccupied,78832,"-37.82894698380757, 144.97000436406762"
2026-08-10T20:09:39+10:00,2026-08-10T13:03:55+10:00,7828,Present,78853,"-37.82917367738939, 144.96922144769297"
2026-08-10T20:09:39+10:00,2026-08-10T10:18:30+10:00,7828,Present,78821,"-37.82883316258413, 144.97039633115068"
2026-08-10T20:09:39+10:00,2026-08-10T14:10:23+10:00,7828,Present,78852,"-37.82916259899555, 144.96926019910302"
2026-08-10T20:09:39+10:00,2026-08-09T19:43:47+10:00,,Present,78856,"-37.82920044286068, 144.9691125798402"
2026-08-10T20:09:39+10:00,2026-08-10T14:31:44+10:00,7827,Unoccupied,78811,"-37.828698108953986, 144.97080816701958"
2026-08-10T20:09:39+10:00,2026-08-10T14:50:30+10:00,7828,Unoccupied,78888,"-37.82923630500068, 144.96944463736185"
2026-08-10T20:09:39+10:00,2026-08-10T19:26:51+10:00,,Unoccupied,68512,"-37.8067781125217, 144.96091564688277"
2026-08-10T20:09:39+10:00,2024-09-26T08:26:52+10:00,,Present,68513,"-37.80679851526314, 144.9608465682216"
2026-08-10T20:09:39+10:00,2026-08-10T19:59:42+10:00,7677,Present,68519,"-37.80691285972446, 144.96045934468148"
2026-08-10T20:09:39+10:00,2026-08-10T19:22:52+10:00,7673,Present,68535,"-37.80694063252864, 144.9606825832699"
2026-08-10T20:09:39+10:00,2026-07-31T13:18:13+10:00,7673,Unoccupied,68521,"-37.80695105257357, 144.96033013841924"
2026-08-10T20:09:39+10:00,2026-08-10T19:50:41+10:00,7677,Present,68518,"-37.80689386686004, 144.9605238131859"
2026-08-10T20:09:39+10:00,2026-08-10T19:47:05+10:00,7673,Unoccupied,68510,"-37.80673713652334, 144.9610537925373"
2026-08-10T20:09:39+10:00,2026-08-10T20:00:50+10:00,7542,Unoccupied,66311,"-37.812119285831336, 144.9589252446582"
2026-08-10T20:09:39+10:00,2026-08-10T17:14:03+10:00,7627,Present,52317,"-37.809278658077574, 144.96660869692508"
2026-08-10T20:09:39+10:00,2026-08-10T19:23:10+10:00,7627,Present,52316,"-37.80933025505371, 144.96663254762973"
2026-08-10T20:09:39+10:00,2026-08-10T16:31:24+10:00,7635,Present,52320,"-37.80912386972836, 144.9665371487446"
2026-08-10T20:09:39+10:00,2026-08-10T19:48:42+10:00,7580,Unoccupied,67619,"-37.807549371612666, 144.96649488844395"
2026-08-10T20:09:39+10:00,2026-08-10T19:22:20+10:00,7850,Unoccupied,67612,"-37.80740783674663, 144.966972176382"
2026-08-10T20:09:39+10:00,2026-08-10T15:06:01+10:00,7848,Unoccupied,75246,"-37.828117452261324, 144.95581392022808"
2026-08-10T20:09:39+10:00,2026-08-10T15:32:10+10:00,7848,Unoccupied,75245,"-37.8280782527997, 144.95586085099114"
2026-08-10T20:09:39+10:00,2026-08-10T19:55:24+10:00,7848,Unoccupied,75231,"-37.82754671832853, 144.95648753910916"
2026-08-10T20:09:39+10:00,2026-08-10T18:01:25+10:00,7848,Present,75229,"-37.82746889276952, 144.95657953854368"
2026-08-10T20:09:39+10:00,2026-08-10T18:13:07+10:00,7848,Present,75223,"-37.82723108970481, 144.95686009642822"
2026-08-10T20:09:39+10:00,2026-08-10T19:28:15+10:00,7848,Present,75220,"-37.82711270125173, 144.95699991889984"
2026-08-10T20:09:39+10:00,2026-08-10T19:20:16+10:00,7848,Present,75251,"-37.82685166844395, 144.9574694416677"
2026-08-10T20:09:39+10:00,2026-08-08T18:17:49+10:00,7848,Present,75256,"-37.827068566592416, 144.9572141589896"
2026-08-10T20:09:39+10:00,2026-08-09T12:27:34+10:00,7848,Unoccupied,75257,"-37.82710805912881, 144.9571676163876"
2026-08-10T20:09:39+10:00,2026-08-10T17:03:30+10:00,7848,Unoccupied,75259,"-37.827187086639654, 144.95707458442422"
2026-08-10T20:09:39+10:00,2026-08-10T17:36:43+10:00,7848,Present,75268,"-37.82752785882228, 144.95667293030368"
2026-08-10T20:09:39+10:00,2026-08-09T19:25:42+10:00,,Unoccupied,75272,"-37.827686052895906, 144.95648647917227"
2026-08-10T20:09:39+10:00,2026-08-10T20:05:44+10:00,,Present,75273,"-37.827725846928175, 144.95643969741326"
2026-08-10T20:09:39+10:00,2026-08-10T19:09:51+10:00,,Unoccupied,75275,"-37.82780288569677, 144.95634904467633"
2026-08-10T20:09:39+10:00,2026-08-10T00:07:01+10:00,,Unoccupied,75280,"-37.82798390041867, 144.95613595221482"
2026-08-10T20:09:39+10:00,2026-08-10T18:09:42+10:00,,Unoccupied,75281,"-37.828022757162, 144.95609007138233"
2026-08-10T20:09:39+10:00,2026-08-10T07:19:19+10:00,7848,Unoccupied,75285,"-37.82817109180968, 144.95591556390252"
2026-08-10T20:09:39+10:00,2026-08-10T17:38:08+10:00,7848,Unoccupied,75286,"-37.82821126837419, 144.95586827786798"
2026-08-10T20:09:39+10:00,2026-08-10T17:05:13+10:00,,Present,75213,"-37.82686099656054, 144.95729752558407"
2026-08-10T20:09:39+10:00,2026-03-28T18:43:42+11:00,7849,Unoccupied,75211,"-37.82677808273301, 144.95739535656747"
2026-08-10T20:09:39+10:00,2026-08-10T17:58:42+10:00,,Present,75214,"-37.82689919836858, 144.95725245074556"
2026-08-10T20:09:39+10:00,2026-08-10T19:48:25+10:00,7388,Present,53527,"-37.80967382494001, 144.96095456042963"
2026-08-10T20:09:39+10:00,2026-08-10T19:10:11+10:00,7388,Present,53525,"-37.80977550627473, 144.961002407862"
2026-08-10T20:09:39+10:00,2026-08-10T19:17:13+10:00,7388,Present,53520,"-37.810029445014095, 144.96112171398056"
2026-08-10T20:09:39+10:00,2026-08-09T21:44:16+10:00,,Present,53610,"-37.80896033877403, 144.9608416993422"
2026-08-10T20:09:39+10:00,2026-08-10T19:51:07+10:00,7388,Present,53524,"-37.809826542694815, 144.961026340109"
2026-08-10T20:09:39+10:00,2026-08-10T20:03:06+10:00,7388,Unoccupied,53523,"-37.80987760625088, 144.96105039101167"
2026-08-10T20:09:39+10:00,2026-08-10T18:20:52+10:00,7388,Unoccupied,53522,"-37.80992821735957, 144.96107418430512"
2026-08-10T20:09:39+10:00,2026-08-10T19:41:16+10:00,7384,Present,53629,"-37.80872491123664, 144.9605213605461"
2026-08-10T20:09:39+10:00,2026-08-10T19:18:25+10:00,7461,Present,53625,"-37.8089280098372, 144.96061490703167"
2026-08-10T20:09:39+10:00,2026-08-10T19:51:48+10:00,7461,Present,53619,"-37.808465014867565, 144.9606104876986"
2026-08-10T20:09:39+10:00,2026-08-10T18:07:11+10:00,,Unoccupied,68035,"-37.81044576734748, 144.95648958199024"
2026-08-10T20:09:39+10:00,2026-08-10T19:43:53+10:00,7310,Present,68025,"-37.81025388054806, 144.95715877357938"
2026-08-10T20:09:39+10:00,2026-08-10T17:14:17+10:00,7310,Present,68015,"-37.81008069851184, 144.9577631493533"
2026-08-10T20:09:39+10:00,2026-08-10T13:54:02+10:00,7311,Present,68042,"-37.810132757879224, 144.9580279165778"
2026-08-10T20:09:39+10:00,2026-08-10T20:07:49+10:00,7311,Unoccupied,68041,"-37.81011110824409, 144.95810258051446"
2026-08-10T20:09:39+10:00,2026-08-10T19:43:33+10:00,7311,Present,68043,"-37.81015440704485, 144.95795325094718"
2026-08-10T20:09:39+10:00,2026-08-10T19:17:33+10:00,7311,Present,68047,"-37.81024667719179, 144.95763622485134"
2026-08-10T20:09:39+10:00,2026-08-10T18:45:50+10:00,7310,Present,68017,"-37.810123352764194, 144.95761460740692"
2026-08-10T20:09:39+10:00,2026-07-09T10:42:43+10:00,7650,Present,71523,"-37.8221828507906, 144.9698495741111"
2026-08-10T20:09:39+10:00,2026-07-09T10:27:49+10:00,7650,Present,71522,"-37.82223369621334, 144.96987276592688"
2026-08-10T20:09:39+10:00,2026-07-09T06:23:36+10:00,7650,Present,71520,"-37.82233538758523, 144.96991902810908"
2026-08-10T20:09:39+10:00,2026-07-09T10:45:37+10:00,7650,Present,71516,"-37.822538984570876, 144.97001171425322"
2026-08-10T20:09:39+10:00,2026-07-09T10:49:04+10:00,7650,Present,71517,"-37.82248810042019, 144.96998859621547"
2026-08-10T20:09:39+10:00,2026-07-09T07:51:06+10:00,7886,Unoccupied,76820,"-37.82451255203576, 144.97042769127847"
2026-08-10T20:09:39+10:00,2026-07-09T08:38:39+10:00,7891,Present,76816,"-37.82471565247917, 144.9705220817483"
2026-08-10T20:09:39+10:00,2026-07-09T07:47:28+10:00,7891,Unoccupied,76818,"-37.824614055552885, 144.9704749113733"
2026-08-10T20:09:39+10:00,2026-08-08T15:33:47+10:00,,Present,77638,"-37.829182848774195, 144.97107450338933"
2026-08-10T20:09:39+10:00,2026-08-10T13:51:21+10:00,7884,Present,77636,"-37.82929088203245, 144.97107266840675"
2026-08-10T20:09:39+10:00,2026-08-10T14:36:00+10:00,7884,Present,77633,"-37.82945322101749, 144.9710712216616"
2026-08-10T20:09:39+10:00,2026-08-10T13:48:45+10:00,7884,Present,77635,"-37.82934510743063, 144.97107197449492"
2026-08-10T20:09:39+10:00,2026-08-10T14:28:01+10:00,7917,Unoccupied,77631,"-37.829561472733246, 144.97107121470313"
2026-08-10T20:09:39+10:00,2026-08-10T13:04:01+10:00,7884,Unoccupied,77634,"-37.829399163970606, 144.9710715049195"
2026-08-10T20:09:39+10:00,2026-07-08T21:17:47+10:00,7885,Unoccupied,77010,"-37.82575486543965, 144.97107551921482"
2026-08-10T20:09:39+10:00,2026-07-07T20:36:28+10:00,7885,Unoccupied,77012,"-37.8256447389676, 144.97104026382647"
2026-08-10T20:09:39+10:00,2026-07-08T13:42:34+10:00,7885,Unoccupied,77016,"-37.8254249287669, 144.9709683502925"
2026-08-10T20:09:39+10:00,2026-07-08T18:49:47+10:00,7885,Unoccupied,77018,"-37.825317457335345, 144.970928000963"
2026-08-10T20:09:39+10:00,2026-07-08T19:48:42+10:00,7885,Unoccupied,77019,"-37.825266206773684, 144.97090722139683"
2026-08-10T20:09:39+10:00,2026-04-11T21:58:17+10:00,7887,Unoccupied,77436,"-37.82714790195462, 144.97133438509806"
2026-08-10T20:09:39+10:00,2026-08-10T10:37:07+10:00,7887,Unoccupied,77424,"-37.82779464558406, 144.97129338095704"
2026-08-10T20:09:39+10:00,2026-08-10T13:11:34+10:00,7887,Unoccupied,77431,"-37.82741707619157, 144.9713248821935"
2026-08-10T20:09:39+10:00,2026-08-10T13:11:49+10:00,7887,Present,77434,"-37.82725487649522, 144.97133614402247"
2026-08-10T20:09:39+10:00,2026-08-10T09:49:26+10:00,7887,Unoccupied,77428,"-37.82757889693116, 144.97131110313416"
2026-08-10T20:09:39+10:00,2026-08-02T16:31:06+10:00,7887,Unoccupied,77432,"-37.82736311085888, 144.97132926930425"
2026-08-10T20:09:39+10:00,2026-08-06T10:42:04+10:00,7887,Unoccupied,77435,"-37.82720093057903, 144.9713368055739"
2026-08-10T20:09:39+10:00,2026-08-10T13:39:14+10:00,7887,Unoccupied,77423,"-37.827848595832585, 144.97128898228874"
2026-08-10T20:09:39+10:00,2026-08-08T23:49:45+10:00,7887,Unoccupied,77419,"-37.82806125914885, 144.9712685797041"
2026-08-10T20:09:39+10:00,2026-08-10T13:21:49+10:00,7887,Unoccupied,77417,"-37.828170135990604, 144.97125805520568"
2026-08-10T20:09:39+10:00,2026-08-10T13:54:42+10:00,7887,Unoccupied,77416,"-37.8282234312975, 144.97125300494054"
2026-08-10T20:09:39+10:00,2026-08-08T13:48:56+10:00,7887,Unoccupied,77415,"-37.828276971194235, 144.97124817328336"
2026-08-10T20:09:39+10:00,2026-07-09T10:35:11+10:00,7885,Present,77040,"-37.82523965178963, 144.97076227998198"
2026-08-10T20:09:39+10:00,2026-08-10T19:29:04+10:00,7606,Unoccupied,54453,"-37.81367497276315, 144.95996237158596"
2026-08-10T20:09:39+10:00,2026-08-10T19:51:15+10:00,7927,Present,68919,"-37.80953983108639, 144.95134391358746"
2026-08-10T20:09:39+10:00,2026-08-10T14:39:51+10:00,7927,Unoccupied,68918,"-37.8095149332845, 144.95140946573068"
2026-08-10T20:09:39+10:00,2026-08-09T15:43:15+10:00,7927,Present,68915,"-37.80943707001017, 144.9516143519086"
2026-08-10T20:09:39+10:00,2026-08-10T18:58:58+10:00,,Unoccupied,68913,"-37.80938921069992, 144.95174054913974"
2026-08-10T20:09:39+10:00,2025-01-07T01:07:45+11:00,,Unoccupied,68927,"-37.80972533985904, 144.95085724331295"
2026-08-10T20:09:39+10:00,2026-08-10T19:55:32+10:00,7927,Unoccupied,68924,"-37.80965381994142, 144.95104449229484"
2026-08-10T20:09:39+10:00,2026-08-10T17:57:09+10:00,7927,Present,68926,"-37.8097014238067, 144.95091961544787"
2026-08-10T20:09:39+10:00,2026-08-10T16:24:55+10:00,7704,Unoccupied,69813,"-37.80601839041661, 144.9587250979879"
2026-08-10T20:09:39+10:00,2026-08-10T17:46:05+10:00,7704,Unoccupied,69810,"-37.805964563965986, 144.9589096347176"
2026-08-10T20:09:39+10:00,2026-08-10T16:53:46+10:00,7107,Unoccupied,31324,"-37.80501456242531, 144.96816121333774"
2026-08-10T20:09:39+10:00,2026-08-10T18:01:08+10:00,7107,Unoccupied,31322,"-37.80502940137404, 144.96829618852033"
2026-08-10T20:09:39+10:00,2026-08-10T19:22:21+10:00,7097,Unoccupied,31132,"-37.805037145897586, 144.96667513699146"
2026-08-10T20:09:39+10:00,2026-08-10T17:09:52+10:00,7097,Present,31130,"-37.80505272376615, 144.9668208907795"
2026-08-10T20:09:39+10:00,2026-08-10T17:20:12+10:00,7097,Present,31129,"-37.80506054374848, 144.96689404034285"
2026-08-10T20:09:39+10:00,2026-08-10T18:58:59+10:00,7097,Present,31128,"-37.80506830254339, 144.96696663161958"
2026-08-10T20:09:39+10:00,2026-08-10T20:03:24+10:00,7099,Present,31120,"-37.80483448273856, 144.9665323125083"
2026-08-10T20:09:39+10:00,2026-08-10T19:19:57+10:00,7097,Present,31117,"-37.804856951763526, 144.96673760314098"
2026-08-10T20:09:39+10:00,2026-08-10T18:40:58+10:00,7097,Present,31112,"-37.80490615828202, 144.96718672678048"
2026-08-10T20:09:39+10:00,2026-08-10T16:13:40+10:00,7107,Unoccupied,31326,"-37.804999678775545, 144.96802628372777"
2026-08-10T20:09:39+10:00,2026-08-10T20:04:35+10:00,7104,Present,19116,"-37.80471003675821, 144.96537097952282"
2026-08-10T20:09:39+10:00,2026-08-10T20:02:04+10:00,7104,Unoccupied,19127,"-37.80494839917753, 144.9658233266287"
2026-08-10T20:09:39+10:00,2026-08-10T19:26:03+10:00,7104,Present,19129,"-37.80493341111498, 144.96568741312086"
2026-08-10T20:09:39+10:00,2026-08-10T19:21:12+10:00,7104,Present,19134,"-37.804895336142664, 144.9653409255782"
2026-08-10T20:09:39+10:00,2026-08-10T19:30:34+10:00,7104,Unoccupied,19135,"-37.80488844438513, 144.96527843779126"
2026-08-10T20:09:39+10:00,2026-08-10T19:47:51+10:00,7115,Unoccupied,34226,"-37.804522112884854, 144.9636708857098"
2026-08-10T20:09:39+10:00,2026-08-10T19:21:22+10:00,7110,Present,19112,"-37.804738798654554, 144.9656410692728"
2026-08-10T20:09:39+10:00,2026-08-10T18:27:37+10:00,7115,Unoccupied,34227,"-37.804513819284054, 144.96359357449046"
2026-08-10T20:09:39+10:00,2026-08-10T19:19:56+10:00,,Present,26211,"-37.80389494262808, 144.96346735493842"
2026-08-10T20:09:39+10:00,2026-08-10T18:43:47+10:00,,Unoccupied,26241,"-37.80342896476496, 144.9633695104178"
2026-08-10T20:09:39+10:00,2026-08-10T19:34:14+10:00,7121,Unoccupied,26235,"-37.80377308546883, 144.9633105186573"
2026-08-10T20:09:39+10:00,2026-08-10T14:38:09+10:00,7121,Unoccupied,26237,"-37.80365881076492, 144.96333010566192"
2026-08-10T20:09:39+10:00,2026-08-10T19:13:08+10:00,7123,Present,26231,"-37.804071774524886, 144.9632593144242"
2026-08-10T20:09:39+10:00,2026-08-10T19:30:51+10:00,7123,Unoccupied,26230,"-37.804126233628935, 144.96324998684298"
2026-08-10T20:09:39+10:00,2026-08-10T20:04:28+10:00,7121,Present,26214,"-37.8037235257551, 144.96349662345557"
2026-08-10T20:09:39+10:00,2026-08-10T19:47:43+10:00,7121,Unoccupied,26218,"-37.8034892130123, 144.96353665081259"
2026-08-10T20:09:39+10:00,2026-08-10T19:09:29+10:00,7121,Unoccupied,26219,"-37.80343787750336, 144.96354515085426"
2026-08-10T20:09:39+10:00,2026-08-10T19:37:31+10:00,7123,Unoccupied,26224,"-37.8031877931011, 144.96358806208906"
2026-08-10T20:09:39+10:00,2026-08-10T19:15:59+10:00,7121,Unoccupied,26247,"-37.80305653726085, 144.96343522158753"
2026-08-10T20:09:39+10:00,2026-08-10T17:04:23+10:00,7121,Unoccupied,26246,"-37.80311367247204, 144.96342528281647"
2026-08-10T20:09:39+10:00,2026-08-10T17:10:38+10:00,7121,Present,26217,"-37.80354277910335, 144.9635274848639"
2026-08-10T20:09:39+10:00,2026-07-28T22:13:43+10:00,7086,Present,30422,"-37.802441573854935, 144.9639797836744"
2026-08-10T20:09:39+10:00,2026-08-10T18:58:31+10:00,7086,Present,30427,"-37.80261686837417, 144.96472004496343"
2026-08-10T20:09:39+10:00,2026-08-10T19:09:52+10:00,7086,Present,30428,"-37.80259991839412, 144.96455776406478"
2026-08-10T20:09:39+10:00,2026-08-10T19:53:03+10:00,7086,Present,30429,"-37.80259667368978, 144.9645268063468"
2026-08-10T20:09:39+10:00,2026-08-10T15:37:29+10:00,7086,Unoccupied,30431,"-37.80258661919929, 144.96443083093655"
2026-08-10T20:09:39+10:00,2026-08-10T17:11:31+10:00,7086,Present,30432,"-37.80258338625111, 144.9644000151211"
2026-08-10T20:09:39+10:00,2026-08-10T20:05:21+10:00,7086,Unoccupied,30435,"-37.802573672432146, 144.96430713907142"
2026-08-10T20:09:39+10:00,2026-08-10T19:32:29+10:00,7086,Unoccupied,30442,"-37.802545998310954, 144.964047002827"
2026-08-10T20:09:39+10:00,2026-08-10T19:33:44+10:00,7086,Unoccupied,30445,"-37.80253493827261, 144.96394344218226"
2026-08-10T20:09:39+10:00,2026-08-04T08:58:26+10:00,,Present,30459,"-37.802630292435644, 144.9639697463808"
2026-08-10T20:09:39+10:00,2026-08-10T19:04:18+10:00,7086,Present,30416,"-37.80249056759323, 144.96442683162172"
2026-08-10T20:09:39+10:00,2026-08-10T17:06:40+10:00,7087,Unoccupied,30457,"-37.802645685106214, 144.96410756926662"
2026-08-10T20:09:39+10:00,2026-08-10T16:45:41+10:00,7119,Present,37140,"-37.80081104495561, 144.9639955664125"
2026-08-10T20:09:39+10:00,2026-08-10T18:01:42+10:00,7117,Present,37130,"-37.80130819738367, 144.96391055698228"
2026-08-10T20:09:39+10:00,2026-08-10T18:07:16+10:00,7064,Present,36843,"-37.804481415019104, 144.96619474090127"
2026-08-10T20:09:39+10:00,2026-08-10T17:21:03+10:00,7064,Present,36847,"-37.80422748450578, 144.9662379580292"
2026-08-10T20:09:39+10:00,2026-08-10T15:51:02+10:00,7064,Present,36848,"-37.804173901124045, 144.96624707007373"
2026-08-10T20:09:39+10:00,2026-08-10T19:56:50+10:00,7064,Present,36849,"-37.80412033482561, 144.96625618375737"
2026-08-10T20:09:39+10:00,2026-08-10T20:01:22+10:00,7066,Present,36747,"-37.802585309698216, 144.96651687466561"
2026-08-10T20:09:39+10:00,2026-08-10T18:43:18+10:00,7066,Present,36746,"-37.80263884508348, 144.96650779101918"
2026-08-10T20:09:39+10:00,2026-08-10T19:55:25+10:00,7066,Present,36744,"-37.80274598031137, 144.96648960592307"
2026-08-10T20:09:39+10:00,2026-08-10T17:04:04+10:00,7066,Present,36741,"-37.8029044851875, 144.96646269979004"
2026-08-10T20:09:39+10:00,2026-08-10T19:25:37+10:00,7075,Present,36740,"-37.800979196653344, 144.9669802399348"
2026-08-10T20:09:39+10:00,2026-08-10T16:40:57+10:00,7072,Present,36735,"-37.8012599429796, 144.9669328188069"
2026-08-10T20:09:39+10:00,2026-08-10T17:21:44+10:00,7072,Present,36730,"-37.80151896471757, 144.96688890464728"
2026-08-10T20:09:39+10:00,2026-08-10T17:20:31+10:00,7072,Present,36736,"-37.801206367901635, 144.96694184617613"
2026-08-10T20:09:39+10:00,2026-08-10T18:30:55+10:00,7075,Unoccupied,36722,"-37.8019476157708, 144.96681514150617"
2026-08-10T20:09:39+10:00,2026-08-10T19:52:24+10:00,7948,Unoccupied,67428,"-37.81297394325623, 144.95187429713673"
2026-08-10T20:09:39+10:00,2026-08-10T19:45:14+10:00,7391,Present,53326,"-37.81176427943376, 144.96191310787736"
2026-08-10T20:09:39+10:00,2026-08-10T12:23:20+10:00,7391,Present,53327,"-37.8117109842756, 144.96188850278315"
2026-08-10T20:09:39+10:00,2026-08-10T14:09:39+10:00,7122,Present,36032,"-37.806235161381366, 144.96287565783805"
2026-08-10T20:09:39+10:00,2026-08-10T19:20:09+10:00,7043,Present,31943,"-37.806180275829746, 144.96448058976495"
2026-08-10T20:09:39+10:00,2026-08-10T18:36:05+10:00,7043,Unoccupied,31948,"-37.806054020181364, 144.9645028559866"
2026-08-10T20:09:39+10:00,2026-08-10T18:53:49+10:00,7043,Present,31949,"-37.8060303749543, 144.96450704107312"
2026-08-10T20:09:39+10:00,2026-08-10T16:57:29+10:00,7043,Present,31979,"-37.80570856470337, 144.96456398480558"
2026-08-10T20:09:39+10:00,2026-08-10T19:44:47+10:00,7043,Unoccupied,31957,"-37.80557384582363, 144.96458783133693"
2026-08-10T20:09:39+10:00,2026-08-10T19:10:45+10:00,7043,Unoccupied,31958,"-37.80554930329042, 144.96459211259622"
2026-08-10T20:09:39+10:00,2026-08-10T19:44:54+10:00,7043,Present,31959,"-37.80552566024083, 144.9645962976328"
2026-08-10T20:09:39+10:00,2026-08-10T18:58:53+10:00,7043,Present,31986,"-37.80533068071274, 144.9646314150715"
2026-08-10T20:09:39+10:00,2026-08-10T19:33:16+10:00,7043,Unoccupied,31971,"-37.805134525443975, 144.9646655878068"
2026-08-10T20:09:39+10:00,2026-08-10T19:41:04+10:00,7043,Present,31913,"-37.806283395092144, 144.96458564054217"
2026-08-10T20:09:39+10:00,2026-08-10T17:32:43+10:00,7043,Present,31924,"-37.805521729891844, 144.96472070790577"
2026-08-10T20:09:39+10:00,2026-08-10T19:05:12+10:00,7043,Unoccupied,31926,"-37.80536343203306, 144.96474801124003"
2026-08-10T20:09:39+10:00,2026-08-10T13:39:38+10:00,7043,Unoccupied,31929,"-37.80518756566127, 144.96477826719376"
2026-08-10T20:09:39+10:00,2026-08-10T19:24:48+10:00,7043,Unoccupied,31930,"-37.8051331098948, 144.9647876340702"
2026-08-10T20:09:39+10:00,2026-08-10T19:09:12+10:00,7043,Unoccupied,31931,"-37.80507865638838, 144.96479700033854"
2026-08-10T20:09:39+10:00,2026-08-10T20:00:50+10:00,7043,Unoccupied,31960,"-37.806388301400105, 144.96432710858858"
2026-08-10T20:09:39+10:00,2026-08-10T18:50:44+10:00,7043,Present,31953,"-37.80643743224016, 144.9643184186941"
2026-08-10T20:09:39+10:00,2026-08-10T19:04:20+10:00,,Unoccupied,31935,"-37.806491231876485, 144.9644259325475"
2026-08-10T20:09:39+10:00,2026-08-10T18:11:28+10:00,7043,Present,31917,"-37.80606056640025, 144.96462463047598"
2026-08-10T20:09:39+10:00,2026-08-10T18:16:51+10:00,7043,Present,31963,"-37.80613214108526, 144.96437245746364"
2026-08-10T20:09:39+10:00,2026-08-10T18:59:10+10:00,,Unoccupied,31951,"-37.80653476234056, 144.9643014267048"
2026-08-10T20:09:39+10:00,2026-08-10T19:36:21+10:00,7043,Unoccupied,31999,"-37.80500886650491, 144.96456982468956"
2026-08-10T20:09:39+10:00,2026-08-10T14:56:25+10:00,7023,Unoccupied,30875,"-37.804544306304095, 144.9602438099628"
2026-08-10T20:09:39+10:00,2025-10-07T09:57:57+11:00,7023,Present,30878,"-37.804471693396636, 144.96025636579793"
2026-08-10T20:09:39+10:00,2026-08-10T19:03:26+10:00,,Unoccupied,30833,"-37.8047840675453, 144.96032118432174"
2026-08-10T20:09:39+10:00,2026-08-10T17:54:36+10:00,7039,Present,30810,"-37.80608642687173, 144.96009485474497"
2026-08-10T20:09:39+10:00,2026-08-10T17:54:28+10:00,7039,Unoccupied,30811,"-37.80603738960133, 144.96010344630082"
2026-08-10T20:09:39+10:00,2026-08-07T15:49:14+10:00,7025,Unoccupied,22826,"-37.80507806285682, 144.96178224560674"
2026-08-10T20:09:39+10:00,2023-08-16T08:08:51+10:00,7019,Present,22882,"-37.80617828444319, 144.96135100873266"
2026-08-10T20:09:39+10:00,2026-08-08T07:49:12+10:00,7019,Unoccupied,22883,"-37.806125188323406, 144.96136048874374"
2026-08-10T20:09:39+10:00,2026-05-30T10:34:34+10:00,7019,Unoccupied,22899,"-37.80472576168309, 144.96160869188185"
2026-08-10T20:09:39+10:00,2023-08-14T08:50:13+10:00,7025,Present,22897,"-37.80482983959025, 144.96159036988695"
2026-08-10T20:09:39+10:00,2026-08-08T10:46:30+10:00,7025,Unoccupied,22853,"-37.805483909726114, 144.96159233029726"
2026-08-10T20:09:39+10:00,2026-08-07T15:52:09+10:00,7025,Unoccupied,22857,"-37.80539110512534, 144.9616086211243"
2026-08-10T20:09:39+10:00,2026-08-09T12:45:56+10:00,,Unoccupied,22863,"-37.80518901166605, 144.96164409620485"
2026-08-10T20:09:39+10:00,2026-07-23T19:26:02+10:00,,Unoccupied,22864,"-37.80516424821353, 144.9616484435076"
2026-08-10T20:09:39+10:00,2026-02-18T10:05:19+11:00,7025,Unoccupied,22878,"-37.80474014846337, 144.96172289483584"
2026-08-10T20:09:39+10:00,2026-02-18T09:51:25+11:00,7025,Present,22871,"-37.80491461431103, 144.96169226366592"
2026-08-10T20:09:39+10:00,2026-08-08T14:07:47+10:00,7025,Unoccupied,22870,"-37.80496811052886, 144.96168291390882"
2026-08-10T20:09:39+10:00,2026-08-09T23:06:26+10:00,,Unoccupied,22865,"-37.80511026190119, 144.96165791962213"
2026-08-10T20:09:39+10:00,2026-08-02T19:07:23+10:00,,Unoccupied,22866,"-37.80508483319417, 144.96166238640646"
2026-08-10T20:09:39+10:00,2026-07-27T17:53:36+10:00,7025,Unoccupied,22814,"-37.80598244387383, 144.96162268707374"
2026-08-10T20:09:39+10:00,2026-08-08T03:49:28+10:00,7025,Unoccupied,22898,"-37.804776268992946, 144.96159979254395"
2026-08-10T20:09:39+10:00,2026-08-09T10:46:48+10:00,7025,Unoccupied,22818,"-37.805624165336965, 144.96168589172794"
2026-08-10T20:09:39+10:00,2026-08-10T11:44:21+10:00,7025,Unoccupied,22829,"-37.804812230422506, 144.961829556113"
2026-08-10T20:09:39+10:00,2025-09-05T10:01:18+10:00,7025,Unoccupied,22812,"-37.806087280172434, 144.96160410837598"
2026-08-10T20:09:39+10:00,2026-07-20T15:47:04+10:00,7019,Unoccupied,22811,"-37.806140809395245, 144.9615946214163"
2026-08-10T20:09:39+10:00,2026-08-10T19:54:27+10:00,7076,Unoccupied,22342,"-37.80652542691262, 144.96581338551778"
2026-08-10T20:09:39+10:00,2026-08-10T16:09:34+10:00,7076,Present,22343,"-37.80647097726281, 144.9658227976978"
2026-08-10T20:09:39+10:00,2026-08-10T16:46:47+10:00,7076,Present,22346,"-37.80630762966446, 144.96585103527786"
2026-08-10T20:09:39+10:00,2026-08-10T15:55:15+10:00,,Present,22354,"-37.805768840288586, 144.9659434081538"
2026-08-10T20:09:39+10:00,2026-08-10T19:30:21+10:00,7076,Unoccupied,22325,"-37.805866768962055, 144.96616675046732"
2026-08-10T20:09:39+10:00,2026-08-10T20:00:59+10:00,7076,Unoccupied,22324,"-37.80591632692924, 144.96615814371535"
2026-08-10T20:09:39+10:00,2026-08-10T15:31:34+10:00,7076,Present,22316,"-37.806342299359855, 144.96608413700358"
2026-08-10T20:09:39+10:00,2026-08-10T19:30:14+10:00,,Unoccupied,22353,"-37.80583129757177, 144.9659326384094"
2026-08-10T20:09:39+10:00,2026-08-10T17:47:30+10:00,7076,Present,22359,"-37.80548032713358, 144.96599316742845"
2026-08-10T20:09:39+10:00,2026-08-10T19:04:42+10:00,,Unoccupied,22360,"-37.8054214111162, 144.96600332997804"
2026-08-10T20:09:39+10:00,2026-08-10T18:38:13+10:00,7068,Present,21016,"-37.79788610289566, 144.96751306949673"
2026-08-10T20:09:39+10:00,2026-08-10T19:58:27+10:00,7068,Present,21018,"-37.79777725191275, 144.967531651599"
2026-08-10T20:09:39+10:00,2026-08-10T14:18:27+10:00,7068,Unoccupied,21032,"-37.79784269108056, 144.96733735459694"
2026-08-10T20:09:39+10:00,2026-08-10T19:51:46+10:00,7068,Present,21031,"-37.797896227306175, 144.96732821249526"
2026-08-10T20:09:39+10:00,2026-08-10T20:07:18+10:00,7068,Unoccupied,21020,"-37.797667110781745, 144.96755411490983"
2026-08-10T20:09:39+10:00,2026-08-10T17:10:45+10:00,7070,Present,21039,"-37.797468237981036, 144.9673766999289"
2026-08-10T20:09:39+10:00,2026-08-10T17:12:29+10:00,7092,Present,29314,"-37.80298763718908, 144.96896215046394"
2026-08-10T20:09:39+10:00,2026-08-10T18:25:59+10:00,7092,Present,29325,"-37.80310561346882, 144.96915511468194"
2026-08-10T20:09:39+10:00,2025-12-21T17:08:48+11:00,7092,Unoccupied,29326,"-37.80310214271329, 144.96912353351715"
2026-08-10T20:09:39+10:00,2026-08-10T17:06:39+10:00,7092,Present,29330,"-37.803088245381616, 144.9689970900249"
2026-08-10T20:09:39+10:00,2026-08-10T18:18:50+10:00,7092,Present,29336,"-37.803064175574164, 144.96877809774804"
2026-08-10T20:09:39+10:00,2026-08-10T19:50:29+10:00,7092,Unoccupied,29342,"-37.803040299311775, 144.96856083644138"
2026-08-10T20:09:39+10:00,2026-08-10T18:10:39+10:00,7092,Present,29344,"-37.80303014704569, 144.96846850398742"
2026-08-10T20:09:39+10:00,2026-08-10T18:01:56+10:00,7092,Present,29347,"-37.8030199705533, 144.9683759156281"
2026-08-10T20:09:39+10:00,2026-08-10T16:50:43+10:00,7092,Unoccupied,29364,"-37.80312796789725, 144.96851648962698"
2026-08-10T20:09:39+10:00,2026-08-10T17:38:27+10:00,7092,Unoccupied,29359,"-37.80316639857656, 144.96886517308067"
2026-08-10T20:09:39+10:00,2026-08-10T18:46:39+10:00,,Present,29357,"-37.80318744488925, 144.96905390807186"
2026-08-10T20:09:39+10:00,2026-08-10T18:44:03+10:00,7092,Present,29356,"-37.80319595411114, 144.96912978605883"
2026-08-10T20:09:39+10:00,2026-08-10T19:09:08+10:00,7092,Present,29340,"-37.80304685301351, 144.9686211416893"
2026-08-10T20:09:39+10:00,2026-08-10T18:52:47+10:00,7092,Present,29366,"-37.80310982402585, 144.96835597604465"
2026-08-10T20:09:39+10:00,2026-08-10T20:05:14+10:00,7092,Unoccupied,29321,"-37.80293096248636, 144.9684507189623"
2026-08-10T20:09:39+10:00,2026-08-10T18:27:50+10:00,7071,Present,34929,"-37.799168200236764, 144.96729136519554"
2026-08-10T20:09:39+10:00,2026-08-10T18:55:03+10:00,7069,Present,34942,"-37.800326608634464, 144.9669123930624"
2026-08-10T20:09:39+10:00,2026-08-10T18:12:59+10:00,7069,Present,34945,"-37.800155740482396, 144.96694259420423"
2026-08-10T20:09:39+10:00,2026-08-10T17:13:50+10:00,,Unoccupied,34954,"-37.79961934183446, 144.9670366780643"
2026-08-10T20:09:39+10:00,2026-08-10T16:30:22+10:00,7071,Present,34912,"-37.80033217739094, 144.9670911030102"
2026-08-10T20:09:39+10:00,2026-08-10T19:27:02+10:00,7071,Present,34961,"-37.79924783619406, 144.96710050961855"
2026-08-10T20:09:39+10:00,2026-08-10T18:16:25+10:00,7071,Present,34930,"-37.79911422512875, 144.96730056735015"
2026-08-10T20:09:39+10:00,2026-08-10T17:06:41+10:00,7071,Present,34910,"-37.800488991494404, 144.9670640855824"
2026-08-10T20:09:39+10:00,2023-11-01T18:31:48+11:00,7089,Present,16743,"-37.80286903187459, 144.96699877866286"
2026-08-10T20:09:39+10:00,2026-08-10T19:02:07+10:00,7089,Present,16742,"-37.80287247644243, 144.96703003856322"
2026-08-10T20:09:39+10:00,2026-08-10T17:21:11+10:00,7089,Present,16737,"-37.80289341650826, 144.9672204731118"
2026-08-10T20:09:39+10:00,2026-08-10T19:15:48+10:00,7089,Present,16736,"-37.802896734212865, 144.96725077740376"
2026-08-10T20:09:39+10:00,2026-08-10T19:46:22+10:00,7089,Present,16734,"-37.80291835892599, 144.96744736301645"
2026-08-10T20:09:39+10:00,2026-08-10T17:18:41+10:00,7089,Present,16733,"-37.80292176217198, 144.96747839026614"
2026-08-10T20:09:39+10:00,2026-08-10T16:58:37+10:00,7089,Present,16732,"-37.80292514623777, 144.96750917860152"
2026-08-10T20:09:39+10:00,2026-08-10T17:27:34+10:00,7089,Present,16730,"-37.80293199813251, 144.96757151168123"
2026-08-10T20:09:39+10:00,2026-08-10T19:25:53+10:00,7089,Present,16729,"-37.80293564020313, 144.96760466100622"
2026-08-10T20:09:39+10:00,2026-08-10T16:49:29+10:00,7089,Present,16726,"-37.8029497090356, 144.9677326331489"
2026-08-10T20:09:39+10:00,2026-08-10T17:01:24+10:00,7089,Present,16725,"-37.80295328806278, 144.967765192515"
2026-08-10T20:09:39+10:00,2026-08-10T18:37:38+10:00,7089,Present,16717,"-37.80280262533111, 144.96728154786427"
2026-08-10T20:09:39+10:00,2023-11-01T19:31:13+11:00,7089,Present,16748,"-37.80304231771021, 144.96772768900928"
2026-08-10T20:09:39+10:00,2023-11-01T18:56:05+11:00,7089,Present,16749,"-37.80303440983009, 144.96765439564842"
2026-08-10T20:09:39+10:00,2025-10-18T23:32:49+11:00,7089,Unoccupied,16760,"-37.80294749377299, 144.9668623090412"
2026-08-10T20:09:39+10:00,2026-08-10T20:04:38+10:00,7089,Present,16759,"-37.80295495109632, 144.96693094421778"
2026-08-10T20:09:39+10:00,2026-08-10T18:33:52+10:00,7089,Present,16757,"-37.802971580993805, 144.9670816546034"
2026-08-10T20:09:39+10:00,2026-08-10T18:32:01+10:00,7090,Present,16721,"-37.80276569640026, 144.96694122774824"
2026-08-10T20:09:39+10:00,2026-08-10T18:33:10+10:00,7029,Present,36347,"-37.80228666646721, 144.96515873366667"
2026-08-10T20:09:39+10:00,2026-08-10T18:11:30+10:00,7029,Present,36352,"-37.80215945319074, 144.96518056693708"
2026-08-10T20:09:39+10:00,2026-08-10T19:48:48+10:00,7028,Unoccupied,29611,"-37.80167833481503, 144.96538491843376"
2026-08-10T20:09:39+10:00,2026-08-10T19:35:08+10:00,7028,Unoccupied,29617,"-37.801242836578766, 144.96546053371245"
2026-08-10T20:09:39+10:00,2026-08-10T19:42:10+10:00,,Unoccupied,29687,"-37.800951564274584, 144.96527445238252"
2026-08-10T20:09:39+10:00,2026-08-10T16:59:38+10:00,7028,Present,29681,"-37.801442417123994, 144.9651906134928"
2026-08-10T20:09:39+10:00,2024-12-06T10:55:45+11:00,7029,Unoccupied,36323,"-37.802451413199016, 144.965254266814"
2026-08-10T20:09:39+10:00,2026-08-10T18:48:36+10:00,7028,Present,29630,"-37.80162600692386, 144.9652734329913"
2026-08-10T20:09:39+10:00,2026-08-10T19:57:24+10:00,7028,Present,29631,"-37.80157822010514, 144.96528155218527"
2026-08-10T20:09:39+10:00,2026-08-10T19:36:22+10:00,7028,Unoccupied,29638,"-37.80138446590112, 144.96531475966606"
2026-08-10T20:09:39+10:00,2026-08-10T19:39:16+10:00,7028,Present,29645,"-37.80119442154024, 144.9653475284801"
2026-08-10T20:09:39+10:00,2026-08-10T20:06:55+10:00,7028,Unoccupied,29647,"-37.801145331463985, 144.96535595627537"
2026-08-10T20:09:39+10:00,2026-08-10T19:38:47+10:00,7028,Present,29649,"-37.80109608753236, 144.96536463541656"
2026-08-10T20:09:39+10:00,2026-08-10T17:29:36+10:00,7028,Present,29652,"-37.800998667109255, 144.9653811278969"
2026-08-10T20:09:39+10:00,2026-08-10T17:32:59+10:00,7028,Present,29637,"-37.801436131753476, 144.96530580857802"
2026-08-10T20:09:39+10:00,2026-08-10T17:46:27+10:00,7029,Present,36331,"-37.803156594140006, 144.96501530258064"
2026-08-10T20:09:39+10:00,2026-08-10T17:42:44+10:00,7029,Unoccupied,36333,"-37.803108397883776, 144.9650236771061"
2026-08-10T20:09:39+10:00,2025-11-11T17:14:09+11:00,7029,Unoccupied,36314,"-37.80293942056676, 144.9651691682027"
2026-08-10T20:09:39+10:00,2026-08-10T17:44:12+10:00,7029,Present,36370,"-37.80286773724079, 144.96494191692244"
2026-08-10T20:09:39+10:00,2026-08-10T18:15:33+10:00,,Present,29713,"-37.80428255029237, 144.96493585695853"
2026-08-10T20:09:39+10:00,2026-08-10T18:36:35+10:00,7029,Present,36366,"-37.80318881706957, 144.96488652088092"
2026-08-10T20:09:39+10:00,2026-08-10T12:12:00+10:00,7029,Present,36365,"-37.80325977412758, 144.96487424541414"
2026-08-10T20:09:39+10:00,2026-08-10T19:59:21+10:00,7001,Present,35757,"-37.80213899999133, 144.966230710182"
2026-08-10T20:09:39+10:00,2026-08-10T18:03:05+10:00,7001,Present,35756,"-37.802146161500644, 144.9662970000307"
2026-08-10T20:09:39+10:00,2026-08-10T19:37:51+10:00,7001,Present,35744,"-37.80199709557344, 144.96575681194884"
2026-08-10T20:09:39+10:00,2026-08-10T18:38:43+10:00,7001,Present,35743,"-37.80200036301897, 144.96578760995277"
2026-08-10T20:09:39+10:00,2026-08-10T18:34:52+10:00,7001,Unoccupied,35740,"-37.802010383183, 144.96588114944237"
2026-08-10T20:09:39+10:00,2026-08-10T13:59:38+10:00,7001,Present,35730,"-37.80204476862802, 144.96620109166076"
2026-08-10T20:09:39+10:00,2026-08-10T18:45:14+10:00,7001,Present,35727,"-37.802056925436474, 144.9663141018279"
2026-08-10T20:09:39+10:00,2026-08-10T19:10:48+10:00,,Present,35721,"-37.801886086090256, 144.965614613172"
2026-08-10T20:09:39+10:00,2026-08-10T19:19:09+10:00,7001,Present,35733,"-37.80203425977775, 144.96610369776772"
2026-08-10T20:09:39+10:00,2026-08-10T19:37:02+10:00,7047,Unoccupied,37336,"-37.800560024551785, 144.96482180852288"
2026-08-10T20:09:39+10:00,2026-08-10T19:46:15+10:00,7047,Unoccupied,37335,"-37.80056710016495, 144.96488595907343"
2026-08-10T20:09:39+10:00,2026-08-10T19:54:11+10:00,7047,Present,37333,"-37.800581970707626, 144.96502091265288"
2026-08-10T20:09:39+10:00,2026-08-10T19:46:50+10:00,7047,Unoccupied,37331,"-37.80059647708432, 144.96515241913568"
2026-08-10T20:09:39+10:00,2026-08-10T20:02:57+10:00,7047,Unoccupied,37317,"-37.80046449203071, 144.9648256405581"
2026-08-10T20:09:39+10:00,2026-08-10T20:04:13+10:00,,Unoccupied,37321,"-37.8004350847051, 144.96455561087922"
2026-08-10T20:09:39+10:00,2026-08-10T19:46:25+10:00,7108,Unoccupied,16225,"-37.80182841458806, 144.96983186851185"
2026-08-10T20:09:39+10:00,2026-08-10T20:06:27+10:00,7108,Unoccupied,16214,"-37.802400852757046, 144.96973318558503"
2026-08-10T20:09:39+10:00,2026-08-10T16:46:02+10:00,7108,Unoccupied,16215,"-37.802349499134834, 144.9697421124181"
2026-08-10T20:09:39+10:00,2026-08-10T17:36:43+10:00,7198,Unoccupied,16216,"-37.802298250801414, 144.96975107588213"
2026-08-10T20:09:39+10:00,2026-08-10T19:26:28+10:00,7112,Unoccupied,16242,"-37.80274004520065, 144.96952574198826"
2026-08-10T20:09:39+10:00,2026-08-10T15:26:38+10:00,7112,Unoccupied,16241,"-37.80281148880789, 144.9695130402333"
2026-08-10T20:09:39+10:00,2026-08-10T19:46:51+10:00,7096,Present,22414,"-37.80632972153725, 144.96517801916167"
2026-08-10T20:09:39+10:00,2026-08-10T20:05:22+10:00,7096,Present,22432,"-37.80652243512118, 144.96522120701553"
2026-08-10T20:09:39+10:00,2026-08-10T19:30:29+10:00,7113,Present,33851,"-37.803633678543896, 144.96936907618425"
2026-08-10T20:09:39+10:00,2026-08-10T19:29:00+10:00,7113,Present,33845,"-37.803953249585355, 144.9693138531173"
2026-08-10T20:09:39+10:00,2025-11-29T10:52:29+11:00,7113,Present,33844,"-37.80400326317861, 144.96930519550128"
2026-08-10T20:09:39+10:00,2026-08-10T19:39:41+10:00,7113,Present,33849,"-37.8037434963767, 144.96935010723112"
2026-08-10T20:09:39+10:00,2026-08-10T18:50:37+10:00,7113,Present,33837,"-37.804389130454624, 144.96924584248057"
2026-08-10T20:09:39+10:00,2026-08-10T18:31:58+10:00,,Unoccupied,33811,"-37.804675493783265, 144.9693573234095"
2026-08-10T20:09:39+10:00,2026-08-10T18:05:55+10:00,7048,Present,36618,"-37.800573606859096, 144.96582770616573"
2026-08-10T20:09:39+10:00,2026-08-10T19:47:21+10:00,7048,Present,36616,"-37.800588181840475, 144.96596271903067"
2026-08-10T20:09:39+10:00,2026-08-10T17:41:23+10:00,7046,Present,19293,"-37.79881021903887, 144.9656395394964"
2026-08-10T20:09:39+10:00,2026-08-10T19:16:13+10:00,7034,Present,19264,"-37.79876013865301, 144.96576033491797"
2026-08-10T20:09:39+10:00,2026-08-10T17:17:07+10:00,7034,Present,19261,"-37.798851417181055, 144.96574512875486"
2026-08-10T20:09:39+10:00,2026-05-16T20:03:16+10:00,7034,Unoccupied,19260,"-37.79887713654401, 144.965740749882"
2026-08-10T20:09:39+10:00,2026-08-10T20:07:38+10:00,7034,Unoccupied,19257,"-37.798946967797846, 144.96572880549533"
2026-08-10T20:09:39+10:00,2026-05-22T15:36:53+10:00,7034,Unoccupied,19255,"-37.79901737509053, 144.96571652355604"
2026-08-10T20:09:39+10:00,2026-08-10T18:09:41+10:00,7034,Present,19251,"-37.79911223274277, 144.96570010157802"
2026-08-10T20:09:39+10:00,2026-08-10T17:29:51+10:00,7034,Present,19237,"-37.79950797088365, 144.9656320955549"
2026-08-10T20:09:39+10:00,2026-08-10T20:06:13+10:00,7034,Present,19234,"-37.799575334502606, 144.96562050753755"
2026-08-10T20:09:39+10:00,2026-08-10T17:33:56+10:00,7034,Present,19232,"-37.799642269988475, 144.96560893254448"
2026-08-10T20:09:39+10:00,2026-08-10T17:53:15+10:00,7034,Present,19231,"-37.79966549651095, 144.96560496204282"
2026-08-10T20:09:39+10:00,2026-08-10T17:58:08+10:00,7034,Present,19228,"-37.799735160587375, 144.9655930649242"
2026-08-10T20:09:39+10:00,2026-08-10T17:18:58+10:00,7034,Present,19214,"-37.800111665442536, 144.96552830056513"
2026-08-10T20:09:39+10:00,2026-08-10T15:42:32+10:00,7034,Present,19211,"-37.8001891442806, 144.96551496419494"
2026-08-10T20:09:39+10:00,2026-08-10T17:46:10+10:00,7034,Present,19210,"-37.800214683782066, 144.96551055635052"
2026-08-10T20:09:39+10:00,2026-08-10T17:55:59+10:00,7046,Present,19287,"-37.79914874654654, 144.96558234375055"
2026-08-10T20:09:39+10:00,2026-08-10T17:29:55+10:00,7034,Present,19221,"-37.79988378132984, 144.96556739097613"
2026-08-10T20:09:39+10:00,2026-07-29T11:09:52+10:00,7034,Unoccupied,19220,"-37.799908823041996, 144.96556310134642"
2026-08-10T20:09:39+10:00,2026-08-10T19:46:10+10:00,7034,Present,19217,"-37.800010018935865, 144.96554605920835"
2026-08-10T20:09:39+10:00,2026-08-10T17:05:18+10:00,7034,Present,19219,"-37.79995792924623, 144.96555535681216"
2026-08-10T20:09:39+10:00,2026-08-10T16:34:57+10:00,7034,Present,19229,"-37.79971196078502, 144.9655970312626"
2026-08-10T20:09:39+10:00,2026-08-10T19:34:16+10:00,7034,Present,19248,"-37.79920299558839, 144.9656843284301"
2026-08-10T20:09:39+10:00,2026-08-10T19:19:22+10:00,7034,Present,19224,"-37.79980879054972, 144.96558024025805"
2026-08-10T20:09:39+10:00,2026-08-10T20:07:04+10:00,7493,Present,67147,"-37.81078804040459, 144.9599985089146"
2026-08-10T20:09:39+10:00,2026-08-10T20:01:23+10:00,7492,Present,67151,"-37.81086474221962, 144.95974230551076"
2026-08-10T20:09:39+10:00,2026-08-10T19:29:15+10:00,7497,Present,66841,"-37.8083158906336, 144.96845476961644"
2026-08-10T20:09:39+10:00,2026-08-10T19:08:03+10:00,7509,Present,66733,"-37.80793436899485, 144.96974584230458"
2026-08-10T20:09:39+10:00,2026-08-10T19:34:48+10:00,7509,Present,66734,"-37.807951197788285, 144.96968830532273"
2026-08-10T20:09:39+10:00,2026-08-10T18:41:32+10:00,7339,Present,63918,"-37.81536158850875, 144.95904649682126"
2026-08-10T20:09:39+10:00,2026-08-10T18:17:03+10:00,7338,Present,63912,"-37.815262548811816, 144.95939265881617"
2026-08-10T20:09:39+10:00,2026-08-10T16:55:22+10:00,7103,Unoccupied,31029,"-37.80439325137097, 144.9608108586466"
2026-08-10T20:09:39+10:00,2026-08-10T19:17:36+10:00,,Unoccupied,31021,"-37.80417920816363, 144.9605709627549"
2026-08-10T20:09:39+10:00,2025-11-21T14:06:10+11:00,7101,Unoccupied,31017,"-37.80421149799578, 144.9608594087021"
2026-08-10T20:09:39+10:00,2026-08-10T17:41:34+10:00,7101,Unoccupied,31014,"-37.80423509241872, 144.96107015993556"
2026-08-10T20:09:39+10:00,2026-08-10T17:43:29+10:00,7103,Unoccupied,31019,"-37.80419557408445, 144.9607171723223"
2026-08-10T20:09:39+10:00,2025-09-26T01:19:22+10:00,7101,Unoccupied,31015,"-37.8042270986744, 144.9609987605979"
2026-08-10T20:09:39+10:00,2025-07-03T11:46:41+10:00,7102,Unoccupied,31032,"-37.80437059006789, 144.9606084669739"
2026-08-10T20:09:39+10:00,2026-08-10T19:28:33+10:00,7169,Present,31823,"-37.80434555362258, 144.96207298268087"
2026-08-10T20:09:39+10:00,2026-08-10T20:07:48+10:00,7109,Unoccupied,31818,"-37.80438832465509, 144.962464988366"
2026-08-10T20:09:39+10:00,2024-07-23T23:13:20+10:00,,Present,14169,"-37.8025002196022, 144.95964568727288"
2026-08-10T20:09:39+10:00,2026-08-10T18:56:42+10:00,7057,Present,30641,"-37.803552227538034, 144.96041967303535"
2026-08-10T20:09:39+10:00,2026-08-10T17:18:42+10:00,7057,Present,30643,"-37.80350539656013, 144.96042805160937"
2026-08-10T20:09:39+10:00,2026-08-10T19:11:20+10:00,7057,Unoccupied,30644,"-37.803481311983965, 144.96043236010115"
2026-08-10T20:09:39+10:00,2026-08-10T19:16:21+10:00,7057,Unoccupied,30647,"-37.803383344432504, 144.9604499631272"
2026-08-10T20:09:39+10:00,2026-08-10T17:35:24+10:00,7057,Unoccupied,30648,"-37.8033601519671, 144.96045411191412"
2026-08-10T20:09:39+10:00,2026-08-10T18:35:02+10:00,7057,Present,30650,"-37.803313771267554, 144.96046237379375"
2026-08-10T20:09:39+10:00,2026-08-10T19:15:08+10:00,7057,Unoccupied,30653,"-37.80321612651545, 144.96047987902693"
2026-08-10T20:09:39+10:00,2026-08-10T17:05:20+10:00,7057,Present,30657,"-37.803119788222425, 144.96049711453034"
2026-08-10T20:09:39+10:00,2026-08-10T19:10:25+10:00,7057,Unoccupied,30665,"-37.80282897337234, 144.96054914168747"
2026-08-10T20:09:39+10:00,2026-08-10T18:53:34+10:00,,Unoccupied,30675,"-37.80246803129332, 144.96061453732193"
2026-08-10T20:09:39+10:00,2026-08-10T18:00:31+10:00,,Present,30676,"-37.80244386440499, 144.96061883883954"
2026-08-10T20:09:39+10:00,2026-08-10T19:01:29+10:00,,Unoccupied,30677,"-37.80239861782452, 144.96062619513094"
2026-08-10T20:09:39+10:00,2026-08-10T19:44:55+10:00,7056,Present,30620,"-37.80343023103338, 144.96055964759313"
2026-08-10T20:09:39+10:00,2026-08-10T16:35:15+10:00,7057,Unoccupied,30626,"-37.80309626411841, 144.9606196941279"
2026-08-10T20:09:39+10:00,2026-08-10T16:56:28+10:00,7057,Present,30693,"-37.80276214321683, 144.9604436060007"
2026-08-10T20:09:39+10:00,2026-08-10T19:36:55+10:00,,Unoccupied,30698,"-37.802470072603626, 144.9604958204725"
2026-08-10T20:09:39+10:00,2026-08-08T13:03:45+10:00,7057,Present,30663,"-37.802947144970645, 144.9605283185955"
2026-08-10T20:09:39+10:00,2026-08-10T18:09:37+10:00,7057,Present,30662,"-37.80297142652415, 144.9605240612577"
2026-08-10T20:09:39+10:00,2026-08-10T19:18:36+10:00,7057,Unoccupied,30651,"-37.803290574108885, 144.96046655991114"
2026-08-10T20:09:39+10:00,2026-01-19T14:28:23+11:00,7057,Unoccupied,30629,"-37.80291703907916, 144.96065191271992"
2026-08-10T20:09:39+10:00,2026-08-10T17:03:52+10:00,7056,Unoccupied,30612,"-37.803905424526754, 144.96047422548574"
2026-08-10T20:09:39+10:00,2026-08-10T19:42:15+10:00,7056,Unoccupied,30613,"-37.80385411381996, 144.9604834692382"
2026-08-10T20:09:39+10:00,2026-08-10T19:59:58+10:00,7448,Unoccupied,68328,"-37.80866102914932, 144.95837776739552"
2026-08-10T20:09:39+10:00,2025-02-23T18:38:55+11:00,7448,Present,68397,"-37.808839489171774, 144.95843883815473"
2026-08-10T20:09:39+10:00,2026-08-10T20:06:27+10:00,7448,Unoccupied,68381,"-37.808466551692405, 144.95973097179862"
2026-08-10T20:09:39+10:00,2026-08-10T19:29:24+10:00,7448,Present,68388,"-37.808596889334765, 144.95927777404808"
2026-08-10T20:09:39+10:00,2025-11-30T12:38:06+11:00,,Present,68354,"-37.80856743824421, 144.95903826480014"
2026-08-10T20:09:39+10:00,2026-08-10T19:07:29+10:00,7448,Unoccupied,68396,"-37.808819404398996, 144.95850765151334"
2026-08-10T20:09:39+10:00,2026-08-10T20:06:10+10:00,7448,Unoccupied,68393,"-37.80874862476106, 144.9587534627454"
2026-08-10T20:09:39+10:00,2026-08-10T19:10:53+10:00,7448,Present,68324,"-37.80856849236491, 144.95869480603818"
2026-08-10T20:09:39+10:00,2026-08-09T06:24:42+10:00,7448,Present,68318,"-37.80840639819393, 144.95925337360848"
2026-08-10T20:09:39+10:00,2026-07-16T17:52:10+10:00,7448,Unoccupied,68320,"-37.808443106987866, 144.95912524153408"
2026-08-10T20:09:39+10:00,2026-08-10T16:52:15+10:00,7012,Unoccupied,17219,"-37.80345376481938, 144.95924475229458"
2026-08-10T20:09:39+10:00,2026-05-10T20:40:44+10:00,7012,Unoccupied,17218,"-37.803504534781375, 144.95926817116015"
2026-08-10T20:09:39+10:00,2026-02-06T08:44:49+11:00,7012,Present,17215,"-37.80366669803685, 144.95934298705123"
2026-08-10T20:09:39+10:00,2026-08-10T17:06:55+10:00,7012,Present,17210,"-37.80392051546597, 144.95946008347588"
2026-08-10T20:09:39+10:00,2026-08-10T19:40:07+10:00,,Unoccupied,17244,"-37.803907318307495, 144.9593035452564"
2026-08-10T20:09:39+10:00,2026-08-10T15:55:29+10:00,7010,Unoccupied,17247,"-37.80375620016409, 144.9592338484461"
2026-08-10T20:09:39+10:00,2026-08-10T16:18:39+10:00,7010,Unoccupied,17250,"-37.80360973306841, 144.9591662907186"
2026-08-10T20:09:39+10:00,2026-08-10T20:03:18+10:00,7010,Unoccupied,17242,"-37.802247643461136, 144.95868857246288"
2026-08-10T20:09:39+10:00,2026-08-10T14:28:55+10:00,7010,Present,17240,"-37.802357688654965, 144.95873941180798"
2026-08-10T20:09:39+10:00,2025-01-24T09:59:26+11:00,7012,Unoccupied,17238,"-37.802454930522934, 144.95878437191544"
2026-08-10T20:09:39+10:00,2026-08-10T17:48:35+10:00,7012,Unoccupied,17228,"-37.80296115423921, 144.95901830301705"
2026-08-10T20:09:39+10:00,2026-08-10T19:29:10+10:00,7062,Present,32016,"-37.80324542740686, 144.962910192682"
2026-08-10T20:09:39+10:00,2026-08-10T19:20:42+10:00,7062,Unoccupied,32013,"-37.80326744675651, 144.96311269067425"
2026-08-10T20:09:39+10:00,2026-08-10T18:52:06+10:00,7063,Unoccupied,32023,"-37.8031871081584, 144.96237678209928"
2026-08-10T20:09:39+10:00,2026-08-10T09:52:32+10:00,7061,Unoccupied,35532,"-37.80171989410347, 144.96335835231787"
2026-08-10T20:09:39+10:00,2026-08-10T18:04:34+10:00,7061,Present,35538,"-37.80166431283572, 144.96284874716662"
2026-08-10T20:09:39+10:00,2026-08-10T14:24:41+10:00,7061,Unoccupied,35539,"-37.80165142528342, 144.96273075205266"
2026-08-10T20:09:39+10:00,2026-08-10T17:47:51+10:00,7061,Unoccupied,35520,"-37.80156802255641, 144.9627187213979"
2026-08-10T20:09:39+10:00,2026-08-10T16:08:43+10:00,7061,Unoccupied,35540,"-37.801644317807884, 144.9626655633361"
2026-08-10T20:09:39+10:00,2026-08-10T19:10:59+10:00,7061,Unoccupied,35521,"-37.80156038236586, 144.96265123166182"
2026-08-10T20:09:39+10:00,2026-08-10T17:19:58+10:00,7061,Present,35516,"-37.8015984416088, 144.9629893723412"
2026-08-10T20:09:39+10:00,2026-08-10T19:55:19+10:00,7045,Present,30350,"-37.79840475588147, 144.96477329329093"
2026-08-10T20:09:39+10:00,2026-08-10T18:54:47+10:00,7045,Present,30347,"-37.798414492402316, 144.96486454396302"
2026-08-10T20:09:39+10:00,2026-08-10T20:04:14+10:00,7045,Present,30346,"-37.7984177795068, 144.9648952933878"
2026-08-10T20:09:39+10:00,2026-08-10T16:21:46+10:00,7045,Present,30345,"-37.79842435823832, 144.9649562819271"
2026-08-10T20:09:39+10:00,2026-08-10T18:05:53+10:00,7045,Present,30342,"-37.79843424349079, 144.9650481638736"
2026-08-10T20:09:39+10:00,2026-08-10T19:42:39+10:00,7045,Present,30336,"-37.79846206068848, 144.9653021221592"
2026-08-10T20:09:39+10:00,2026-08-10T19:23:47+10:00,7045,Present,30335,"-37.79846529748346, 144.9653328774962"
2026-08-10T20:09:39+10:00,2026-08-10T18:05:24+10:00,7045,Present,30334,"-37.79846860743598, 144.96536350261363"
2026-08-10T20:09:39+10:00,2026-08-10T20:06:32+10:00,,Unoccupied,30361,"-37.79856465789936, 144.96541090518133"
2026-08-10T20:09:39+10:00,2026-08-10T19:56:10+10:00,7363,Present,61823,"-37.81439652965871, 144.97000768448848"
2026-08-10T20:09:39+10:00,2026-05-08T07:08:40+10:00,7494,Unoccupied,67044,"-37.80987060159407, 144.9631452651694"
2026-08-10T20:09:39+10:00,2026-08-10T13:22:15+10:00,7494,Unoccupied,67045,"-37.8098890500551, 144.9630828604253"
2026-08-10T20:09:39+10:00,2025-07-30T11:24:27+10:00,7494,Present,67043,"-37.809847902328016, 144.9632125063207"
2026-08-10T20:09:39+10:00,2026-05-23T03:27:55+10:00,7494,Unoccupied,67047,"-37.809927405575976, 144.96295537736464"
2026-08-10T20:09:39+10:00,2026-08-10T19:29:40+10:00,7494,Present,67048,"-37.80994611394824, 144.96289154060165"
2026-08-10T20:09:39+10:00,2026-08-10T16:57:46+10:00,7589,Present,32322,"-37.801893567171, 144.95810832871425"
2026-08-10T20:09:39+10:00,2026-08-10T19:37:14+10:00,7589,Unoccupied,32321,"-37.80189686757725, 144.9581385688116"
2026-08-10T20:09:39+10:00,2026-08-10T18:42:32+10:00,7589,Present,32318,"-37.80190934047848, 144.95825477661134"
2026-08-10T20:09:39+10:00,2026-08-10T18:47:44+10:00,7589,Present,32320,"-37.80190003583457, 144.95816819780805"
2026-08-10T20:09:39+10:00,2026-08-10T18:19:48+10:00,7589,Unoccupied,32323,"-37.8018904331486, 144.9580794515233"
2026-08-10T20:09:39+10:00,2026-08-10T18:52:45+10:00,7589,Unoccupied,32325,"-37.80188073162295, 144.95799057721626"
2026-08-10T20:09:39+10:00,2026-08-10T16:19:03+10:00,7589,Unoccupied,32314,"-37.80178202522267, 144.9579626887865"
2026-08-10T20:09:39+10:00,2026-08-10T16:33:05+10:00,7589,Unoccupied,32315,"-37.80177461657407, 144.95789286181463"
2026-08-10T20:09:39+10:00,2026-08-10T19:42:45+10:00,7009,Unoccupied,16823,"-37.80099517259907, 144.9586939538646"
2026-08-10T20:09:39+10:00,2025-10-01T08:56:01+10:00,7009,Unoccupied,16827,"-37.80076721033874, 144.95873429107343"
2026-08-10T20:09:39+10:00,2026-08-10T06:37:06+10:00,7009,Unoccupied,16829,"-37.80065300706349, 144.95875449925745"
2026-08-10T20:09:39+10:00,2026-08-10T19:27:05+10:00,7009,Unoccupied,16830,"-37.8005947983454, 144.95876480073267"
2026-08-10T20:09:39+10:00,2026-08-10T18:06:36+10:00,7009,Unoccupied,16855,"-37.800904913905214, 144.9585712506968"
2026-08-10T20:09:39+10:00,2026-08-10T18:41:51+10:00,7009,Unoccupied,16859,"-37.80067985146333, 144.95861104725034"
2026-08-10T20:09:39+10:00,2026-08-10T16:02:17+10:00,,Present,16865,"-37.80032975849166, 144.9586729817482"
2026-08-10T20:09:39+10:00,2026-08-10T18:16:11+10:00,,Present,16847,"-37.801344353107005, 144.95849350917393"
2026-08-10T20:09:39+10:00,2026-08-10T17:26:49+10:00,7083,Present,32221,"-37.80199356071053, 144.9590460449167"
2026-08-10T20:09:39+10:00,2026-08-10T19:09:07+10:00,7083,Unoccupied,32222,"-37.8019875930112, 144.9589882340487"
2026-08-10T20:09:39+10:00,2026-08-10T18:05:49+10:00,7083,Present,32228,"-37.801965669760804, 144.95878350650284"
2026-08-10T20:09:39+10:00,2026-08-10T19:33:22+10:00,7083,Unoccupied,32224,"-37.80198107832531, 144.95892916811317"
2026-08-10T20:09:39+10:00,2026-08-10T17:55:15+10:00,7083,Present,32223,"-37.80198436832065, 144.95895905254812"
2026-08-10T20:09:39+10:00,2026-08-10T17:40:45+10:00,7083,Present,32226,"-37.80197192925455, 144.95884145483114"
2026-08-10T20:09:39+10:00,2026-08-10T19:58:11+10:00,7020,Present,36574,"-37.802935756311705, 144.9620392031968"
2026-08-10T20:09:39+10:00,2026-08-10T19:33:15+10:00,7020,Unoccupied,36577,"-37.80284340476837, 144.96205536134815"
2026-08-10T20:09:39+10:00,2026-08-10T15:28:43+10:00,7020,Unoccupied,36581,"-37.80274816101428, 144.9620719888052"
2026-08-10T20:09:39+10:00,2026-08-10T19:50:33+10:00,7020,Unoccupied,36582,"-37.80272652277651, 144.9620757370663"
2026-08-10T20:09:39+10:00,2026-08-10T19:27:34+10:00,7020,Unoccupied,36584,"-37.80265569151112, 144.96208779437492"
2026-08-10T20:09:39+10:00,2026-08-10T19:52:13+10:00,7020,Present,36587,"-37.80258344212048, 144.96210017563573"
2026-08-10T20:09:39+10:00,2025-06-09T15:54:00+10:00,7020,Unoccupied,36518,"-37.802621940879604, 144.9622107601348"
2026-08-10T20:09:39+10:00,2026-08-10T16:46:41+10:00,,Unoccupied,36571,"-37.8025649748913, 144.9619853663787"
2026-08-10T20:09:39+10:00,2026-08-10T19:31:46+10:00,7020,Unoccupied,36551,"-37.80341176721941, 144.96207203190528"
2026-08-10T20:09:39+10:00,2026-08-10T19:18:46+10:00,7020,Unoccupied,36550,"-37.80346358712764, 144.96206313482867"
2026-08-10T20:09:39+10:00,2026-08-10T17:04:31+10:00,7020,Unoccupied,36560,"-37.803820714845656, 144.96176738045352"
2026-08-10T20:09:39+10:00,2026-08-10T19:30:51+10:00,7020,Unoccupied,36561,"-37.803768891706646, 144.96177658437836"
2026-08-10T20:09:39+10:00,2026-08-10T18:49:57+10:00,7020,Unoccupied,36562,"-37.80371535885334, 144.9617860644031"
2026-08-10T20:09:39+10:00,2026-08-10T18:52:17+10:00,7020,Unoccupied,36564,"-37.80360829452249, 144.9618050420012"
2026-08-10T20:09:39+10:00,2026-08-10T18:37:48+10:00,7007,Unoccupied,36591,"-37.80350077961917, 144.96182409892572"
2026-08-10T20:09:39+10:00,2026-08-10T19:42:32+10:00,,Unoccupied,36528,"-37.80332787803211, 144.96197080885838"
2026-08-10T20:09:39+10:00,2026-08-08T17:46:37+10:00,,Present,36530,"-37.80327740546342, 144.9619795299742"
2026-08-10T20:09:39+10:00,2026-01-20T23:58:36+11:00,7020,Unoccupied,36546,"-37.80351239547885, 144.9619381877748"
2026-08-10T20:09:39+10:00,2026-01-19T19:35:25+11:00,7020,Unoccupied,36544,"-37.8035588221908, 144.96193026704896"
2026-08-10T20:09:39+10:00,2026-08-10T19:18:32+10:00,7020,Unoccupied,36541,"-37.80365729594827, 144.96191242784127"
2026-08-10T20:09:39+10:00,2026-08-10T16:44:56+10:00,7020,Unoccupied,36539,"-37.803707303702126, 144.96190380242552"
2026-08-10T20:09:39+10:00,2026-08-10T17:19:45+10:00,7020,Unoccupied,36538,"-37.80373229702421, 144.9618994852989"
2026-08-10T20:09:39+10:00,2026-08-10T17:25:09+10:00,7020,Present,36537,"-37.80375729034597, 144.96189516760148"
2026-08-10T20:09:39+10:00,2026-08-10T17:36:04+10:00,7020,Unoccupied,36536,"-37.803782283667374, 144.96189085046845"
2026-08-10T20:09:39+10:00,2026-08-10T16:14:59+10:00,7007,Present,36592,"-37.80344269985949, 144.9618343936163"
2026-08-10T20:09:39+10:00,2026-08-07T18:10:12+10:00,,Present,36529,"-37.80329960028314, 144.96197563574128"
2026-08-10T20:09:39+10:00,2026-08-10T17:51:13+10:00,7020,Present,36524,"-37.804207544255995, 144.96181677293492"
2026-08-10T20:09:39+10:00,2026-08-10T17:31:59+10:00,7020,Unoccupied,36556,"-37.804107261374995, 144.96171664043953"
2026-08-10T20:09:39+10:00,2026-08-10T17:59:20+10:00,7020,Unoccupied,36531,"-37.80404378213922, 144.9618457754465"
2026-08-10T20:09:39+10:00,2026-08-10T19:14:37+10:00,7084,Unoccupied,32149,"-37.802207047440184, 144.9609706657324"
2026-08-10T20:09:39+10:00,2026-08-10T17:27:09+10:00,7084,Present,32147,"-37.80221328437252, 144.96102919895327"
2026-08-10T20:09:39+10:00,2026-08-10T18:50:09+10:00,7084,Unoccupied,32143,"-37.802228876836836, 144.96117549951458"
2026-08-10T20:09:39+10:00,2026-08-10T17:03:10+10:00,7084,Present,32140,"-37.802241370926254, 144.96129272459098"
2026-08-10T20:09:39+10:00,2026-08-10T18:30:55+10:00,7084,Unoccupied,32139,"-37.802244469111216, 144.96132179957635"
2026-08-10T20:09:39+10:00,2026-08-10T16:04:00+10:00,7084,Present,32138,"-37.80224758725459, 144.96135105969063"
2026-08-10T20:09:39+10:00,2026-08-10T18:09:27+10:00,7084,Unoccupied,32129,"-37.80228188927467, 144.96167292078235"
2026-08-10T20:09:39+10:00,2026-08-10T19:25:44+10:00,7084,Unoccupied,32126,"-37.802294362438474, 144.96178996146074"
2026-08-10T20:09:39+10:00,2026-08-10T19:02:18+10:00,7084,Unoccupied,32124,"-37.80230059897714, 144.96184848180386"
2026-08-10T20:09:39+10:00,2026-08-10T17:36:09+10:00,7084,Present,32121,"-37.80211989146494, 144.96105320056404"
2026-08-10T20:09:39+10:00,2026-08-10T12:45:09+10:00,7084,Unoccupied,32131,"-37.80227570809693, 144.96161477585787"
2026-08-10T20:09:39+10:00,2026-08-10T12:21:16+10:00,7084,Present,32120,"-37.802127641229696, 144.96112407027425"
2026-08-10T20:09:39+10:00,2026-08-10T16:13:21+10:00,7177,Unoccupied,36424,"-37.801951795395794, 144.9623285474633"
2026-08-10T20:09:39+10:00,2026-08-10T19:39:15+10:00,7177,Unoccupied,36425,"-37.80189825652983, 144.96233800050092"
2026-08-10T20:09:39+10:00,2026-08-10T16:52:18+10:00,7177,Unoccupied,36427,"-37.801786489279735, 144.9623576769282"
2026-08-10T20:09:39+10:00,2026-06-06T00:19:17+10:00,7394,Unoccupied,26136,"-37.80457058051951, 144.95899023480786"
2026-08-10T20:09:39+10:00,2026-06-06T04:45:49+10:00,7394,Unoccupied,26135,"-37.80462729523386, 144.9590163402912"
2026-08-10T20:09:39+10:00,2025-10-31T15:00:16+11:00,7394,Unoccupied,26127,"-37.805041779385476, 144.95920712974998"
2026-08-10T20:09:39+10:00,2026-06-06T04:16:41+10:00,7520,Unoccupied,26167,"-37.80452569506262, 144.95845040962686"
2026-08-10T20:09:39+10:00,2026-06-06T02:03:41+10:00,7394,Unoccupied,26160,"-37.804884875465646, 144.95861582084754"
2026-08-10T20:09:39+10:00,2026-06-06T03:11:41+10:00,7394,Unoccupied,26151,"-37.80528008226382, 144.9587977542108"
2026-08-10T20:09:39+10:00,2026-06-05T21:26:51+10:00,7394,Present,26149,"-37.805381623322305, 144.95884455391072"
2026-08-10T20:09:39+10:00,2026-06-06T00:16:33+10:00,7394,Unoccupied,26147,"-37.805483176118614, 144.95889133045688"
2026-08-10T20:09:39+10:00,2026-06-06T05:33:48+10:00,7520,Present,26142,"-37.80574973215795, 144.95901408835414"
2026-08-10T20:09:39+10:00,2026-06-06T04:05:30+10:00,7394,Unoccupied,26162,"-37.80478338386397, 144.95856909425504"
2026-08-10T20:09:39+10:00,2026-06-06T00:07:17+10:00,7520,Unoccupied,26165,"-37.80463023445829, 144.95849859187732"
2026-08-10T20:09:39+10:00,2026-06-05T21:09:40+10:00,7394,Present,26124,"-37.80519407242957, 144.9592772308725"
2026-08-10T20:09:39+10:00,2025-03-19T18:48:57+11:00,7394,Unoccupied,26123,"-37.80524484555524, 144.95930060227425"
2026-08-10T20:09:39+10:00,2026-06-05T23:55:08+10:00,7520,Unoccupied,26119,"-37.80544788578082, 144.95939406460434"
2026-08-10T20:09:39+10:00,2026-06-06T02:43:40+10:00,7393,Unoccupied,20114,"-37.80334093951107, 144.95838586491735"
2026-08-10T20:09:39+10:00,2026-06-06T00:58:42+10:00,7393,Present,20115,"-37.803290193816814, 144.95836241807683"
2026-08-10T20:09:39+10:00,2026-06-06T01:07:19+10:00,7393,Unoccupied,20117,"-37.80317599259291, 144.95830966199878"
2026-08-10T20:09:39+10:00,2026-06-05T20:01:55+10:00,7393,Present,20118,"-37.80311676973705, 144.95828230351145"
2026-08-10T20:09:39+10:00,2026-06-06T01:15:44+10:00,7393,Unoccupied,20120,"-37.803027966651214, 144.95824127669687"
2026-08-10T20:09:39+10:00,2026-06-06T01:17:25+10:00,7393,Unoccupied,20121,"-37.802977191851454, 144.95821783001583"
2026-08-10T20:09:39+10:00,2026-06-06T00:33:06+10:00,7393,Unoccupied,20128,"-37.80259652402354, 144.9580419768945"
2026-08-10T20:09:39+10:00,2026-06-05T23:35:04+10:00,7393,Unoccupied,20129,"-37.80254576826146, 144.95801852992457"
2026-08-10T20:09:39+10:00,2026-06-06T05:19:51+10:00,7393,Unoccupied,20144,"-37.80341147966041, 144.95793884300096"
2026-08-10T20:09:39+10:00,2026-06-05T22:56:11+10:00,7393,Unoccupied,20150,"-37.80310672730272, 144.95779891573505"
2026-08-10T20:09:39+10:00,2026-06-05T22:05:22+10:00,7393,Unoccupied,20152,"-37.80300495585517, 144.95775218347143"
2026-08-10T20:09:39+10:00,2026-06-05T23:17:21+10:00,7393,Unoccupied,20153,"-37.80295397717731, 144.95772877625222"
2026-08-10T20:09:39+10:00,2026-06-05T23:08:31+10:00,7393,Unoccupied,20156,"-37.802801397920106, 144.95765872090894"
2026-08-10T20:09:39+10:00,2026-06-05T22:55:50+10:00,7393,Unoccupied,20157,"-37.8027504025323, 144.95763530569212"
2026-08-10T20:09:39+10:00,2026-06-05T23:17:57+10:00,7393,Unoccupied,20164,"-37.80239526337719, 144.9574722420387"
2026-08-10T20:09:39+10:00,2026-06-05T21:14:20+10:00,7393,Unoccupied,20165,"-37.80234447225844, 144.9574489288921"
2026-08-10T20:09:39+10:00,2026-06-05T17:12:18+10:00,7393,Unoccupied,20167,"-37.802242885691896, 144.9574022877813"
2026-08-10T20:09:39+10:00,2026-06-06T02:48:41+10:00,7392,Unoccupied,20124,"-37.802812258093766, 144.95814160938738"
2026-08-10T20:09:39+10:00,2026-06-06T03:33:04+10:00,7392,Unoccupied,20111,"-37.8034944743264, 144.9584567952365"
2026-08-10T20:09:39+10:00,2026-06-06T01:46:58+10:00,7392,Unoccupied,20110,"-37.803545958138685, 144.95848056806204"
2026-08-10T20:09:39+10:00,2026-08-10T16:39:00+10:00,7023,Present,30838,"-37.80597887821362, 144.95999643036973"
2026-08-10T20:09:39+10:00,2026-08-10T20:07:49+10:00,7023,Unoccupied,30839,"-37.80595477815149, 144.96000059762378"
2026-08-10T20:09:39+10:00,2026-08-08T08:25:02+10:00,,Unoccupied,25020,"-37.809717904375894, 144.9730099177699"
2026-08-10T20:09:39+10:00,2026-08-10T17:13:14+10:00,7265,Present,17954,"-37.81019990197624, 144.97294577505386"
2026-08-10T20:09:39+10:00,2026-08-10T20:03:40+10:00,7265,Unoccupied,17951,"-37.81002583036282, 144.97296632752665"
2026-08-10T20:09:39+10:00,2026-08-10T19:24:29+10:00,7265,Present,17953,"-37.81013912607695, 144.97295262087988"
2026-08-10T20:09:39+10:00,2026-06-18T06:35:03+10:00,7265,Present,17956,"-37.810319828935384, 144.97293976160455"
2026-08-10T20:09:39+10:00,2026-08-10T20:02:48+10:00,7265,Unoccupied,17958,"-37.81054491179475, 144.97294222605115"
2026-08-10T20:09:39+10:00,2026-08-08T11:58:35+10:00,7265,Unoccupied,17959,"-37.81060256999946, 144.97294557163235"
2026-08-10T20:09:39+10:00,2026-08-10T18:01:15+10:00,7529,Present,62710,"-37.813134438674666, 144.97067212855254"
2026-08-10T20:09:39+10:00,2026-08-10T18:46:35+10:00,7303,Present,51614,"-37.81620493158199, 144.96978894261684"
2026-08-10T20:09:39+10:00,2025-09-16T09:51:51+10:00,7303,Unoccupied,51613,"-37.816253179061405, 144.96981112082523"
2026-08-10T20:09:39+10:00,2026-08-10T17:48:19+10:00,7297,Unoccupied,89961,"-37.807980499156244, 144.97252755750912"
2026-08-10T20:09:39+10:00,2026-02-25T06:33:35+11:00,7297,Present,89967,"-37.807931120880305, 144.97208386365327"
2026-08-10T20:09:39+10:00,2026-07-28T15:24:54+10:00,7081,Unoccupied,16118,"-37.80699846860473, 144.97322782873067"
2026-08-10T20:09:39+10:00,2026-08-10T15:14:45+10:00,7081,Unoccupied,16119,"-37.806948471913614, 144.97323637594883"
2026-08-10T20:09:39+10:00,2026-08-10T19:27:45+10:00,7081,Present,16121,"-37.80684130281561, 144.97325469245834"
2026-08-10T20:09:39+10:00,2026-08-10T12:56:46+10:00,,Present,68392,"-37.80868715898802, 144.95896667796833"
2026-08-10T20:09:39+10:00,2026-08-10T15:23:14+10:00,,Unoccupied,68357,"-37.80859338727786, 144.95894920705217"
2026-08-10T20:09:39+10:00,2026-08-10T20:05:47+10:00,,Unoccupied,68391,"-37.80866872697915, 144.95903077196527"
2026-08-10T20:09:39+10:00,2025-09-22T12:01:28+10:00,7996,Unoccupied,11246,"-37.8072008177451, 144.95445283017602"
2026-08-10T20:09:39+10:00,2025-09-22T12:12:25+10:00,7996,Present,11250,"-37.80742667173329, 144.95455591616968"
2026-08-10T20:09:39+10:00,2025-10-07T10:13:43+11:00,7987,Present,11144,"-37.80828309597428, 144.95469941274933"
2026-08-10T20:09:39+10:00,2025-11-04T14:06:24+11:00,7988,Present,11242,"-37.80664294622103, 144.95394695021585"
2026-08-10T20:09:39+10:00,2025-09-22T12:11:00+10:00,7988,Unoccupied,11237,"-37.80638714887656, 144.95383036406307"
2026-08-10T20:09:39+10:00,2025-06-10T15:26:23+10:00,7993,Unoccupied,11267,"-37.80623749838334, 144.95401318093423"
2026-08-10T20:09:39+10:00,2025-09-22T13:03:42+10:00,7985,Present,13126,"-37.80821795791013, 144.9532149665878"
2026-08-10T20:09:39+10:00,2025-09-22T11:25:47+10:00,7985,Present,13132,"-37.80834864550056, 144.9531693310131"
2026-08-10T20:09:39+10:00,2025-09-23T09:46:48+10:00,7985,Present,13133,"-37.80836608278089, 144.95310905894252"
2026-08-10T20:09:39+10:00,2025-09-23T08:22:56+10:00,7985,Present,13137,"-37.80843966921421, 144.95285460000557"
2026-08-10T20:09:39+10:00,2023-04-06T21:25:35+10:00,7922,Unoccupied,10805,"-37.806446576071025, 144.9551649115929"
2026-08-10T20:09:39+10:00,2025-08-24T20:26:37+10:00,7923,Unoccupied,10825,"-37.80723924024771, 144.95490136010727"
2026-08-10T20:09:39+10:00,2025-07-07T13:09:40+10:00,7923,Unoccupied,10826,"-37.80721304887531, 144.95490618135594"
2026-08-10T20:09:39+10:00,2025-02-17T13:59:43+11:00,7923,Unoccupied,10828,"-37.80714021666567, 144.95491958470006"
2026-08-10T20:09:39+10:00,2025-02-17T15:22:55+11:00,7923,Unoccupied,10829,"-37.80711446993742, 144.95492432910126"
2026-08-10T20:09:39+10:00,2025-08-25T13:54:47+10:00,7923,Unoccupied,10830,"-37.8070895330312, 144.9549289198036"
2026-08-10T20:09:39+10:00,2025-02-06T21:18:21+11:00,7923,Unoccupied,10843,"-37.80671564514693, 144.9549977503778"
2026-08-10T20:09:39+10:00,2025-08-25T15:24:48+10:00,7923,Unoccupied,10855,"-37.80634489764546, 144.9550659977072"
2026-08-10T20:09:39+10:00,2025-02-07T09:42:58+11:00,7923,Present,10859,"-37.80624417038293, 144.9550845677994"
2026-08-10T20:09:39+10:00,2025-08-25T14:19:23+10:00,7922,Unoccupied,10864,"-37.80751802343183, 144.95474292281136"
2026-08-10T20:09:39+10:00,2025-02-06T19:06:25+11:00,7922,Present,10865,"-37.80744996489701, 144.95475467478155"
2026-08-10T20:09:39+10:00,2025-02-07T09:16:37+11:00,7922,Unoccupied,10878,"-37.80639211135765, 144.95517456131793"
2026-08-10T20:09:39+10:00,2025-02-28T14:54:26+11:00,7923,Unoccupied,10854,"-37.80639328569021, 144.9550571171249"
2026-08-10T20:09:39+10:00,2026-08-10T18:55:46+10:00,7918,Present,23276,"-37.81093858646338, 144.9508131412386"
2026-08-10T20:09:39+10:00,2026-08-10T15:39:55+10:00,7918,Present,23294,"-37.81091561619999, 144.95124110674197"
2026-08-10T20:09:39+10:00,2026-08-10T19:48:54+10:00,7918,Unoccupied,23298,"-37.81102445360828, 144.95086269910445"
2026-08-10T20:09:39+10:00,2026-08-10T17:33:52+10:00,7918,Present,23299,"-37.81104444932898, 144.95079149708613"
2026-08-10T20:09:39+10:00,2026-08-10T18:42:44+10:00,7918,Unoccupied,23296,"-37.810956198677964, 144.95109836019572"
2026-08-10T20:09:39+10:00,2026-08-10T18:33:15+10:00,7918,Present,23255,"-37.81071003996452, 144.95162647081273"
2026-08-10T20:09:39+10:00,2026-08-10T18:39:21+10:00,7918,Present,23257,"-37.81072655692308, 144.95156796229804"
2026-08-10T20:09:39+10:00,2026-08-10T16:39:00+10:00,7934,Present,23261,"-37.81076147661727, 144.95144316839762"
2026-08-10T20:09:39+10:00,2026-08-10T19:17:53+10:00,7934,Present,23262,"-37.810769594042554, 144.95141427038774"
2026-08-10T20:09:39+10:00,2026-08-10T17:25:02+10:00,7934,Present,23264,"-37.81078581076552, 144.95135640629195"
2026-08-10T20:09:39+10:00,2026-08-10T18:17:30+10:00,7918,Unoccupied,23222,"-37.81064675732339, 144.95150791405342"
2026-08-10T20:09:39+10:00,2026-08-10T19:31:26+10:00,7918,Unoccupied,23221,"-37.810630219552976, 144.95156690208344"
2026-08-10T20:09:39+10:00,2026-08-10T18:02:15+10:00,7918,Unoccupied,23220,"-37.81060708313608, 144.9516503803163"
2026-08-10T20:09:39+10:00,2026-08-10T18:45:11+10:00,7918,Present,23219,"-37.8105890676065, 144.95171518895825"
2026-08-10T20:09:39+10:00,2026-08-10T16:03:07+10:00,7918,Unoccupied,23293,"-37.81086311638817, 144.95142511862701"
2026-08-10T20:09:39+10:00,2026-08-10T19:41:43+10:00,7918,Unoccupied,23217,"-37.810535588202825, 144.95190771164798"
2026-08-10T20:09:39+10:00,2026-08-10T19:18:30+10:00,7918,Unoccupied,23216,"-37.810508329854684, 144.9520058148418"
2026-08-10T20:09:39+10:00,2026-08-10T17:06:56+10:00,7918,Unoccupied,23215,"-37.81049227440856, 144.9520636865749"
2026-08-10T20:09:39+10:00,2025-11-18T19:00:13+11:00,,Unoccupied,23281,"-37.81052797221216, 144.952609067884"
2026-08-10T20:09:39+10:00,2026-08-10T19:17:21+10:00,7918,Present,23242,"-37.810586281784396, 144.95206749336535"
2026-08-10T20:09:39+10:00,2026-08-10T19:06:15+10:00,7918,Present,23243,"-37.81059409296816, 144.9520396572898"
2026-08-10T20:09:39+10:00,2026-08-10T19:54:11+10:00,7918,Unoccupied,23245,"-37.810609715765764, 144.95198396738778"
2026-08-10T20:09:39+10:00,2026-08-10T17:38:15+10:00,7918,Present,23230,"-37.81047085713831, 144.95247607999175"
2026-08-10T20:09:39+10:00,2026-08-10T19:24:49+10:00,7918,Unoccupied,23228,"-37.81045351712062, 144.9525377197773"
2026-08-10T20:09:39+10:00,2026-08-10T19:31:24+10:00,7458,Present,61326,"-37.818161615805494, 144.96125547268196"
2026-08-10T20:09:39+10:00,2026-08-09T18:23:54+10:00,,Present,61311,"-37.81800660511624, 144.96162588794874"
2026-08-10T20:09:39+10:00,2026-08-10T20:07:17+10:00,7430,Unoccupied,53517,"-37.809403320424686, 144.96103811947296"
2026-08-10T20:09:39+10:00,2026-08-10T18:58:34+10:00,7430,Present,53516,"-37.80945068951763, 144.96105991048609"
2026-08-10T20:09:39+10:00,2025-06-09T20:45:29+10:00,7430,Unoccupied,53513,"-37.8095998456963, 144.96112815764457"
2026-08-10T20:09:39+10:00,2023-06-08T06:32:23+10:00,7924,Unoccupied,11114,"-37.80583756485028, 144.95214455467516"
2026-08-10T20:09:39+10:00,2023-06-07T11:06:40+10:00,7924,Present,11115,"-37.805860755847746, 144.95214039132878"
2026-08-10T20:09:39+10:00,2023-06-07T10:41:04+10:00,7924,Unoccupied,11121,"-37.80602665975282, 144.9521106085507"
2026-08-10T20:09:39+10:00,2023-06-07T12:25:28+10:00,7924,Unoccupied,11123,"-37.80610029561437, 144.95209736992484"
2026-08-10T20:09:39+10:00,2023-06-04T16:46:46+10:00,7924,Unoccupied,11125,"-37.806146182125886, 144.95208915297792"
2026-08-10T20:09:39+10:00,2023-06-08T07:56:09+10:00,7924,Unoccupied,11122,"-37.806049728562684, 144.95210644573615"
2026-08-10T20:09:39+10:00,2026-08-10T17:14:10+10:00,7029,Present,36313,"-37.802993479449675, 144.96515993490647"
2026-08-10T20:09:39+10:00,2026-08-10T15:59:37+10:00,7254,Unoccupied,86452,"-37.81023417982338, 144.9753839275093"
2026-08-10T20:09:39+10:00,2026-08-10T18:41:46+10:00,7253,Unoccupied,86418,"-37.81008794630179, 144.97569398622227"
2026-08-10T20:09:39+10:00,2026-08-10T16:22:50+10:00,7253,Unoccupied,86424,"-37.80989306132335, 144.97572600850995"
2026-08-10T20:09:39+10:00,2026-08-10T17:35:27+10:00,7253,Unoccupied,86413,"-37.810250461302246, 144.97566700276644"
2026-08-10T20:09:39+10:00,2026-08-10T17:05:31+10:00,7253,Unoccupied,86419,"-37.8100554197271, 144.97569936474463"
2026-08-10T20:09:39+10:00,2026-08-10T16:10:58+10:00,7253,Unoccupied,86412,"-37.810283032379985, 144.97566159211016"
2026-08-10T20:09:39+10:00,2026-08-10T18:56:06+10:00,7253,Unoccupied,86410,"-37.81034820879326, 144.97565092627656"
2026-08-10T20:09:39+10:00,2026-08-03T06:01:30+10:00,7253,Present,86423,"-37.80992531294306, 144.97572087935964"
2026-08-10T20:09:39+10:00,2026-08-10T17:23:25+10:00,7258,Present,85870,"-37.81075516921877, 144.97804820660903"
2026-08-10T20:09:39+10:00,2026-08-10T16:58:57+10:00,7258,Present,85861,"-37.81145500645603, 144.97793215303463"
2026-08-10T20:09:39+10:00,2026-08-10T18:40:47+10:00,7258,Present,85862,"-37.81140060760316, 144.97794127728594"
2026-08-10T20:09:39+10:00,2026-08-10T18:40:55+10:00,7258,Present,85848,"-37.81023076341972, 144.97837558980333"
2026-08-10T20:09:39+10:00,2026-08-10T14:12:27+10:00,7258,Unoccupied,85832,"-37.811066990047564, 144.9782346051067"
2026-08-10T20:09:39+10:00,2026-08-10T17:13:13+10:00,7258,Unoccupied,85839,"-37.81069142900391, 144.9782980762477"
2026-08-10T20:09:39+10:00,2026-08-10T18:40:46+10:00,7258,Unoccupied,85847,"-37.81028195388937, 144.97836697677778"
2026-08-10T20:09:39+10:00,2026-08-10T17:17:16+10:00,7258,Unoccupied,85844,"-37.81043551941549, 144.97834113634838"
2026-08-10T20:09:39+10:00,2026-08-10T17:20:49+10:00,7258,Present,85875,"-37.810495383215155, 144.9780911579408"
2026-08-10T20:09:39+10:00,2026-08-10T18:58:44+10:00,7402,Present,50818,"-37.814448830032916, 144.97174636306153"
2026-08-10T20:09:39+10:00,2026-08-10T19:02:23+10:00,7402,Present,50817,"-37.814499777691736, 144.9717699065598"
2026-08-10T20:09:39+10:00,2026-08-10T19:22:23+10:00,7401,Present,50848,"-37.814730044095555, 144.9717067058268"
2026-08-10T20:09:39+10:00,2026-08-10T19:36:53+10:00,7280,Unoccupied,86041,"-37.81177445065448, 144.9751651591871"
2026-08-10T20:09:39+10:00,2026-08-10T18:58:13+10:00,7280,Unoccupied,86028,"-37.8119031648536, 144.9763567290334"
2026-08-10T20:09:39+10:00,2026-08-10T17:54:10+10:00,7280,Present,86037,"-37.81183232424732, 144.97570556872336"
2026-08-10T20:09:39+10:00,2026-08-10T17:41:27+10:00,7280,Unoccupied,86048,"-37.81213380713007, 144.97742213633714"
2026-08-10T20:09:39+10:00,2026-08-10T18:10:59+10:00,7280,Unoccupied,86061,"-37.81203633215699, 144.976530326033"
2026-08-10T20:09:39+10:00,2026-08-10T17:08:59+10:00,7280,Unoccupied,86050,"-37.812118245456055, 144.97727994272412"
2026-08-10T20:09:39+10:00,2026-08-10T15:07:29+10:00,7280,Unoccupied,86063,"-37.8120209373606, 144.97638779664226"
2026-08-10T20:09:39+10:00,2026-08-10T17:48:44+10:00,7280,Unoccupied,86069,"-37.81197519369269, 144.9759723369881"
2026-08-10T20:09:39+10:00,2026-08-10T11:44:02+10:00,,Unoccupied,86017,"-37.81198479939056, 144.97710827469896"
2026-08-10T20:09:39+10:00,2026-08-10T16:28:14+10:00,7280,Unoccupied,86067,"-37.811990634747715, 144.9761126548563"
2026-08-10T20:09:39+10:00,2026-08-10T17:54:04+10:00,7247,Unoccupied,86333,"-37.810717977538076, 144.9763187702373"
2026-08-10T20:09:39+10:00,2026-08-10T18:05:36+10:00,7247,Unoccupied,86339,"-37.81067590131947, 144.9759309942596"
2026-08-10T20:09:39+10:00,2026-08-10T12:19:23+10:00,7247,Unoccupied,86312,"-37.81086934407239, 144.97771413352746"
2026-08-10T20:09:39+10:00,2026-08-10T13:45:13+10:00,,Unoccupied,86347,"-37.81106498587813, 144.9778001939788"
2026-08-10T20:09:39+10:00,2026-08-10T15:41:48+10:00,7247,Unoccupied,86359,"-37.81097127361707, 144.97694382603441"
2026-08-10T20:09:39+10:00,2026-08-10T15:41:38+10:00,7247,Present,86365,"-37.81092654997088, 144.9765349966309"
2026-08-10T20:09:39+10:00,2026-08-10T20:04:54+10:00,7247,Present,86362,"-37.810948547699475, 144.9767361646334"
2026-08-10T20:09:39+10:00,2026-08-10T20:03:17+10:00,7247,Present,86364,"-37.81093393430485, 144.97660249408136"
2026-08-10T20:09:39+10:00,2026-08-10T17:11:46+10:00,7247,Unoccupied,86326,"-37.8107707644448, 144.97680539348357"
2026-08-10T20:09:39+10:00,2026-08-10T17:07:21+10:00,7247,Unoccupied,86337,"-37.81068992813566, 144.97606021492646"
2026-08-10T20:09:39+10:00,2026-08-10T16:50:12+10:00,7247,Unoccupied,86332,"-37.81072497465556, 144.97638348427546"
2026-08-10T20:09:39+10:00,2026-08-10T19:48:17+10:00,7247,Unoccupied,86363,"-37.810941319011874, 144.97666999443487"
2026-08-10T20:09:39+10:00,2026-08-10T20:01:17+10:00,7269,Present,86240,"-37.811303236270604, 144.97542301598645"
2026-08-10T20:09:39+10:00,2026-08-10T13:49:23+10:00,7269,Unoccupied,86243,"-37.811131562791815, 144.9754498538724"
2026-08-10T20:09:39+10:00,2026-08-10T16:38:33+10:00,7269,Present,86244,"-37.81107411256359, 144.97545883497423"
2026-08-10T20:09:39+10:00,2026-08-10T18:32:20+10:00,7269,Present,86241,"-37.811243994364716, 144.97543227586817"
2026-08-10T20:09:39+10:00,2026-08-10T19:52:54+10:00,7269,Present,86245,"-37.81101867988835, 144.97546757000788"
2026-08-10T20:09:39+10:00,2026-08-10T16:12:46+10:00,7269,Unoccupied,86239,"-37.81136135698165, 144.97541392960818"
2026-08-10T20:09:39+10:00,2026-08-10T18:55:00+10:00,7030,Unoccupied,87780,"-37.814683816674105, 144.98270565489014"
2026-08-10T20:09:39+10:00,2026-08-10T07:20:20+10:00,7030,Present,87785,"-37.81442568082309, 144.98274996339433"
2026-08-10T20:09:39+10:00,2026-08-10T18:14:02+10:00,7030,Unoccupied,87787,"-37.814321856229725, 144.98276778517476"
2026-08-10T20:09:39+10:00,2026-08-10T11:24:07+10:00,7030,Unoccupied,87788,"-37.814270108503734, 144.98277664685122"
2026-08-10T20:09:39+10:00,2026-08-10T15:03:36+10:00,7030,Unoccupied,87790,"-37.81416745867731, 144.98279432338995"
2026-08-10T20:09:39+10:00,2026-08-10T12:55:05+10:00,7030,Unoccupied,87791,"-37.81411556139862, 144.98280316670127"
2026-08-10T20:09:39+10:00,2026-08-10T19:17:35+10:00,7030,Unoccupied,87778,"-37.814787265731965, 144.98268791524254"
2026-08-10T20:09:39+10:00,2026-08-10T19:00:50+10:00,7030,Unoccupied,87777,"-37.814839857086824, 144.98267889331953"
2026-08-10T20:09:39+10:00,2026-08-10T18:31:12+10:00,7030,Unoccupied,87776,"-37.81489155405967, 144.9826700483063"
2026-08-10T20:09:39+10:00,2026-08-10T14:46:12+10:00,7030,Unoccupied,87775,"-37.814942583635045, 144.9826613011867"
2026-08-10T20:09:39+10:00,2026-08-10T18:27:02+10:00,7030,Unoccupied,87771,"-37.815148933119175, 144.98262594617208"
2026-08-10T20:09:39+10:00,2026-08-10T19:46:16+10:00,7030,Unoccupied,87770,"-37.81520098705904, 144.98261701026485"
2026-08-10T20:09:39+10:00,2026-08-10T18:33:17+10:00,7030,Present,87768,"-37.81530361097951, 144.98259945779967"
2026-08-10T20:09:39+10:00,2026-08-10T19:49:00+10:00,7030,Present,87767,"-37.81535520171211, 144.98259065288153"
2026-08-10T20:09:39+10:00,2026-08-10T18:30:27+10:00,7030,Present,87764,"-37.815510581746764, 144.98256403465405"
2026-08-10T20:09:39+10:00,2026-08-10T19:47:04+10:00,7030,Present,87774,"-37.81499391964768, 144.98265248529412"
2026-08-10T20:09:39+10:00,2026-08-10T18:14:14+10:00,7243,Present,87320,"-37.8108910241745, 144.98358661241565"
2026-08-10T20:09:39+10:00,2026-08-10T18:10:14+10:00,7243,Present,87319,"-37.810946413437264, 144.98357746093495"
2026-08-10T20:09:39+10:00,2026-08-10T18:48:48+10:00,7250,Present,87361,"-37.810785564484966, 144.983362727202"
2026-08-10T20:09:39+10:00,2026-08-10T19:26:10+10:00,7250,Unoccupied,87360,"-37.8108375198034, 144.98335418907993"
2026-08-10T20:09:39+10:00,2026-08-10T19:56:06+10:00,7250,Present,87359,"-37.810889451739584, 144.9833456302623"
2026-08-10T20:09:39+10:00,2026-08-10T18:41:26+10:00,7250,Present,87357,"-37.810994368387725, 144.9833283681649"
2026-08-10T20:09:39+10:00,2026-08-05T22:54:16+10:00,7250,Unoccupied,87355,"-37.81109548151066, 144.98331175558616"
2026-08-10T20:09:39+10:00,2026-08-10T18:51:07+10:00,7250,Present,87351,"-37.811307735286704, 144.98327682946746"
2026-08-10T20:09:39+10:00,2026-08-09T19:53:14+10:00,7250,Unoccupied,87350,"-37.81136809743835, 144.9832669087227"
2026-08-10T20:09:39+10:00,2026-08-10T19:55:38+10:00,7276,Present,87531,"-37.81240276990441, 144.98333029072393"
2026-08-10T20:09:39+10:00,2026-08-10T18:27:36+10:00,7276,Present,87530,"-37.81253309451606, 144.98330847474335"
2026-08-10T20:09:39+10:00,2026-08-10T17:51:39+10:00,7276,Present,87591,"-37.81183999625059, 144.98318655263833"
2026-08-10T20:09:39+10:00,2026-06-24T17:10:06+10:00,7276,Present,87585,"-37.812154855912276, 144.98313424542192"
2026-08-10T20:09:39+10:00,2026-05-31T18:36:27+10:00,7276,Unoccupied,87580,"-37.81241434251265, 144.98309129257075"
2026-08-10T20:09:39+10:00,2026-08-10T17:51:59+10:00,7276,Unoccupied,87579,"-37.81246660354286, 144.98308267773297"
2026-08-10T20:09:39+10:00,2026-08-10T17:40:04+10:00,7276,Present,87578,"-37.812517546671515, 144.9830742821829"
2026-08-10T20:09:39+10:00,2026-08-10T19:25:39+10:00,7276,Present,87535,"-37.81201325938069, 144.98339688784748"
2026-08-10T20:09:39+10:00,2026-08-10T18:59:59+10:00,7276,Present,87537,"-37.81183148448637, 144.98342700751346"
2026-08-10T20:09:39+10:00,2026-08-10T08:05:59+10:00,7251,Present,13424,"-37.80957691755502, 144.9811226638658"
2026-08-10T20:09:39+10:00,2026-08-10T17:57:24+10:00,7251,Unoccupied,13420,"-37.80969301326756, 144.9811031795167"
2026-08-10T20:09:39+10:00,2026-08-10T18:39:55+10:00,7251,Present,13433,"-37.809370543678696, 144.98115681705636"
2026-08-10T20:09:39+10:00,2026-08-10T19:08:05+10:00,7251,Unoccupied,13432,"-37.80939734884531, 144.98115249343894"
2026-08-10T20:09:39+10:00,2026-08-10T17:53:48+10:00,7251,Unoccupied,13411,"-37.80993063697794, 144.98106384269926"
2026-08-10T20:09:39+10:00,2026-08-10T18:01:06+10:00,7251,Unoccupied,13416,"-37.80980021135801, 144.9810854313331"
2026-08-10T20:09:39+10:00,2026-08-10T15:29:40+10:00,,Unoccupied,13461,"-37.809301531212355, 144.98099242591178"
2026-08-10T20:09:39+10:00,2026-03-22T02:53:17+11:00,7251,Present,13431,"-37.80942416196437, 144.98114807573143"
2026-08-10T20:09:39+10:00,2026-08-10T17:28:41+10:00,7251,Unoccupied,13413,"-37.80988418374464, 144.98107152800947"
2026-08-10T20:09:39+10:00,2026-08-10T18:32:41+10:00,7251,Present,13434,"-37.80932810655754, 144.98116377209192"
2026-08-10T20:09:39+10:00,2026-08-10T16:10:23+10:00,7251,Unoccupied,13414,"-37.80984755746259, 144.98107759222512"
2026-08-10T20:09:39+10:00,2026-08-10T09:37:40+10:00,,Present,13463,"-37.80918921874, 144.9810107150118"
2026-08-10T20:09:39+10:00,2026-08-10T17:22:48+10:00,7026,Unoccupied,87574,"-37.81272145577907, 144.98304026861962"
2026-08-10T20:09:39+10:00,2026-08-10T16:38:46+10:00,7026,Unoccupied,87572,"-37.81282437251139, 144.98302293872766"
2026-08-10T20:09:39+10:00,2026-08-10T16:28:14+10:00,7026,Unoccupied,87571,"-37.81287651913308, 144.9830141737039"
2026-08-10T20:09:39+10:00,2026-08-10T15:41:07+10:00,7026,Present,87570,"-37.81292952528717, 144.98300526940065"
2026-08-10T20:09:39+10:00,2026-08-10T16:07:49+10:00,7026,Unoccupied,87569,"-37.812981340802864, 144.98299655677704"
2026-08-10T20:09:39+10:00,2026-08-10T17:50:42+10:00,7026,Unoccupied,87562,"-37.81334208139449, 144.98293524051115"
2026-08-10T20:09:39+10:00,2026-08-10T13:37:10+10:00,7026,Unoccupied,87559,"-37.813498040492945, 144.9829085647484"
2026-08-10T20:09:39+10:00,2026-08-10T10:26:22+10:00,7026,Unoccupied,87558,"-37.81355037516863, 144.9828996892762"
2026-08-10T20:09:39+10:00,2026-08-10T13:01:46+10:00,7026,Unoccupied,87556,"-37.81365181381193, 144.98288233192096"
2026-08-10T20:09:39+10:00,2026-08-10T19:53:19+10:00,7355,Unoccupied,62236,"-37.817143732618085, 144.96114386734132"
2026-08-10T20:09:39+10:00,2026-08-10T19:37:41+10:00,,Unoccupied,62212,"-37.817050192305175, 144.96090485850814"
2026-08-10T20:09:39+10:00,2026-08-10T16:21:31+10:00,7344,Unoccupied,62234,"-37.817100731724274, 144.9612940688877"
2026-08-10T20:09:39+10:00,2026-08-10T18:34:35+10:00,7812,Present,71131,"-37.826314544194446, 144.9597848579111"
2026-08-10T20:09:39+10:00,2026-08-10T10:37:04+10:00,7820,Present,71134,"-37.8264434115121, 144.95963510946171"
2026-08-10T20:09:39+10:00,2026-08-10T17:36:28+10:00,7812,Present,71132,"-37.82635936435986, 144.95973320542572"
2026-08-10T20:09:39+10:00,2026-08-10T19:52:54+10:00,7476,Unoccupied,56720,"-37.818600785721294, 144.9568677188758"
2026-08-10T20:09:39+10:00,2026-08-10T17:35:00+10:00,,Present,63119,"-37.816172188777784, 144.96027917964432"
2026-08-10T20:09:39+10:00,2026-03-10T13:24:08+11:00,7239,Present,7858,"-37.80998857814066, 144.97905474791523"
2026-08-10T20:09:39+10:00,2025-10-23T17:24:56+11:00,7308,Unoccupied,67770,"-37.8091123216061, 144.96154304054355"
2026-08-10T20:09:39+10:00,2026-08-10T19:41:47+10:00,7308,Unoccupied,67773,"-37.8091993488177, 144.96123895349604"
2026-08-10T20:09:39+10:00,2026-08-10T18:26:14+10:00,,Unoccupied,57114,"-37.81492631282012, 144.9551849496038"
2026-08-10T20:09:39+10:00,2026-08-10T14:18:05+10:00,,Unoccupied,57115,"-37.814875534090376, 144.95516156232162"
2026-08-10T20:09:39+10:00,2026-02-12T11:51:27+11:00,,Present,60834,"-37.81444498555172, 144.97396859614634"
2026-08-10T20:09:39+10:00,2026-02-28T07:20:47+11:00,,Present,64831,"-37.81528004410682, 144.95563911907723"
2026-08-10T20:09:39+10:00,2026-07-31T10:19:58+10:00,7308,Unoccupied,67771,"-37.809163164326236, 144.96136436000236"
2026-08-10T20:09:39+10:00,2026-08-09T03:34:06+10:00,7308,Unoccupied,67739,"-37.80909781326551, 144.9611853732565"
